lag_1,lag_2,lag_4,lag_8,ma_4,ma_8,std_4,wow_change,avg_basket,avg_unit_price,total_quantity,avg_margin,n_orders,category_encoded,category_target_enc,revenue,week_start,category
114642.4,495304.3,287779.25,213990.0,263365.7375,321755.55625,171361.30700962117,3.823000914146948,138230.1,34073.5,17,0.12996064103922356,4,0,440851.4908653846,552920.4,2023-12-04,Beauty
552920.4,114642.4,155737.0,80515.4,329651.025,364121.85625,226395.68476983506,-0.4489580236142491,101560.78333333333,42936.333333333336,8,0.13088508160286283,3,0,440851.4908653846,304682.35,2023-12-11,Beauty
304682.35,552920.4,495304.3,772355.95,366887.3625,392142.725,198826.71313240496,-0.6003280137494016,121773.0,40591.0,3,0.1896314453942977,1,0,440851.4908653846,121773.0,2023-12-18,Beauty
121773.0,304682.35,114642.4,453720.15,273504.5375,310819.85624999995,205997.50679080802,-0.773861200758789,27537.6,11474.0,3,0.12324131369472564,1,0,440851.4908653846,27537.6,2023-12-25,Beauty
27537.6,121773.0,552920.4,287779.25,251728.3375,257547.0375,231423.61049122812,35.132173827784555,142141.90714285715,43527.857142857145,25,0.11603799627401508,7,0,440851.4908653846,994993.35,2024-01-01,Beauty
994993.35,27537.6,304682.35,155737.0,362246.57499999995,345948.8,437241.2604392768,-0.7607516673352641,59512.625,43550.75,10,0.15381734012918602,4,0,440851.4908653846,238050.5,2024-01-08,Beauty
238050.5,994993.35,121773.0,495304.3,345588.61249999993,356237.9875,441414.70813681616,0.21155154053446656,57682.090000000004,20667.2,13,0.16664589429549265,5,0,440851.4908653846,288410.45,2024-01-15,Beauty
288410.45,238050.5,27537.6,114642.4,387247.975,330376.25625000003,420624.43169294245,-0.844608959210736,44816.4,24898.0,2,0.19996719950731875,1,0,440851.4908653846,44816.4,2024-01-22,Beauty
44816.4,288410.45,994993.35,552920.4,391567.675,321648.00625,415759.517050026,7.9776242625467475,80468.96,35661.6,13,0.14915102180011036,5,0,440851.4908653846,402344.80000000005,2024-01-29,Beauty
402344.80000000005,44816.4,238050.5,304682.35,243405.53750000003,302826.05624999997,149168.1973174319,-0.5530731352809829,89909.35,33394.0,5,0.1525190313526467,2,0,440851.4908653846,179818.7,2024-02-05,Beauty
179818.7,402344.80000000005,288410.45,121773.0,228847.58750000002,287218.1,152665.56817284407,0.33980336861516625,80307.23333333334,32765.666666666668,9,0.10252642117624199,3,0,440851.4908653846,240921.7,2024-02-12,Beauty
240921.7,179818.7,44816.4,27537.6,216975.40000000002,302111.6875,148272.92557526028,2.2578516173511973,156977.43,53462.6,14,0.17292269043919617,5,0,440851.4908653846,784887.15,2024-02-19,Beauty
784887.15,240921.7,402344.80000000005,994993.35,401993.0875,396780.38125000003,271976.3697649803,-0.09422876906571864,142185.63999999998,39586.2,18,0.09267900283090313,5,0,440851.4908653846,710928.2,2024-02-26,Beauty
710928.2,784887.15,179818.7,238050.5,479138.9375,361272.23750000005,312808.9344826044,-0.6981750055772158,71525.3,28896.0,9,0.13655466684691028,3,0,440851.4908653846,214575.9,2024-03-04,Beauty
214575.9,710928.2,240921.7,288410.45,487828.2375,358337.91250000003,302019.46348573675,0.14312674442936046,81762.48333333332,43777.666666666664,6,0.16871766822065537,3,0,440851.4908653846,245287.44999999998,2024-03-11,Beauty
245287.44999999998,214575.9,784887.15,44816.4,488919.675,352947.5375,300835.3366712165,0.1475432191903827,70369.4875,47994.25,7,0.15664588202607915,4,0,440851.4908653846,281477.95,2024-03-18,Beauty
281477.95,245287.44999999998,710928.2,402344.80000000005,363067.375,382530.23125,233513.60896972177,-0.2570016585668612,52284.4125,53270.5,8,0.1684509465732494,4,0,440851.4908653846,209137.65,2024-03-25,Beauty
209137.65,281477.95,214575.9,179818.7,237619.73750000002,358379.3375,33289.55979363356,2.0751638932540364,107188.75833333335,44840.833333333336,18,0.17696982737931913,6,0,440851.4908653846,643132.55,2024-04-01,Beauty
643132.55,209137.65,245287.44999999998,240921.7,344758.9,416293.56875,201096.16809202667,0.5929296379105675,128058.1125,41480.25,23,0.15585859559962154,8,0,440851.4908653846,1024464.9,2024-04-08,Beauty
1024464.9,643132.55,281477.95,784887.15,539553.2625000001,514236.46875,374897.9011622862,-0.6802177409884906,109201.90000000001,39874.0,10,0.10797048429199342,3,0,440851.4908653846,327605.7,2024-04-15,Beauty
327605.7,1024464.9,209137.65,710928.2,551085.2000000001,457076.2875,364889.1470412007,0.909270809390679,104248.0,49035.833333333336,14,0.13195189226772,6,0,440851.4908653846,625488.0,2024-04-22,Beauty
625488.0,327605.7,643132.55,214575.9,655172.7875000001,446396.26249999995,285600.5456903762,-0.14885905085309403,106475.68999999999,41166.6,18,0.1640712069614885,5,0,440851.4908653846,532378.45,2024-04-29,Beauty
532378.45,625488.0,1024464.9,245287.44999999998,627484.2625000001,486121.58125,292443.6580677988,-0.3112878629854382,183327.75,56341.5,8,0.12308224673245362,2,0,440851.4908653846,366655.5,2024-05-06,Beauty
366655.5,532378.45,327605.7,281477.95,463031.91250000003,501292.5875,140035.22717220322,-0.49868200531561646,45952.75,17342.0,14,0.12931109446281325,4,0,440851.4908653846,183811.0,2024-05-13,Beauty
183811.0,366655.5,625488.0,209137.65,427083.23750000005,489084.21875,194323.11970506463,0.8478374526007695,84913.21250000001,39262.25,10,0.190486667231267,4,0,440851.4908653846,339652.85000000003,2024-05-20,Beauty
339652.85000000003,183811.0,532378.45,643132.55,355624.45000000007,505398.61875,142756.91949086584,0.2740284675956641,144242.46666666667,41343.333333333336,11,0.12885298152666783,3,0,440851.4908653846,432727.4,2024-05-27,Beauty
432727.4,339652.85000000003,366655.5,1024464.9,330711.68750000006,479097.97500000003,105449.70306381698,-0.8910411034753057,47149.5,55470.0,1,0.09076193809053987,1,0,440851.4908653846,47149.5,2024-06-03,Beauty
47149.5,432727.4,183811.0,327605.7,250835.18750000006,356933.55,170248.30409580335,4.948595425190087,140236.65,35528.5,7,0.15676622998349385,2,0,440851.4908653846,280473.3,2024-06-10,Beauty
280473.3,47149.5,339652.85000000003,625488.0,275000.76250000007,351042.0,164320.55165103,-0.4955929851433273,70736.35,22062.0,8,0.10498415874198365,2,0,440851.4908653846,141472.7,2024-06-17,Beauty
141472.7,280473.3,432727.4,532378.45,225455.72500000003,290540.0875,168161.37009639182,1.7147852553884952,128022.66666666667,43762.666666666664,8,0.1506499702413526,3,0,440851.4908653846,384068.0,2024-06-24,Beauty
384068.0,141472.7,47149.5,366655.5,213290.87500000006,272001.28125,148816.56650539837,1.5495469552266785,122399.925,52300.0,21,0.14954544894348665,8,0,440851.4908653846,979199.4,2024-07-01,Beauty
979199.4,384068.0,280473.3,183811.0,446303.3500000001,348569.26875000005,368905.03274675354,-0.733782312366613,86893.40000000001,46918.333333333336,7,0.12745369216797825,3,0,440851.4908653846,260680.2,2024-07-08,Beauty
260680.2,979199.4,141472.7,339652.85000000003,441355.07500000007,358177.91875,371990.6702184287,1.1638256376970708,141016.625,45010.75,14,0.15050209952953505,4,0,440851.4908653846,564066.5,2024-07-15,Beauty
564066.5,260680.2,384068.0,432727.4,547003.5250000001,386229.625,313907.3383600897,-0.3782686970419268,116899.26666666666,48630.333333333336,9,0.17862765268446826,3,0,440851.4908653846,350697.8,2024-07-22,Beauty
350697.8,564066.5,979199.4,47149.5,538660.9750000001,375975.925,320064.061831215,0.09840894354056395,96302.4,31576.25,13,0.15413921214082962,4,0,440851.4908653846,385209.6,2024-07-29,Beauty
385209.6,350697.8,260680.2,280473.3,390163.5250000001,418233.4375,127266.46715924745,0.2751574727109607,163734.30000000002,40652.333333333336,13,0.19449324206686783,3,0,440851.4908653846,491202.9,2024-08-05,Beauty
491202.9,385209.6,564066.5,141472.7,447794.20000000007,444574.6375,97891.27648076374,0.44582544199148666,118365.60833333334,36864.333333333336,24,0.170006260077354,6,0,440851.4908653846,710193.65,2024-08-12,Beauty
710193.65,491202.9,350697.8,384068.0,484325.98750000005,515664.75625,162012.3901170647,-0.568484454908883,153229.8,60237.0,6,0.1895097837401,2,0,440851.4908653846,306459.6,2024-08-19,Beauty
306459.6,710193.65,385209.6,979199.4,473266.4375,505963.70625,175152.07523491015,0.9659904600802196,86070.95,37884.42857142857,19,0.16015425945882544,7,0,440851.4908653846,602496.65,2024-08-26,Beauty
602496.65,306459.6,491202.9,260680.2,527588.2000000001,458875.86250000005,172412.078120178,-0.8385903058548126,48624.4,24748.5,5,0.18302784000375427,2,0,440851.4908653846,97248.8,2024-09-02,Beauty
97248.8,602496.65,710193.65,564066.5,429099.67500000005,438446.9375,279431.521101159,7.900271262987307,108192.5875,48221.75,22,0.14408620898549304,8,0,440851.4908653846,865540.7,2024-09-09,Beauty
865540.7,97248.8,306459.6,350697.8,467936.43750000006,476131.2125,336491.5521428667,-0.6317670561303472,106240.2,44631.333333333336,8,0.13141321328848632,3,0,440851.4908653846,318720.6,2024-09-16,Beauty
318720.6,865540.7,602496.65,385209.6,471001.6875000001,472134.0625,334580.6868664726,-0.30176838271514295,55635.2,42256.0,6,0.1587598588685289,4,0,440851.4908653846,222540.8,2024-09-23,Beauty
222540.8,318720.6,97248.8,491202.9,376012.72500000003,451800.4625,338714.719461293,0.0023874273841022475,74357.36666666667,37528.333333333336,6,0.16315805359363597,3,0,440851.4908653846,223072.1,2024-09-30,Beauty
223072.1,222540.8,865540.7,710193.65,407468.55000000005,418284.1125,308710.5530684527,1.688317364654746,119937.72,36474.8,16,0.14031020179314632,5,0,440851.4908653846,599688.6,2024-10-07,Beauty
599688.6,223072.1,318720.6,306459.6,341005.525,404470.98125,178284.1692124002,0.621922527791924,108072.04999999999,45537.333333333336,22,0.12345542131107456,9,0,440851.4908653846,972648.45,2024-10-14,Beauty
972648.45,599688.6,222540.8,602496.65,504487.48750000005,487744.5875,359131.5884854101,0.06545499558447876,148044.73571428572,44041.28571428572,24,0.15488194355197002,7,0,440851.4908653846,1036313.15,2024-10-21,Beauty
1036313.15,972648.45,223072.1,97248.8,707930.5750000001,541971.6499999999,376259.9876146691,-0.609642268845088,80906.56999999999,32530.4,12,0.17045069190641599,5,0,440851.4908653846,404532.85,2024-10-28,Beauty
404532.85,1036313.15,599688.6,865540.7,753295.7625,580382.15625,301907.9178864433,-0.6977016823232032,122289.6,50954.0,3,0.08259737541050029,1,0,440851.4908653846,122289.6,2024-11-04,Beauty
122289.6,404532.85,972648.45,318720.6,633946.0125000001,487475.76875,443862.3428079953,2.1633254176970076,193420.9,49989.5,9,0.14677327353161015,2,0,440851.4908653846,386841.8,2024-11-11,Beauty
386841.8,122289.6,1036313.15,222540.8,487494.3500000001,495990.91875,387982.01460022817,0.4840941439110251,143527.4125,51266.75,12,0.15019978329327072,4,0,440851.4908653846,574109.65,2024-11-18,Beauty
574109.65,386841.8,404532.85,223072.1,371943.4750000001,539937.025,186621.04835498615,-0.5007534710486055,71655.5625,38130.25,8,0.1295761179397506,4,0,440851.4908653846,286622.25,2024-11-25,Beauty
286622.25,574109.65,122289.6,599688.6,342465.82500000007,547880.7937500001,189053.92858640646,0.7556016673513657,167731.5,45264.333333333336,12,0.12588137578018774,3,0,440851.4908653846,503194.5,2024-12-02,Beauty
503194.5,286622.25,386841.8,972648.45,437692.05000000005,535819.03125,126896.49974535,-0.33315725827686915,111850.53333333333,41568.666666666664,9,0.1894956594584957,3,0,440851.4908653846,335551.6,2024-12-09,Beauty
335551.6,503194.5,574109.65,1036313.15,424869.50000000006,456181.925,136011.5404294734,0.610034343451201,108049.92,53224.6,12,0.12730094114827098,5,0,440851.4908653846,540249.6,2024-12-16,Beauty
540249.6,335551.6,286622.25,404532.85,416404.48750000005,394173.98125,124164.8591557231,-0.4869987872272371,69287.175,39836.75,9,0.17192422835190885,4,0,440851.4908653846,277148.7,2024-12-23,Beauty
277148.7,540249.6,503194.5,122289.6,414036.10000000003,378250.96249999997,127510.84253482104,1.2024992359697158,152604.95,53128.75,14,0.1754742717680451,4,0,440851.4908653846,610419.8,2024-12-30,Beauty
610419.8,277148.7,335551.6,386841.8,440842.4250000001,439267.2375,159708.1358676167,0.789396821662731,182047.20833333334,45762.333333333336,25,0.13714987481085542,6,0,440851.4908653846,1092283.25,2025-01-06,Beauty
1092283.25,610419.8,540249.6,574109.65,630025.3375000001,527447.41875,339925.65810114867,-0.850708138204994,81534.5,37197.0,7,0.1748151240125449,2,0,440851.4908653846,163069.0,2025-01-13,Beauty
163069.0,1092283.25,277148.7,286622.25,535730.1875,476067.3375,416761.56090349465,2.7233033255861017,101192.55833333333,47773.0,14,0.12632366390531555,6,0,440851.4908653846,607155.35,2025-01-20,Beauty
607155.35,163069.0,610419.8,503194.5,618231.8500000001,516133.97500000003,379509.18602827657,-0.6516038275871241,70510.2,22627.333333333332,9,0.11828481768909614,3,0,440851.4908653846,211530.6,2025-01-27,Beauty
211530.6,607155.35,1092283.25,335551.6,518509.55000000005,479675.98750000005,431141.27498873457,1.1038847334617308,222518.0,51837.5,10,0.10446866091103255,2,0,440851.4908653846,445036.0,2025-02-03,Beauty
445036.0,211530.6,163069.0,540249.6,356697.73750000005,493361.5375,207443.36582668085,-0.817177149713731,81362.75,17129.0,5,0.06533026477104,1,0,440851.4908653846,81362.75,2025-02-10,Beauty
81362.75,445036.0,607155.35,277148.7,336271.17500000005,436000.68125,235050.7318360741,3.8922535189629164,132682.4,37315.333333333336,11,0.10238570798300765,3,0,440851.4908653846,398047.2,2025-02-17,Beauty
398047.2,81362.75,211530.6,610419.8,283994.13750000007,451112.99375,168575.42922016277,1.1005513918952325,92902.06666666667,45412.444444444445,21,0.13425966248771076,9,0,440851.4908653846,836118.6,2025-02-24,Beauty
836118.6,398047.2,445036.0,1092283.25,440141.13750000007,479325.34375,309470.483998171,-0.2666350802386168,122636.01000000001,39518.6,17,0.1953878749496257,5,0,440851.4908653846,613180.05,2025-03-03,Beauty
613180.05,836118.6,81362.75,163069.0,482177.15,419437.44375,321541.25788710994,-0.5389372990853176,94238.15000000001,62002.333333333336,7,0.0929485601963127,3,0,440851.4908653846,282714.45,2025-03-10,Beauty
282714.45,613180.05,398047.2,607155.35,532515.0750000001,434393.125,244379.41828338878,0.22600878731172047,115536.8,50067.333333333336,7,0.14863148360497067,3,0,440851.4908653846,346610.4,2025-03-17,Beauty
346610.4,282714.45,836118.6,211530.6,519655.87500000006,401825.00625,254938.81810012276,-0.5985013721457868,69581.79999999999,29546.0,5,0.13047143683270168,2,0,440851.4908653846,139163.59999999998,2025-03-24,Beauty
139163.59999999998,346610.4,613180.05,445036.0,345417.12500000006,392779.13125,198469.6029932225,4.74853589588082,159997.38999999998,46249.4,19,0.1608869207688437,5,0,440851.4908653846,799986.95,2025-03-31,Beauty
799986.95,139163.59999999998,282714.45,81362.75,392118.85000000003,437148.0,285413.78573393787,-0.7350038022495242,42398.7,21790.4,15,0.11742568783893788,5,0,440851.4908653846,211993.5,2025-04-07,Beauty
211993.5,799986.95,346610.4,398047.2,374438.61250000005,453476.84375,296427.92437171604,3.104903688084776,124316.12857142858,40638.857142857145,24,0.14485510805240034,7,0,440851.4908653846,870212.9,2025-04-14,Beauty
870212.9,211993.5,139163.59999999998,836118.6,505339.23750000005,512497.55625,383008.4347528989,-0.8461841923970559,133852.5,29745.0,5,0.1702202050764822,1,0,440851.4908653846,133852.5,2025-04-21,Beauty
133852.5,870212.9,799986.95,613180.05,504011.4625,424714.29375,384706.4378499779,1.7268620309669225,91249.325,45428.75,9,0.18876664425285525,4,0,440851.4908653846,364997.3,2025-04-28,Beauty
364997.3,133852.5,211993.5,282714.45,395264.05000000005,393691.44999999995,330865.8233799061,1.6565845829544492,121205.775,52025.0,18,0.12571864003829109,8,0,440851.4908653846,969646.2,2025-05-05,Beauty
969646.2,364997.3,870212.9,346610.4,584677.2250000001,479557.91874999995,400513.8098033523,-0.7037860304098547,71805.6875,42050.75,8,0.12908437240515028,4,0,440851.4908653846,287222.75,2025-05-12,Beauty
287222.75,969646.2,133852.5,139163.59999999998,438929.68750000006,472134.4625,366612.01097806916,-0.8917634484037215,31088.0,31088.0,1,0.08672767627380061,1,0,440851.4908653846,31088.0,2025-05-19,Beauty
31088.0,287222.75,364997.3,799986.95,413238.5625,458625.01249999995,397423.2487307147,26.779705995882654,123373.64285714286,39757.0,27,0.1345766500667929,7,0,440851.4908653846,863615.5,2025-05-26,Beauty
863615.5,31088.0,969646.2,211993.5,537893.1125,466578.58124999993,451734.7507024086,-0.08346561635357397,131922.21666666667,38931.166666666664,21,0.1413212194079461,6,0,440851.4908653846,791533.3,2025-06-02,Beauty
791533.3,863615.5,287222.75,870212.9,493364.88750000007,539021.0562499999,400909.1417595562,0.4315429938323503,161873.42142857143,45566.42857142857,22,0.13736379676407384,7,0,440851.4908653846,1133113.95,2025-06-09,Beauty
1133113.95,791533.3,31088.0,133852.5,704837.6875,571883.6875,472611.79326389794,-0.7524379608952833,280516.0,73820.0,4,0.09044796018765386,1,0,440851.4908653846,280516.0,2025-06-16,Beauty
280516.0,1133113.95,863615.5,364997.3,767194.6875,590216.625,356203.30930376094,-0.2424752955268149,53124.45,36226.5,8,0.1637150534877746,4,0,440851.4908653846,212497.8,2025-06-23,Beauty
212497.8,280516.0,791533.3,969646.2,604415.2625000001,571154.1875,437052.8159473624,2.4053326669734933,180906.425,51329.5,15,0.18421176473584427,4,0,440851.4908653846,723625.7,2025-06-30,Beauty
723625.7,212497.8,1133113.95,287222.75,587438.3625,540401.625,428598.7244106104,0.4328485016494026,148120.85714285713,44210.28571428572,24,0.173152127416561,7,0,440851.4908653846,1036846.0,2025-07-07,Beauty
1036846.0,723625.7,280516.0,31088.0,563371.375,634104.53125,388578.21949588123,-0.5730571367396894,88534.8,27195.0,19,0.12416744908372399,5,0,440851.4908653846,442674.0,2025-07-14,Beauty
442674.0,1036846.0,212497.8,863615.5,603910.875,685552.78125,356354.68610373186,-0.30710500277856845,102242.2,39070.333333333336,10,0.12596449946530608,3,0,440851.4908653846,306726.6,2025-07-21,Beauty
306726.6,442674.0,723625.7,791533.3,627468.0750000001,615941.66875,323450.41776817857,0.0749679030119983,164860.625,37875.5,7,0.13493709978660884,2,0,440851.4908653846,329721.25,2025-07-28,Beauty
329721.25,306726.6,1036846.0,1133113.95,528991.9625,558215.1625,343742.74406049505,1.0653057696463297,170243.8,64569.5,13,0.18447225339694315,4,0,440851.4908653846,680975.2,2025-08-04,Beauty
680975.2,329721.25,442674.0,280516.0,440024.26250000007,501697.81875,171269.18071220204,-0.6354061058317542,124139.7,45591.0,6,0.21150438375380687,2,0,440851.4908653846,248279.4,2025-08-11,Beauty
248279.4,680975.2,306726.6,212497.8,391425.61250000005,497668.24374999997,196053.69404368248,0.37024235599087163,113400.98333333334,58697.333333333336,8,0.1325633927812164,3,0,440851.4908653846,340202.95,2025-08-18,Beauty
340202.95,248279.4,329721.25,723625.7,399794.7,513631.38749999995,191903.4694642984,2.212084727660357,136595.0875,44246.0,26,0.13504901195758903,8,0,440851.4908653846,1092760.7,2025-08-25,Beauty
1092760.7,340202.95,680975.2,1036846.0,590554.5625,559773.2625,383064.4475691295,-0.5529176698979017,162851.33333333334,48052.666666666664,11,0.13272736050103903,3,0,440851.4908653846,488554.0,2025-09-01,Beauty
488554.0,1092760.7,248279.4,442674.0,542449.2625,491236.76249999995,379994.23525731586,-0.6851130069552189,51279.76666666666,24742.333333333332,7,0.11432280701860359,3,0,440851.4908653846,153839.3,2025-09-08,Beauty
153839.3,488554.0,340202.95,306726.6,518839.23750000005,455132.42499999993,406381.9706939752,1.02851287024837,104021.66666666667,28438.666666666668,12,0.1239158177049162,3,0,440851.4908653846,312065.0,2025-09-15,Beauty
312065.0,153839.3,1092760.7,329721.25,511804.75000000006,455799.725,410725.230269471,-0.574357906205438,44276.0,17512.0,7,0.11509041298503138,3,0,440851.4908653846,132828.0,2025-09-22,Beauty
132828.0,312065.0,488554.0,680975.2,271821.57500000007,431188.06875,165158.0136390263,3.669808699972897,155070.3375,45393.25,16,0.1295345930176683,4,0,440851.4908653846,620281.35,2025-09-29,Beauty
792571.05,230526.9,356142.85,263736.0,365142.625,364168.275,306293.55432458495,-0.18489017483038284,107672.075,44278.333333333336,14,0.17920169143592127,6,1,492348.8214285714,646032.45,2023-11-27,Books
646032.45,792571.05,81329.7,704756.9,437615.02499999997,411955.33125,336281.7900976315,-0.14398015146143195,110603.31999999999,28640.4,23,0.1823272212187868,5,1,492348.8214285714,553016.6,2023-12-04,Books
553016.6,646032.45,230526.9,390420.9,555536.75,392987.79375,238056.35526630044,0.14852230475540895,211717.30000000002,52154.333333333336,14,0.16235651070325044,3,1,492348.8214285714,635151.9,2023-12-11,Books
635151.9,553016.6,792571.05,93861.9,656693.0,423579.16875,99648.22578162183,-0.6272284629865706,59191.6375,36132.5,9,0.20685040055112572,4,1,492348.8214285714,236766.55,2023-12-18,Books
236766.55,635151.9,646032.45,356142.85,517741.875,441442.25,191863.688667252,-0.2210960543201732,92209.2,29633.5,7,0.12758116983840992,2,1,492348.8214285714,184418.4,2023-12-25,Books
184418.4,236766.55,553016.6,81329.7,402338.3625,419976.69375000003,224951.26112849935,5.2729963496050285,128539.54999999999,43114.0,29,0.1353603404172518,9,1,492348.8214285714,1156855.95,2024-01-01,Books
1156855.95,184418.4,635151.9,230526.9,553298.2,554417.475,449906.1302421929,-0.6167140342753996,73901.10833333334,33411.833333333336,15,0.14534477980955804,6,1,492348.8214285714,443406.65,2024-01-08,Books
443406.65,1156855.95,236766.55,792571.05,505361.88749999995,581027.44375,448490.48389080935,0.5276288706991652,96765.82857142857,43023.57142857143,18,0.10012388869947506,7,1,492348.8214285714,677360.8,2024-01-15,Books
677360.8,443406.65,184418.4,646032.45,615510.45,566626.1625,413255.56649326783,-0.4082432877721889,66805.46666666666,37385.833333333336,14,0.1303634443823726,6,1,492348.8214285714,400832.8,2024-01-22,Books
400832.8,677360.8,1156855.95,553016.6,669614.05,535976.20625,346832.2502389761,-0.2417337104149161,60787.6,36051.0,12,0.16500963134307284,5,1,492348.8214285714,303938.0,2024-01-29,Books
303938.0,400832.8,443406.65,635151.9,456384.5625,504841.38125000003,158455.96284923778,1.0284201054162359,123302.79,43692.6,17,0.17438437656661637,5,1,492348.8214285714,616513.95,2024-02-05,Books
616513.95,303938.0,677360.8,236766.55,499661.3875,502511.6375,176357.90946007316,-0.9176793971977438,50751.8,14927.0,4,0.09797248570493858,1,1,492348.8214285714,50751.8,2024-02-12,Books
50751.8,616513.95,400832.8,184418.4,343009.1375,479259.79374999995,234584.28727837323,13.056289629136305,178345.5,45101.75,15,0.16732949591500618,4,1,492348.8214285714,713382.0,2024-02-19,Books
713382.0,50751.8,303938.0,1156855.95,421146.4375,545380.24375,302489.72116975975,-0.33325707685363515,95128.48000000001,35201.6,19,0.13029046203594247,5,1,492348.8214285714,475642.4,2024-02-26,Books
475642.4,713382.0,616513.95,443406.65,464072.5375,460228.55,292324.8684271474,0.31055179269131594,124670.8,30183.6,21,0.14029550323359175,5,1,492348.8214285714,623354.0,2024-03-04,Books
623354.0,475642.4,50751.8,677360.8,465782.55000000005,482721.96875,293531.36662770825,0.2671544579805376,131647.63333333333,48089.166666666664,17,0.14961580278571288,6,1,492348.8214285714,789885.8,2024-03-11,Books
789885.8,623354.0,713382.0,400832.8,650566.05,496787.59375,135024.2142592583,-0.6920415584126212,243252.0,54056.0,5,0.14101881998914648,1,1,492348.8214285714,243252.0,2024-03-18,Books
243252.0,789885.8,475642.4,303938.0,533033.55,477089.99374999997,231946.79909912552,-0.5744018548665581,51763.8,13892.0,9,0.17044900582438127,2,1,492348.8214285714,103527.6,2024-03-25,Books
103527.6,243252.0,623354.0,616513.95,440004.85000000003,452038.69375,320396.7403752782,1.4896230570398616,51548.94,31065.6,11,0.10888355815067145,5,1,492348.8214285714,257744.7,2024-04-01,Books
257744.7,103527.6,789885.8,50751.8,348602.52499999997,407192.53750000003,302294.8478665533,1.7156319800174358,139987.95,40714.0,17,0.11611500503097702,5,1,492348.8214285714,699939.75,2024-04-08,Books
699939.75,257744.7,243252.0,713382.0,326116.0125,488341.03125000006,258734.65754083023,-0.267831266905473,128118.5,65220.0,9,0.0937297789466013,4,1,492348.8214285714,512474.0,2024-04-15,Books
512474.0,699939.75,103527.6,475642.4,393421.5125,463227.53125,264936.2204095935,-0.14680178896880614,87448.38,35958.0,15,0.14888632958946615,5,1,492348.8214285714,437241.9,2024-04-22,Books
437241.9,512474.0,257744.7,623354.0,476850.0875,458427.46875,183133.8672526486,-0.315614651752268,74810.4875,39689.75,10,0.1360125467490813,4,1,492348.8214285714,299241.95,2024-04-29,Books
299241.95,437241.9,699939.75,789885.8,487224.4,417913.4625,167053.89772968012,1.4562856243919011,147004.74000000002,63074.2,12,0.15281610138581328,5,1,492348.8214285714,735023.7000000001,2024-05-06,Books
735023.7000000001,299241.95,512474.0,243252.0,495995.3875,411055.70000000007,182181.1976284437,0.3237299014984141,162162.14166666666,56329.833333333336,19,0.1393566858120697,6,1,492348.8214285714,972972.85,2024-05-13,Books
972972.85,735023.7000000001,437241.9,103527.6,611120.1,502270.80625,302098.83794225653,0.12951142470213828,137372.99375,49857.25,26,0.1390873593987355,8,1,492348.8214285714,1098983.95,2024-05-20,Books
1098983.95,972972.85,299241.95,257744.7,776555.6125,626702.8500000001,352180.3497145637,-0.6482117868964328,64434.93333333333,32464.166666666668,13,0.13023050786160148,6,1,492348.8214285714,386609.6,2024-05-27,Books
386609.6,1098983.95,735023.7000000001,699939.75,798397.525,642810.9625,313270.0006193128,1.4136519113855424,116642.625,38708.625,29,0.13829540117602468,8,1,492348.8214285714,933141.0,2024-06-03,Books
933141.0,386609.6,972972.85,512474.0,847926.8500000001,671961.11875,315563.6365215925,-0.9227316664898445,36051.125,10255.5,8,0.20358351608198977,2,1,492348.8214285714,72102.25,2024-06-10,Books
72102.25,933141.0,1098983.95,437241.9,622709.2000000001,616914.65,476835.60215489543,9.474157186495567,125868.38333333335,41525.666666666664,19,0.17693687189238436,6,1,492348.8214285714,755210.3,2024-06-17,Books
755210.3,72102.25,386609.6,299241.95,536765.7875,656660.7000000001,384400.13781316124,0.032547622827707734,155958.12,48031.6,14,0.1593578793116825,5,1,492348.8214285714,779790.6,2024-06-24,Books
779790.6,755210.3,933141.0,735023.7000000001,635061.0375,716729.28125,383473.924366967,-0.3128281489928193,76550.02142857143,35509.57142857143,20,0.12103614621531902,7,1,492348.8214285714,535850.15,2024-07-01,Books
535850.15,779790.6,72102.25,972972.85,535738.325,691832.5875,327967.418752388,0.07637583007114945,144194.0375,47802.5,14,0.13612685507130853,4,1,492348.8214285714,576776.15,2024-07-08,Books
576776.15,535850.15,755210.3,1098983.95,661906.8,642308.0,123476.90741367413,0.48410999657319387,106999.90625,48500.375,21,0.16030451945989377,8,1,492348.8214285714,855999.25,2024-07-15,Books
855999.25,576776.15,779790.6,386609.6,687104.0375000001,611934.9125,155098.21932951827,-0.09842070539197323,154350.24,45668.4,19,0.12682237776342056,5,1,492348.8214285714,771751.2,2024-07-22,Books
771751.2,855999.25,535850.15,933141.0,685094.1875,660077.6125,153541.04573990093,-0.873944089753278,48641.9,19878.5,5,0.10010971570151396,2,1,492348.8214285714,97283.8,2024-07-29,Books
97283.8,771751.2,576776.15,72102.25,575452.6,555595.4625,339552.0167643563,4.679489802001977,92087.05833333333,41245.0,16,0.12902884556310987,6,1,492348.8214285714,552522.35,2024-08-05,Books
552522.35,97283.8,855999.25,755210.3,569389.15,615647.9750000001,339737.00570837385,-0.21835496790310827,71979.39166666668,29996.0,19,0.12765609456791885,6,1,492348.8214285714,431876.35000000003,2024-08-12,Books
431876.35000000003,552522.35,771751.2,779790.6,463358.425,575231.2312500001,281696.0899674224,0.3250661908205901,143066.1875,37396.0,17,0.1384012520144549,4,1,492348.8214285714,572264.75,2024-08-19,Books
572264.75,431876.35000000003,97283.8,535850.15,413486.8125,549290.5,219745.18146268633,-0.3371484090187278,75865.31999999999,34749.8,11,0.17493252956053734,5,1,492348.8214285714,379326.6,2024-08-26,Books
379326.6,572264.75,552522.35,576776.15,483997.51249999995,529725.05625,93379.82307796631,0.08532053908162518,82338.18999999999,34517.4,12,0.15682917537131322,5,1,492348.8214285714,411690.94999999995,2024-09-02,Books
411690.94999999995,379326.6,431876.35000000003,855999.25,448789.6625,509089.40624999994,85114.80265674878,0.2310292465744026,126700.9,41224.0,12,0.17091227663153605,4,1,492348.8214285714,506803.6,2024-09-09,Books
506803.6,411690.94999999995,572264.75,771751.2,467521.475,465439.95,88335.76569031463,-0.8523834479470943,37406.3,28471.0,3,0.1350500780671671,2,1,492348.8214285714,74812.6,2024-09-16,Books
74812.6,506803.6,379326.6,97283.8,343158.4375,378322.625,186899.32134834595,6.197710011415188,134619.84999999998,50962.75,11,0.14608677732887076,4,1,492348.8214285714,538479.3999999999,2024-09-23,Books
538479.3999999999,74812.6,411690.94999999995,552522.35,382946.63749999995,433472.075,212370.59427469145,0.053821093248878515,113492.19000000002,51123.8,13,0.11093877284944735,5,1,492348.8214285714,567460.9500000001,2024-09-30,Books
567460.9500000001,538479.3999999999,506803.6,431876.35000000003,421889.13749999995,435339.4,232706.56109430097,-0.0302804977153055,183425.9833333333,54206.666666666664,11,0.1477981536729366,3,1,492348.8214285714,550277.95,2024-10-07,Books
550277.95,567460.9500000001,74812.6,572264.75,432757.725,450139.6,238926.5906685723,0.6867221374216432,103129.55555555556,40096.333333333336,24,0.17292687198916554,9,1,492348.8214285714,928166.0,2024-10-14,Books
928166.0,550277.95,538479.3999999999,379326.6,646096.075,494627.25625,188422.74039142445,-0.8061284296128064,59981.666666666664,52446.0,4,0.1489886731367099,3,1,492348.8214285714,179945.0,2024-10-21,Books
179945.0,928166.0,567460.9500000001,411690.94999999995,556462.475,469704.55624999997,305553.123738793,-0.07729806329711852,83017.8,39076.0,5,0.14743208031037708,2,1,492348.8214285714,166035.6,2024-10-28,Books
166035.6,179945.0,550277.95,506803.6,456106.13749999995,438997.6375,361531.3424144058,-0.6823524593520908,52740.8,65926.0,1,0.08788983102266011,1,1,492348.8214285714,52740.8,2024-11-04,Books
52740.8,166035.6,928166.0,74812.6,331721.85000000003,382239.7875,401689.8455123929,9.488758228923338,184395.16666666666,41893.333333333336,14,0.16218545342552174,3,1,492348.8214285714,553185.5,2024-11-11,Books
553185.5,52740.8,179945.0,538479.3999999999,237976.725,442036.39999999997,217724.69337854764,1.2382395236317651,206360.275,49009.5,26,0.1538177431760623,6,1,492348.8214285714,1238161.65,2024-11-18,Books
1238161.65,553185.5,166035.6,567460.9500000001,502530.88749999995,529496.6812499999,535181.8101750787,-0.7304824051043739,166853.175,44564.0,6,0.16270289707745322,2,1,492348.8214285714,333706.35,2024-11-25,Books
333706.35,1238161.65,52740.8,550277.95,544448.575,500277.35624999995,505800.6806631153,1.648986751375873,110497.9625,43994.25,25,0.15455927471183867,8,1,492348.8214285714,883983.7,2024-12-02,Books
883983.7,333706.35,553185.5,928166.0,752259.2999999999,541990.575,395082.00038769364,-0.592162389419624,60086.96666666667,37115.333333333336,10,0.1524658463375995,6,1,492348.8214285714,360521.8,2024-12-09,Books
360521.8,883983.7,1238161.65,179945.0,704093.375,471035.05,436965.83650838275,1.6638831549160136,160064.65833333333,52391.666666666664,21,0.14952974736353966,6,1,492348.8214285714,960387.95,2024-12-16,Books
960387.95,360521.8,333706.35,166035.6,634649.95,568590.41875,333659.4354210316,-0.7745600618999853,108254.9,31501.5,7,0.10236567671584265,2,1,492348.8214285714,216509.8,2024-12-23,Books
216509.8,960387.95,883983.7,52740.8,605350.8124999999,574899.69375,371854.0185630788,-0.21287997125303326,170419.2,71008.0,3,0.09953649588778671,1,1,492348.8214285714,170419.2,2024-12-30,Books
170419.2,216509.8,360521.8,553185.5,426959.6875,589609.4937499999,364719.9295371412,5.064632682232987,129191.23125,53557.625,20,0.1339323558394037,8,1,492348.8214285714,1033529.85,2025-01-06,Books
1033529.85,170419.2,960387.95,1238161.65,595211.7,649652.5375,465238.3945546429,-0.3722074403559801,129768.47,49393.6,14,0.14195381781814603,5,1,492348.8214285714,648842.35,2025-01-13,Books
648842.35,1033529.85,216509.8,333706.35,517325.3,575987.625,406036.8124275042,-0.8353421289470393,35612.333333333336,12526.333333333334,9,0.19993515755027388,3,1,492348.8214285714,106837.0,2025-01-20,Books
106837.0,648842.35,170419.2,883983.7,489907.1,547628.95625,435737.4315535082,6.81649241367691,139181.76666666666,46152.833333333336,19,0.1350285662798475,6,1,492348.8214285714,835090.6,2025-01-27,Books
835090.6,106837.0,1033529.85,360521.8,656074.95,541517.31875,398427.5093840345,-0.3143770268758862,114511.46,52355.6,12,0.15976145208949497,5,1,492348.8214285714,572557.3,2025-02-03,Books
572557.3,835090.6,648842.35,960387.95,540831.8125,568021.75625,309630.1632948743,-0.7171605357228001,80970.9,26415.0,8,0.13173906068998542,2,1,492348.8214285714,161941.8,2025-02-10,Books
161941.8,572557.3,106837.0,216509.8,419106.675,468215.9875,346523.6129663063,0.5923745444350996,128936.0,67768.0,5,0.11579276655164375,2,1,492348.8214285714,257872.0,2025-02-17,Books
257872.0,161941.8,835090.6,170419.2,456865.425,473386.2625,307146.66459807503,1.1640658931562946,111610.4,42435.2,16,0.11110749071350101,5,1,492348.8214285714,558052.0,2025-02-24,Books
558052.0,257872.0,572557.3,1033529.85,387605.775,521840.3625,208976.9239295153,0.39854126497172304,130076.45833333333,46295.833333333336,18,0.14872333244009192,6,1,492348.8214285714,780458.75,2025-03-03,Books
780458.75,558052.0,161941.8,648842.35,439581.13749999995,490206.475,283039.8701853543,-0.7092235816434885,75646.33333333333,27359.666666666668,9,0.1847789193235613,3,1,492348.8214285714,226939.0,2025-03-10,Books
226939.0,780458.75,257872.0,106837.0,455830.4375,437468.55625,262939.550882452,0.13895672405360027,51694.740000000005,29273.0,11,0.1926776787588214,5,1,492348.8214285714,258473.7,2025-03-17,Books
258473.7,226939.0,558052.0,835090.6,455980.8625,456423.14375000005,262788.67974304414,0.5301193119454706,56499.37142857142,28109.428571428572,22,0.11608198964443853,7,1,492348.8214285714,395495.6,2025-03-24,Books
395495.6,258473.7,780458.75,572557.3,415341.76249999995,401473.76875,254170.20194952475,-0.3331164746207037,87916.5,36141.0,9,0.16621898214700873,3,1,492348.8214285714,263749.5,2025-03-31,Books
263749.5,395495.6,226939.0,161941.8,286164.44999999995,362872.79374999995,74677.44395529716,0.013779362614905422,66845.95,31672.25,11,0.1179414611001566,4,1,492348.8214285714,267383.8,2025-04-07,Books
267383.8,263749.5,258473.7,257872.0,296275.64999999997,376053.04375,66247.70519811648,0.9227081072226515,85683.5,31998.833333333332,19,0.17305696781004298,6,1,492348.8214285714,514101.0,2025-04-14,Books
514101.0,267383.8,395495.6,558052.0,360182.475,408081.66875,119511.28521963547,0.08592630630946063,139568.95,47427.25,11,0.10777309751605507,4,1,492348.8214285714,558275.8,2025-04-21,Books
558275.8,514101.0,263749.5,780458.75,400877.52499999997,408109.64375,157287.89116227522,-0.33448673576751853,74307.99,32212.0,11,0.176318951561144,5,1,492348.8214285714,371539.95,2025-04-28,Books
371539.95,558275.8,267383.8,226939.0,427825.13749999995,356994.79375,133379.5897773301,-0.5088633133529786,60825.63333333333,24418.333333333332,11,0.125599627365612,3,1,492348.8214285714,182476.9,2025-05-05,Books
182476.9,371539.95,514101.0,258473.7,406598.41250000003,351437.03125,169334.367801471,5.085920190446024,123393.31666666668,42860.555555555555,28,0.17938193277220277,9,1,492348.8214285714,1110539.85,2025-05-12,Books
1110539.85,182476.9,558275.8,395495.6,555708.125,457945.3,400443.21279436216,-0.0505650922837213,150626.47142857144,46252.0,22,0.14466210512655234,7,1,492348.8214285714,1054385.3,2025-05-19,Books
1054385.3,1110539.85,371539.95,263749.5,679735.5,540306.5125000001,471948.2573802362,-0.5851091626561942,109363.7,45770.5,10,0.20457194599180384,4,1,492348.8214285714,437454.8,2025-05-26,Books
437454.8,1054385.3,182476.9,267383.8,696214.2125,562019.675,458561.0543220251,-0.565842688204587,94962.1,40139.0,6,0.09861818368275782,2,1,492348.8214285714,189924.2,2025-06-02,Books
189924.2,437454.8,1110539.85,514101.0,698076.0375000001,552337.2250000001,455786.64839154255,1.516509481150901,159315.35,49063.0,10,0.18558283084880542,3,1,492348.8214285714,477946.05,2025-06-09,Books
477946.05,189924.2,1054385.3,558275.8,539927.5875,547817.85625,365837.6198903424,0.45876820197593426,99601.78571428571,33494.57142857143,24,0.11100571429322632,7,1,492348.8214285714,697212.5,2025-06-16,Books
697212.5,477946.05,437454.8,371539.95,450634.3875,565184.9437500001,207918.410172141,-0.6786552163077971,112022.79999999999,49041.0,6,0.1419880657722217,2,1,492348.8214285714,224045.59999999998,2025-06-23,Books
224045.59999999998,697212.5,189924.2,182476.9,397282.0875,546748.15,237678.4251170911,1.6683074784775962,149455.6375,48935.5,13,0.1244197200312403,4,1,492348.8214285714,597822.55,2025-06-30,Books
597822.55,224045.59999999998,477946.05,1110539.85,499256.67500000005,598666.3562500001,204203.3454725074,0.43259174482461393,107054.45625,39568.875,23,0.16137335590876375,8,1,492348.8214285714,856435.65,2025-07-07,Books
856435.65,597822.55,697212.5,1054385.3,593879.075,566903.33125,268580.280998446,-0.5789259823548916,180311.4,42987.0,7,0.0931863024788151,2,1,492348.8214285714,360622.8,2025-07-14,Books
360622.8,856435.65,224045.59999999998,437454.8,509731.65,480183.01875000005,277977.000602409,-0.5685099500087072,77802.575,35466.0,7,0.22997232764819092,2,1,492348.8214285714,155605.15,2025-07-21,Books
155605.15,360622.8,597822.55,189924.2,492621.5375,444951.8125,302452.0202336959,0.3212184815219805,68529.46666666666,20877.333333333332,8,0.17702089613827598,3,1,492348.8214285714,205588.4,2025-07-28,Books
205588.4,155605.15,856435.65,477946.05,394563.0,446909.83749999997,320047.15044080885,0.7456291308264473,89720.275,31731.5,13,0.15318397618850593,4,1,492348.8214285714,358881.1,2025-08-04,Books
358881.1,205588.4,360622.8,697212.5,270174.3625,432026.71875,105431.26691357914,1.2366343616311921,100335.72499999999,31637.125,26,0.17135607343688658,8,1,492348.8214285714,802685.7999999999,2025-08-11,Books
802685.7999999999,358881.1,155605.15,224045.59999999998,380690.11249999993,445210.88125,294323.99571384024,-0.21002395956176112,126820.51000000001,45702.8,16,0.16466826031777854,5,1,492348.8214285714,634102.55,2025-08-18,Books
634102.55,802685.7999999999,205588.4,597822.55,500314.4625,496468.0,268448.9560687822,0.08325317411197908,98127.65714285713,33417.28571428572,24,0.1309258068908144,7,1,492348.8214285714,686893.6,2025-08-25,Books
686893.6,634102.55,358881.1,856435.65,620640.7625,507601.88125,188174.71915747772,0.29082357151092975,126665.49285714285,51213.42857142857,20,0.17582434096363667,7,1,492348.8214285714,886658.45,2025-09-01,Books
886658.45,686893.6,802685.7999999999,360622.8,752585.1,511379.73124999995,113782.29380043404,-0.8606462274171074,123559.2,68644.0,2,0.10900418584775468,1,1,492348.8214285714,123559.2,2025-09-08,Books
123559.2,886658.45,634102.55,155605.15,582803.4500000001,481746.78125,324909.9871097096,3.093747774346225,101164.04000000001,34775.0,16,0.18390682703777636,5,1,492348.8214285714,505820.2,2025-09-15,Books
505820.2,123559.2,686893.6,205588.4,550732.8624999999,525523.6625,324489.4615444734,-0.7841114293181648,36400.26666666666,21977.333333333332,6,0.13490213834828377,3,1,492348.8214285714,109200.79999999999,2025-09-22,Books
109200.79999999999,505820.2,886658.45,358881.1,406309.6625,513475.2125,369169.70124242635,-0.5167343096387571,17591.0,8917.0,8,0.15830235091103464,3,1,492348.8214285714,52773.0,2025-09-29,Books
221209.0,1036804.9,161116.8,139756.5,442366.0375,476697.33125,404078.8401794659,3.1498960259302287,131142.05,44792.71428571428,23,0.17080008862525928,7,2,488053.2971153846,917994.35,2023-11-27,Clothing
917994.35,221209.0,350333.45,806254.1000000001,631585.425,573977.0625,405686.40552201256,-0.22040064843536344,119277.96666666667,50655.333333333336,15,0.1480133986719684,6,2,488053.2971153846,715667.8,2023-12-04,Clothing
715667.8,917994.35,1036804.9,512651.2,722919.0125,562653.775,359788.9447986008,0.25753310404631846,99997.32777777777,43507.88888888889,27,0.18337646170635818,9,2,488053.2971153846,899975.95,2023-12-11,Clothing
899975.95,715667.8,221209.0,585452.7,688711.7749999999,611069.3687499999,324801.7460716421,-0.8114234052587739,84857.2,57635.0,3,0.1789939256633149,2,2,488053.2971153846,169714.4,2023-12-18,Clothing
169714.4,899975.95,917994.35,161116.8,675838.125,559102.08125,349583.09928659425,0.4186050211414001,60189.425,29593.0,11,0.08664785064792631,4,2,488053.2971153846,240757.7,2023-12-25,Clothing
240757.7,169714.4,715667.8,350333.45,506528.9625,569057.19375,357126.49430632964,1.1481034666804009,129293.1125,40290.0,12,0.1818886085989147,4,2,488053.2971153846,517172.45,2024-01-01,Clothing
517172.45,240757.7,899975.95,1036804.9,456905.125,589912.06875,331231.10174468433,-0.8119590477025603,48624.799999999996,31191.0,3,0.1402952144464381,2,2,488053.2971153846,97249.59999999999,2024-01-08,Clothing
97249.59999999999,517172.45,169714.4,221209.0,256223.5375,472467.65625,183566.58259766555,2.3951851729981413,66036.08,22341.2,16,0.15352850801099882,5,2,488053.2971153846,330180.4,2024-01-15,Clothing
330180.4,97249.59999999999,240757.7,917994.35,296340.0375,486089.08125000005,175725.66032560216,-0.009724683839501091,54494.916666666664,29425.0,12,0.1272132073130292,6,2,488053.2971153846,326969.5,2024-01-22,Clothing
326969.5,330180.4,517172.45,715667.8,317892.98750000005,412210.975,171880.9396131246,-0.4117292285671905,64115.53333333333,47040.666666666664,6,0.10858821323163081,3,2,488053.2971153846,192346.6,2024-01-29,Clothing
192346.6,326969.5,97249.59999999999,899975.95,236686.525,346795.825,112990.86281616951,-0.9354768943147422,12410.8,3266.0,4,0.19997179875590615,1,2,488053.2971153846,12410.8,2024-02-05,Clothing
12410.8,192346.6,330180.4,169714.4,215476.825,235850.18125,149842.52235184255,78.7207553098914,123674.79375000001,45133.125,23,0.1573884484762727,8,2,488053.2971153846,989398.3500000001,2024-02-12,Clothing
989398.3500000001,12410.8,326969.5,240757.7,380281.3125,338310.67500000005,426033.59994812694,-0.5501207375168959,89021.96,30727.6,14,0.15739236939998383,5,2,488053.2971153846,445109.80000000005,2024-02-19,Clothing
445109.80000000005,989398.3500000001,192346.6,517172.45,409816.38750000007,363854.6875,425200.0257419097,0.16801921683144228,129974.2,53870.5,11,0.20715273081691923,4,2,488053.2971153846,519896.8,2024-02-26,Clothing
519896.8,445109.80000000005,12410.8,97249.59999999999,491703.9375,364195.23125,400161.4220260065,-0.5816438954807954,54375.5,40252.25,6,0.15842407919872328,4,2,488053.2971153846,217502.0,2024-03-04,Clothing
217502.0,519896.8,989398.3500000001,330180.4,542976.7375,379226.78125000006,324210.15911927004,0.9464437108624291,141118.46666666667,35777.0,10,0.17266543961949443,3,2,488053.2971153846,423355.4,2024-03-11,Clothing
423355.4,217502.0,445109.80000000005,326969.5,401466.00000000006,390873.65625000006,129425.05527065998,-0.4862595351328931,72498.26666666666,38540.666666666664,8,0.2147331234153814,3,2,488053.2971153846,217494.8,2024-03-18,Clothing
217494.8,423355.4,519896.8,192346.6,344562.25,377189.31875,151922.13892889358,3.4033036651910757,136813.6642857143,44212.42857142857,26,0.14005638057240835,7,2,488053.2971153846,957695.65,2024-03-25,Clothing
957695.65,217494.8,217502.0,12410.8,454011.9625,472857.95000000007,349530.35747829644,-0.7066102889785497,70244.5125,31987.0,9,0.1978432891979846,4,2,488053.2971153846,280978.05,2024-04-01,Clothing
280978.05,957695.65,423355.4,989398.3500000001,469880.97500000003,506428.85625,336407.92830486957,-0.21573784856148004,73453.48333333334,27401.333333333332,9,0.19289350019746546,3,2,488053.2971153846,220360.45,2024-04-08,Clothing
220360.45,280978.05,217494.8,445109.80000000005,419132.2375,410299.11875,360233.72436745476,2.6106928443829185,159130.77999999997,43221.8,17,0.15689584086021247,5,2,488053.2971153846,795653.8999999999,2024-04-15,Clothing
795653.8999999999,220360.45,957695.65,519896.8,563672.0125,454117.13125,368261.19734817615,-0.4503067225586401,109341.4,35819.5,14,0.14212447221228047,4,2,488053.2971153846,437365.6,2024-04-22,Clothing
437365.6,795653.8999999999,280978.05,217502.0,433589.5,443800.73124999995,258109.64796224047,0.9493854797908206,121799.16428571429,43371.57142857143,23,0.13167423264172975,7,2,488053.2971153846,852594.15,2024-04-29,Clothing
852594.15,437365.6,220360.45,423355.4,576493.5249999999,523187.25,300249.99124024005,-0.08642324135111656,155782.03999999998,54241.6,15,0.17603152743382522,5,2,488053.2971153846,778910.2,2024-05-06,Clothing
778910.2,852594.15,795653.8999999999,217494.8,716130.9624999999,567631.6,188500.62698580718,-0.4194804484522092,150724.19999999998,34905.0,14,0.13748920102258785,3,2,488053.2971153846,452172.6,2024-05-13,Clothing
452172.6,778910.2,437365.6,957695.65,630260.6375,596966.325,216373.69510852994,0.37947323654728304,89108.57142857143,36496.42857142857,20,0.16633341850327005,7,2,488053.2971153846,623760.0,2024-05-20,Clothing
623760.0,452172.6,852594.15,280978.05,676859.2374999999,555224.3687499999,177576.99974255037,-0.8679107348980377,82392.0,51495.0,2,0.1595512913875114,1,2,488053.2971153846,82392.0,2024-05-27,Clothing
82392.0,623760.0,778910.2,220360.45,484308.69999999995,530401.1124999999,299336.1942343092,14.920463151762307,119247.16363636364,44121.90909090909,35,0.12963103772045617,11,2,488053.2971153846,1311718.8,2024-06-03,Clothing
1311718.8,82392.0,452172.6,795653.8999999999,617510.8500000001,666820.90625,514992.767022771,-0.16687860233458574,218564.2,60167.6,20,0.17484524943625068,5,2,488053.2971153846,1092821.0,2024-06-10,Clothing
1092821.0,1311718.8,623760.0,437365.6,777672.95,703966.79375,545169.1049364501,-0.8810696353748693,64984.8,22880.5,6,0.14200936583666043,2,2,488053.2971153846,129969.6,2024-06-17,Clothing
129969.6,1092821.0,82392.0,852594.15,654225.35,665542.29375,639401.0876260457,1.5002035091282884,81237.6125,35874.0,12,0.09199979144805569,4,2,488053.2971153846,324950.45,2024-06-24,Clothing
324950.45,129969.6,1311718.8,778910.2,714864.9625,599586.83125,575390.0653044846,-0.5960053294279174,43759.416666666664,30726.333333333332,6,0.17605444829917663,3,2,488053.2971153846,131278.25,2024-07-01,Clothing
131278.25,324950.45,1092821.0,452172.6,419754.82500000007,518632.8375,457966.57680093596,5.297926731960549,165356.16,54848.8,17,0.13416070441524036,5,2,488053.2971153846,826780.8,2024-07-08,Clothing
826780.8,131278.25,129969.6,623760.0,353244.7750000001,565458.8625,328713.5925553139,-0.813527358158293,77086.0,17372.5,10,0.11946538280584068,2,2,488053.2971153846,154172.0,2024-07-15,Clothing
154172.0,826780.8,324950.45,82392.0,359295.37500000006,506760.3625,323413.87556573324,1.1600741379757675,111007.65000000001,32200.333333333332,11,0.20247046452944462,3,2,488053.2971153846,333022.95,2024-07-22,Clothing
333022.95,154172.0,131278.25,1311718.8,361313.50000000006,538089.23125,323153.2040448747,2.2093698046936403,152684.82857142857,49426.28571428572,23,0.1519075491233764,7,2,488053.2971153846,1068793.8,2024-07-29,Clothing
1068793.8,333022.95,826780.8,1092821.0,595692.3875000001,507723.60625,424720.41269364575,-0.27447843541008576,110776.1357142857,44751.857142857145,17,0.155882716557361,7,2,488053.2971153846,775432.95,2024-08-05,Clothing
775432.95,1068793.8,154172.0,129969.6,582855.425,468050.1,416096.1234567171,-0.2595287574509181,114837.16,42517.8,14,0.15555747659481098,5,2,488053.2971153846,574185.8,2024-08-12,Clothing
574185.8,775432.95,333022.95,324950.45,687858.875,523577.125,311774.8853192117,-0.6964028020198341,58107.06666666666,15806.333333333334,12,0.13281191432413195,3,2,488053.2971153846,174321.19999999998,2024-08-19,Clothing
174321.19999999998,574185.8,1068793.8,131278.25,648183.4375,504748.46875,375555.8484690647,3.241319185503542,123225.30833333333,33916.5,23,0.1865996186274982,6,2,488053.2971153846,739351.85,2024-08-26,Clothing
739351.85,174321.19999999998,775432.95,826780.8,565822.9500000001,580757.66875,275313.26929420803,-0.24305964744661146,139911.3125,45105.5,15,0.19949717694016283,4,2,488053.2971153846,559645.25,2024-09-02,Clothing
559645.25,739351.85,574185.8,154172.0,511876.025,547365.725,239341.40034538027,0.022799443040032896,143101.2125,56149.25,11,0.19340662734422182,4,2,488053.2971153846,572404.85,2024-09-09,Clothing
572404.85,559645.25,174321.19999999998,333022.95,511430.78750000003,599644.83125,239188.45806007387,-0.5125967224072263,139496.0,43592.5,8,0.1932496589470289,2,2,488053.2971153846,278992.0,2024-09-16,Clothing
278992.0,572404.85,739351.85,1068793.8,537598.4875,592890.9624999999,190857.08201370397,0.7110806044617766,79562.96666666666,40585.166666666664,11,0.1428366155159127,6,2,488053.2971153846,477377.8,2024-09-23,Clothing
477377.8,278992.0,559645.25,775432.95,472104.97500000003,518963.96249999997,135454.52923265772,0.08006876314734357,128900.2125,53303.5,10,0.18063740099323378,4,2,488053.2971153846,515600.85,2024-09-30,Clothing
515600.85,477377.8,572404.85,574185.8,461093.87500000006,486484.95,127524.38011484021,0.28950194709725574,132973.66,48504.0,14,0.17244897229018358,5,2,488053.2971153846,664868.3,2024-10-07,Clothing
664868.3,515600.85,278992.0,174321.19999999998,484209.73750000005,497820.26249999995,158938.05219138804,-0.14273691496496377,113993.41,40219.2,17,0.13502677802942906,5,2,488053.2971153846,569967.05,2024-10-14,Clothing
569967.05,664868.3,477377.8,739351.85,556953.5,547275.9937499999,81357.83149182235,0.26071779061614153,143713.52,43074.6,18,0.09620780190827663,5,2,488053.2971153846,718567.6,2024-10-21,Clothing
718567.6,569967.05,515600.85,559645.25,617250.9500000001,544677.9625,91471.28077064271,-0.9384720379822302,44212.0,22106.0,2,0.06665679001176002,1,2,488053.2971153846,44212.0,2024-10-28,Clothing
44212.0,718567.6,664868.3,572404.85,499403.73750000005,480248.80625,309618.054506127,13.949504659368497,132189.5,55908.8,15,0.123224049107245,5,2,488053.2971153846,660947.5,2024-11-04,Clothing
660947.5,44212.0,569967.05,278992.0,498423.5375000001,491316.6375,308925.0403251341,-0.34033641098574396,218001.5,68619.5,6,0.1491161965511959,2,2,488053.2971153846,436003.0,2024-11-11,Clothing
436003.0,660947.5,718567.6,477377.8,464932.525,510943.0125,305829.6362723904,-0.482672825645695,45111.240000000005,22625.0,13,0.18190825002655778,5,2,488053.2971153846,225556.2,2024-11-18,Clothing
225556.2,436003.0,44212.0,515600.85,341679.67500000005,479465.3125,266333.44566243014,2.171705987243977,119232.99166666665,42980.833333333336,19,0.1555300365360335,6,2,488053.2971153846,715397.95,2024-11-25,Clothing
715397.95,225556.2,660947.5,664868.3,509476.16250000003,504439.95,224615.3744849086,0.00814889111717454,144245.52999999997,44761.2,18,0.18593572791590401,5,2,488053.2971153846,721227.6499999999,2024-12-02,Clothing
721227.6499999999,715397.95,436003.0,569967.05,524546.2000000001,511484.86874999997,239682.3603705574,-0.5017070546310862,89845.6625,33021.25,15,0.12346841743949472,4,2,488053.2971153846,359382.65,2024-12-09,Clothing
359382.65,721227.6499999999,225556.2,718567.6,505391.11250000005,485161.81875,251869.2333283531,1.4219106014160672,290130.88333333336,73546.66666666667,13,0.14614619798215187,3,2,488053.2971153846,870392.65,2024-12-16,Clothing
870392.65,359382.65,715397.95,44212.0,666600.2250000001,504139.94999999995,217009.49626192835,-0.8171363234742389,79581.6,35674.5,6,0.08464371094710124,2,2,488053.2971153846,159163.2,2024-12-23,Clothing
159163.2,870392.65,721227.6499999999,660947.5,527541.5375000001,518508.85,326108.98306259117,-0.4961687123656725,40095.7,21103.0,4,0.1323674558810993,2,2,488053.2971153846,80191.4,2024-12-30,Clothing
80191.4,159163.2,359382.65,436003.0,367282.4750000001,445914.33749999997,355395.1666313349,5.12604468808376,163752.03333333333,67351.0,8,0.12203731414577053,3,2,488053.2971153846,491256.1,2025-01-06,Clothing
491256.1,80191.4,870392.65,225556.2,400250.8375000001,452820.975,360498.06941305863,1.7534023496095013,112718.80833333333,42551.083333333336,34,0.18593736892974355,12,2,488053.2971153846,1352625.7,2025-01-13,Clothing
1352625.7,491256.1,159163.2,715397.95,520809.10000000003,593704.6625,582444.2606764074,-0.5798845903933365,63139.87777777778,31400.11111111111,20,0.16204606442557287,9,2,488053.2971153846,568258.9,2025-01-20,Clothing
568258.9,1352625.7,80191.4,721227.6499999999,623083.025,575312.28125,531459.5795160931,-0.027079558278805815,110574.13999999998,50567.6,12,0.1294677946302695,5,2,488053.2971153846,552870.7,2025-01-27,Clothing
552870.7,568258.9,491256.1,359382.65,741252.8500000001,554267.6625,408937.59829706297,-0.3352297381648186,183766.0,51849.0,8,0.16473071896336236,2,2,488053.2971153846,367532.0,2025-02-10,Clothing
367532.0,552870.7,1352625.7,870392.65,710321.8250000001,555286.33125,437809.6479014853,-0.4421955095066552,68337.0,30249.333333333332,8,0.17483091600598058,3,2,488053.2971153846,205011.0,2025-02-17,Clothing
205011.0,367532.0,568258.9,159163.2,423418.15,472113.62499999994,171815.55080474162,1.2611403778333847,77259.77500000001,36475.833333333336,17,0.13730280568730377,6,2,488053.2971153846,463558.65,2025-02-24,Clothing
463558.65,205011.0,552870.7,80191.4,397243.0875000001,510163.05625,148832.82768168914,-0.21006791697231852,91544.9625,39513.75,12,0.1756581031953441,4,2,488053.2971153846,366179.85,2025-03-03,Clothing
366179.85,463558.65,367532.0,491256.1,350570.37500000006,545911.6125,107215.10212385005,0.09529852612042977,133692.08333333334,53300.0,10,0.1825195638548588,3,2,488053.2971153846,401076.25,2025-03-10,Clothing
401076.25,366179.85,205011.0,1352625.7,358956.43750000006,534639.13125,110252.85616881188,0.15636365902992266,115947.5,58342.5,9,0.18588649682378008,4,2,488053.2971153846,463790.0,2025-03-17,Clothing
463790.0,401076.25,463558.65,568258.9,423651.18750000006,423534.66874999995,48360.83907897355,0.26341727937212966,97660.05,38799.0,17,0.16133813685762213,6,2,488053.2971153846,585960.3,2025-03-24,Clothing
585960.3,463790.0,366179.85,552870.7,454251.60000000003,425747.34375,96647.83792362739,0.017381211662291784,66238.33333333333,33866.88888888889,23,0.138888861432124,9,2,488053.2971153846,596145.0,2025-03-31,Clothing
596145.0,585960.3,401076.25,367532.0,511742.88750000007,431156.63125000003,95181.44950181918,-0.1274120390173531,104037.79000000001,37006.0,15,0.12356493660595244,5,2,488053.2971153846,520188.95,2025-04-07,Clothing
520188.95,596145.0,463790.0,205011.0,541521.0625000001,450238.75,61794.81498927731,-0.5006029059248567,51956.17,23758.8,14,0.13659120088762822,5,2,488053.2971153846,259780.85,2025-04-14,Clothing
259780.85,520188.95,585960.3,463558.65,490518.7750000001,457084.98125,157465.65066696578,2.9264106649893558,170001.05000000002,51967.5,23,0.16909724749467223,6,2,488053.2971153846,1020006.3,2025-04-21,Clothing
1020006.3,259780.85,596145.0,366179.85,599030.2750000001,526640.9375,315454.8384619752,-0.7282078551867768,92409.90000000001,38717.333333333336,7,0.16935935204631622,3,2,488053.2971153846,277229.7,2025-04-28,Clothing
277229.7,1020006.3,520188.95,401076.25,519301.45000000007,515522.16875,354333.0864418371,-0.453440955280044,75761.2,39290.5,5,0.18413448403702462,2,2,488053.2971153846,151522.4,2025-05-05,Clothing
151522.4,277229.7,259780.85,463790.0,427134.8125000001,484327.93750000006,399139.7809175052,4.915042594362285,149376.90833333333,46170.166666666664,19,0.10899576239726551,6,2,488053.2971153846,896261.45,2025-05-12,Clothing
896261.45,151522.4,1020006.3,585960.3,586254.9625,538386.86875,435405.27436559484,-0.027822071338670207,174265.12,44900.6,22,0.1534525442204621,5,2,488053.2971153846,871325.6,2025-05-19,Clothing
871325.6,896261.45,277229.7,596145.0,549084.7875000001,574057.53125,390013.59667736024,-0.5016446779481746,86845.95,38470.0,14,0.1058624887542502,5,2,488053.2971153846,434229.75,2025-05-26,Clothing
434229.75,871325.6,151522.4,520188.95,588334.8,553818.125,360303.6006361509,0.16141765966058275,72046.01428571428,35501.142857142855,16,0.1713781228383334,7,2,488053.2971153846,504322.1,2025-06-02,Clothing
504322.1,434229.75,896261.45,259780.85,676534.7250000001,551834.76875,241241.37827884624,-0.45223449458193477,92083.41666666667,37616.333333333336,7,0.161559760831977,3,2,488053.2971153846,276250.25,2025-06-09,Clothing
276250.25,504322.1,871325.6,1020006.3,521531.92500000005,553893.44375,251950.1028623674,0.39305973478757017,64138.85,36199.5,13,0.1373138842335067,6,2,488053.2971153846,384833.1,2025-06-16,Clothing
384833.1,276250.25,434229.75,277229.7,399908.80000000005,474496.79374999995,95914.50801692331,-0.5495413466253293,86675.7,57095.0,4,0.17616367473408306,2,2,488053.2971153846,173351.4,2025-06-23,Clothing
173351.4,384833.1,504322.1,151522.4,334689.2125,461512.00625,142284.60686895868,-0.498143078163776,86997.6,48332.0,2,0.23486084673599922,1,2,488053.2971153846,86997.6,2025-06-30,Clothing
86997.6,173351.4,276250.25,896261.45,230358.08750000005,453446.40624999994,128802.96562548887,2.4494066502983984,100030.03333333333,31341.0,11,0.17020894493185726,3,2,488053.2971153846,300090.1,2025-07-07,Clothing
300090.1,86997.6,384833.1,871325.6,236318.05000000005,378924.9875,132142.5874300569,1.9818371215844843,149136.63333333333,46576.333333333336,18,0.17195934584168127,6,2,488053.2971153846,894819.8,2025-07-14,Clothing
894819.8,300090.1,173351.4,434229.75,363814.7250000001,381861.76249999995,364660.21461559157,-0.4567558741994757,162035.19999999998,66522.66666666667,8,0.16156827128816462,3,2,488053.2971153846,486105.6,2025-07-21,Clothing
486105.6,894819.8,86997.6,504322.1,442003.2750000001,388346.24374999997,343101.6364987046,-0.10141921837559564,145601.71666666667,44587.666666666664,11,0.11917594448889463,3,2,488053.2971153846,436805.15,2025-07-28,Clothing
436805.15,486105.6,300090.1,276250.25,529455.1625000001,379906.625,255970.61004232944,-0.4647587144977572,77932.05,40474.666666666664,9,0.13955872563776153,3,2,488053.2971153846,233796.15,2025-08-04,Clothing
233796.15,436805.15,894819.8,384833.1,512881.67500000005,374599.8625,277049.96988601325,0.14500089073323053,133848.4,63848.0,5,0.18378591848031983,2,2,488053.2971153846,267696.8,2025-08-11,Clothing
267696.8,233796.15,486105.6,173351.4,356100.92500000005,359957.825,124080.79996454321,-0.38709241201239597,82036.70000000001,36128.0,5,0.17435155091055457,2,2,488053.2971153846,164073.40000000002,2025-08-18,Clothing
164073.40000000002,267696.8,436805.15,86997.6,275592.87500000006,358798.075,115809.18952610974,1.8708200110438375,67289.31428571428,34896.42857142857,15,0.17438214420247614,7,2,488053.2971153846,471025.2,2025-08-25,Clothing
471025.2,164073.40000000002,233796.15,300090.1,284147.88750000007,406801.525,131842.01179797555,-0.036436160952747265,75643.80833333333,43830.0,13,0.15690579755639109,6,2,488053.2971153846,453862.85000000003,2025-09-01,Clothing
453862.85000000003,471025.2,267696.8,894819.8,339164.56250000006,426023.11875,148669.07450183597,0.58133123255186,239235.83333333334,59789.666666666664,11,0.14254569389114935,3,2,488053.2971153846,717707.5,2025-09-08,Clothing
717707.5,453862.85000000003,164073.40000000002,486105.6,451667.23750000005,403884.08125000005,226470.88706604723,-0.15582030283924864,121174.81999999999,36140.6,18,0.15551840183761026,5,2,488053.2971153846,605874.1,2025-09-15,Clothing
605874.1,717707.5,471025.2,436805.15,562117.4125000001,418855.14375000005,124015.81150461095,0.07865949377931813,163382.9625,44500.5,14,0.20114113122798416,4,2,488053.2971153846,653531.85,2025-09-22,Clothing
653531.85,605874.1,453862.85000000003,233796.15,607744.0750000001,445945.98124999995,112355.69024483816,-0.9904592255144107,6235.2,3464.0,2,0.20820342571205283,1,2,488053.2971153846,6235.2,2025-09-29,Clothing
302424.4,1034517.0,803170.95,202376.2,568951.6375,614553.25625,420459.49808361527,-0.40901941113217055,89363.475,49415.5,4,0.20390088422811972,2,3,468389.12523809524,178726.95,2023-11-27,Electronics
178726.95,302424.4,135694.2,1050114.7,412840.63750000007,611597.1,420433.352502184,0.6688026064340045,99420.0,27257.666666666668,12,0.1652011724585635,3,3,468389.12523809524,298260.0,2023-12-04,Electronics
298260.0,178726.95,1034517.0,1140181.0,453482.0875,517615.2625,391579.8243556615,1.1783722255750018,108286.88333333335,41156.833333333336,19,0.15564414610312347,6,3,468389.12523809524,649721.3,2023-12-11,Electronics
649721.3,298260.0,302424.4,247947.59999999998,357283.16250000003,456307.80000000005,203220.40811341372,-0.41556749024543294,189859.125,68582.5,6,0.17998465050443863,2,3,468389.12523809524,379718.25,2023-12-18,Electronics
379718.25,649721.3,178726.95,803170.95,376606.625,472779.13125,199913.2039473572,1.694092264461874,127874.5,42955.875,27,0.13847462405758781,8,3,468389.12523809524,1022996.0,2023-12-25,Electronics
1022996.0,379718.25,298260.0,135694.2,587673.8875,500257.26250000007,326782.8884113028,-0.8208851256505402,61077.93333333333,42368.666666666664,6,0.0847304753156947,3,3,468389.12523809524,183233.8,2024-01-01,Electronics
183233.8,1022996.0,649721.3,1034517.0,558917.3375,506199.7125,363714.5391204651,0.5171256613135788,69497.175,50276.75,6,0.11394366669846227,4,3,468389.12523809524,277988.7,2024-01-08,Electronics
277988.7,183233.8,379718.25,302424.4,465984.1875,411633.67500000005,379909.66302927514,-0.8189732172566726,50323.4,29602.0,2,0.08479037584900692,1,3,468389.12523809524,50323.4,2024-01-15,Electronics
50323.4,277988.7,1022996.0,178726.95,383635.475,380121.05000000005,436348.82555122033,14.043285032410369,94628.65625,40514.375,24,0.16968732340637313,8,3,468389.12523809524,757029.25,2024-01-22,Electronics
757029.25,50323.4,183233.8,298260.0,317143.7875,452408.8375,307764.7071675981,-0.770521416444609,86861.0,50440.0,4,0.13066436236870677,2,3,468389.12523809524,173722.0,2024-01-29,Electronics
173722.0,757029.25,277988.7,649721.3,314765.8375,436841.5875,309177.75401134935,2.2234791793785473,139997.3125,41877.25,14,0.1414205791258343,4,3,468389.12523809524,559989.25,2024-02-05,Electronics
559989.25,173722.0,50323.4,379718.25,385265.975,425625.08125000005,329481.1766863588,0.1684893951089239,163585.375,43375.25,16,0.17786821574219316,4,3,468389.12523809524,654341.5,2024-02-12,Electronics
654341.5,559989.25,757029.25,1022996.0,536270.5,459952.98750000005,254741.16320713665,-0.8925318048755887,70320.9,37011.0,2,0.15575284161607494,1,3,468389.12523809524,70320.9,2024-02-19,Electronics
70320.9,654341.5,173722.0,183233.8,364593.41250000003,340868.60000000003,285868.09035231743,3.982741261843919,70078.17,17732.6,19,0.17477667966717328,5,3,468389.12523809524,350390.85,2024-02-26,Electronics
350390.85,70320.9,559989.25,277988.7,408760.625,361763.23125,258926.33526209908,0.6250909520040264,189805.66666666666,56070.666666666664,11,0.16974884986671882,3,3,468389.12523809524,569417.0,2024-03-04,Electronics
569417.0,350390.85,654341.5,50323.4,411117.5625,398191.76875000005,260797.93868562765,0.5165300649611797,107942.25,43837.125,22,0.15281708443480937,8,3,468389.12523809524,863538.0,2024-03-11,Electronics
863538.0,569417.0,70320.9,757029.25,463416.6875,499843.59375,335972.35454703815,-0.6294241828385085,160003.15000000002,56059.0,7,0.10334694064684696,2,3,468389.12523809524,320006.30000000005,2024-03-18,Electronics
320006.30000000005,863538.0,350390.85,173722.0,525838.0375000001,445215.725,251056.97255736394,0.2897672639569908,82546.73000000001,37382.8,13,0.16877824516362022,5,3,468389.12523809524,412733.65,2024-03-25,Electronics
412733.65,320006.30000000005,569417.0,559989.25,541423.7375,475092.18125,238137.2441129533,-0.8152900787226823,38118.0,26137.5,5,0.1625805532965538,2,3,468389.12523809524,76236.0,2024-04-01,Electronics
76236.0,412733.65,863538.0,654341.5,418128.48750000005,414623.025,329108.47998082236,4.24187063854347,133206.41666666666,44357.666666666664,11,0.1301647809881736,3,3,468389.12523809524,399619.25,2024-04-08,Electronics
399619.25,76236.0,320006.30000000005,70320.9,302148.80000000005,382782.74375,156082.2231846785,0.7818937651276809,118679.84166666667,40042.333333333336,20,0.1743873090983921,6,3,468389.12523809524,712079.05,2024-04-15,Electronics
712079.05,399619.25,412733.65,350390.85,400166.98750000005,463002.5125,259729.7572596609,-0.8734429133956405,30039.55,14387.333333333334,8,0.16216728044777812,3,3,468389.12523809524,90118.65,2024-04-22,Electronics
90118.65,712079.05,76236.0,569417.0,319513.23750000005,430468.4875,301291.98542408564,1.423466729694686,72799.84999999999,36071.333333333336,6,0.1765273771542394,3,3,468389.12523809524,218399.55,2024-04-29,Electronics
218399.55,90118.65,399619.25,863538.0,355054.12500000006,386591.30625,269764.172454033,0.7764532939742779,129325.53333333333,41178.666666666664,7,0.15412812513014307,3,3,468389.12523809524,387976.6,2024-05-06,Electronics
387976.6,218399.55,712079.05,320006.30000000005,352143.4625,327146.13125,269185.2381963841,-0.7093768026216014,56377.5,28465.0,5,0.19903733252128686,2,3,468389.12523809524,112755.0,2024-05-13,Electronics
112755.0,387976.6,90118.65,412733.65,202312.44999999998,301239.71875,135815.99929141314,5.61872954636158,149258.97,54478.4,16,0.13949510849683996,5,3,468389.12523809524,746294.85,2024-05-20,Electronics
746294.85,112755.0,218399.55,76236.0,366356.5,342934.86875,277504.0890871612,-0.26574369366209616,68496.4625,24683.875,24,0.1712764755013567,8,3,468389.12523809524,547971.7,2024-05-27,Electronics
547971.7,746294.85,387976.6,399619.25,448749.5375,401901.83125,267683.8493970807,-0.28158771702991225,98417.4,34887.5,14,0.20370941256488506,4,3,468389.12523809524,393669.6,2024-06-03,Electronics
393669.6,547971.7,112755.0,712079.05,450172.7875,401158.125,267267.82865663175,0.304520338883165,128387.5,39610.25,11,0.14257855131279323,4,3,468389.12523809524,513550.0,2024-06-10,Electronics
513550.0,393669.6,746294.85,90118.65,550371.5375,376341.99375,146404.72037143807,-0.7968628176419044,52160.55,24552.0,5,0.21059185475320308,2,3,468389.12523809524,104321.1,2024-06-17,Electronics
104321.1,513550.0,547971.7,218399.55,389878.1,378117.3,201532.04950397692,6.044609383911787,146980.28,37819.0,21,0.16813163439888523,5,3,468389.12523809524,734901.4,2024-06-24,Electronics
734901.4,104321.1,393669.6,387976.6,436610.525,442680.03125,262778.3057561562,-0.4326066734938864,138992.71666666667,45676.0,10,0.12281693668179418,3,3,468389.12523809524,416978.15,2024-07-01,Electronics
416978.15,734901.4,513550.0,112755.0,442437.6625,446305.225,261765.16123600627,0.2569246134359797,104822.01999999999,34706.6,17,0.14905047046690262,5,3,468389.12523809524,524110.1,2024-07-08,Electronics
524110.1,416978.15,104321.1,746294.85,445077.6875,497724.6125,262772.7424253462,-0.033386305663638205,126653.0,52189.75,11,0.11694144634891354,4,3,468389.12523809524,506612.0,2024-07-15,Electronics
506612.0,524110.1,734901.4,547971.7,545650.4125,467764.25625,134611.13143633655,-0.028067831002818733,164130.83333333334,39929.0,14,0.20301542882795598,3,3,468389.12523809524,492392.5,2024-07-22,Electronics
492392.5,506612.0,416978.15,393669.6,485023.1875,460816.85625,47181.55518505811,-0.30010103728224946,172312.5,66690.5,6,0.1385061869693313,2,3,468389.12523809524,344625.0,2024-07-29,Electronics
344625.0,492392.5,524110.1,513550.0,466934.9,454686.28125,82565.28082921256,0.06268132027566198,122075.51666666666,31986.0,12,0.11921312124684834,3,3,468389.12523809524,366226.55,2024-08-05,Electronics
366226.55,344625.0,506612.0,104321.1,427464.01249999995,436270.85,83849.94776335507,-0.2537733815311861,91096.0,51611.333333333336,6,0.15881242307448748,3,3,468389.12523809524,273288.0,2024-08-12,Electronics
273288.0,366226.55,492392.5,734901.4,369133.01249999995,457391.71249999997,91265.65232121773,0.7624535288779604,120414.35,48961.0,10,0.14918105520907027,4,3,468389.12523809524,481657.4,2024-08-19,Electronics
481657.4,273288.0,344625.0,416978.15,366449.2375,425736.21249999997,86464.4123543268,-0.09732893131092768,108694.55,55694.75,8,0.1848108240827496,4,3,468389.12523809524,434778.2,2024-08-26,Electronics
434778.2,481657.4,366226.55,524110.1,388987.5375,427961.21875,90533.48131611706,1.2553492792416918,122572.08750000001,36784.75,28,0.13684834663858003,8,3,468389.12523809524,980576.7000000001,2024-09-02,Electronics
980576.7000000001,434778.2,273288.0,506612.0,542575.075,485019.54375,305337.0168911,-0.6052056917118264,129042.03333333333,33934.333333333336,12,0.1529435496387798,3,3,468389.12523809524,387126.1,2024-09-09,Electronics
387126.1,980576.7000000001,481657.4,492392.5,571034.6,470083.80625,275742.12498000136,-0.8923242323366986,41684.1,14626.0,3,0.15428976516225243,1,3,468389.12523809524,41684.1,2024-09-16,Electronics
41684.1,387126.1,434778.2,344625.0,461041.275,413745.25625,388128.2864627998,15.83015346379075,77949.97777777778,36360.444444444445,23,0.17483813590784697,9,3,468389.12523809524,701549.8,2024-09-23,Electronics
701549.8,41684.1,980576.7000000001,366226.55,527734.175,458360.85625,404678.2796680294,-0.43748968355489526,98657.25,49694.75,9,0.10152071581995997,4,3,468389.12523809524,394629.0,2024-09-30,Electronics
394629.0,701549.8,387126.1,273288.0,381247.25,461911.16250000003,269635.85844913754,-0.9142459119831537,33841.05,39813.0,1,0.20291805366558655,1,3,468389.12523809524,33841.05,2024-10-07,Electronics
33841.05,394629.0,41684.1,481657.4,292925.9875,431980.29375,320189.742583754,25.357986823694887,148663.65833333333,52753.833333333336,19,0.1488600840609459,6,3,468389.12523809524,891981.95,2024-10-14,Electronics
891981.95,33841.05,701549.8,434778.2,505500.45,483270.86250000005,375303.59511162643,-0.07801519974703519,117484.82857142857,37109.857142857145,23,0.15124539729592887,7,3,468389.12523809524,822393.8,2024-10-21,Electronics
822393.8,891981.95,394629.0,980576.7000000001,535711.45,531722.8125,400372.1581503618,-0.5594130816647693,120778.65000000001,51052.666666666664,8,0.1687819402854257,3,3,468389.12523809524,362335.95,2024-10-28,Electronics
362335.95,822393.8,33841.05,387126.1,527638.1875,454442.71875,404469.8963246448,0.7850498963737933,161696.9375,60001.25,12,0.13741751637153918,4,3,468389.12523809524,646787.75,2024-11-04,Electronics
646787.75,362335.95,891981.95,41684.1,680874.8625,486900.42500000005,236095.16589653114,-0.5719626724532121,69212.325,31995.5,10,0.13936635828050464,4,3,468389.12523809524,276849.3,2024-11-11,Electronics
276849.3,646787.75,822393.8,701549.8,527091.7,516296.075,252518.11193512112,-0.7189474562514697,38904.6,32287.5,4,0.16552511094670908,2,3,468389.12523809524,77809.2,2024-11-18,Electronics
77809.2,276849.3,362335.95,394629.0,340945.55,438328.5,236182.18142526143,-0.5346694221248901,36207.0,12069.0,3,0.1975131880575525,1,3,468389.12523809524,36207.0,2024-11-25,Electronics
36207.0,77809.2,646787.75,33841.05,259413.3125,393525.75,278785.50901203736,14.863971055320796,143596.7,46643.25,12,0.21114514129552886,4,3,468389.12523809524,574386.8,2024-12-02,Electronics
574386.8,36207.0,276849.3,891981.95,241313.075,461093.96875,245630.44648044478,-0.12253180261106278,100801.23000000001,48802.6,11,0.10880622625796879,5,3,468389.12523809524,504006.15,2024-12-09,Electronics
504006.15,574386.8,77809.2,822393.8,298102.2875,412596.99375,280385.281624394,-0.12238977639459359,63188.70714285714,40366.42857142857,15,0.1492353724411757,7,3,468389.12523809524,442320.95,2024-12-16,Electronics
442320.95,504006.15,36207.0,362335.95,389230.22500000003,365087.8875,241454.26944231262,0.7250329201002121,190754.55,58596.25,13,0.16684487413182286,4,3,468389.12523809524,763018.2,2024-12-23,Electronics
763018.2,442320.95,574386.8,646787.75,570933.025,415173.16875,138959.12522465305,-0.2667635581955974,79924.67857142857,41834.42857142857,15,0.18159151770675933,7,3,468389.12523809524,559472.75,2024-12-30,Electronics
559472.75,763018.2,504006.15,276849.3,567204.5125,404258.79375,139035.62801080497,0.20274356525854031,112150.375,42369.666666666664,18,0.17402293874381855,6,3,468389.12523809524,672902.25,2025-01-06,Electronics
672902.25,559472.75,442320.95,77809.2,609428.5375000001,453765.41250000003,139091.36458962478,-0.4311291127351706,76558.9,59059.8,8,0.16602361931046658,5,3,468389.12523809524,382794.5,2025-01-13,Electronics
382794.5,672902.25,763018.2,36207.0,594546.925,491888.575,163901.81481738022,-0.7046850202915664,56522.475,30513.0,5,0.1335643291356668,2,3,468389.12523809524,113044.95,2025-01-20,Electronics
113044.95,382794.5,559472.75,574386.8,432053.6125,501493.31875000003,243882.9566965657,1.674566179205705,100782.06666666665,59985.0,6,0.1539112594416279,3,3,468389.12523809524,302346.19999999995,2025-01-27,Electronics
302346.19999999995,113044.95,672902.25,504006.15,367771.975,467488.24374999997,232734.86365293624,0.24914750044816203,125891.66666666667,58916.333333333336,7,0.1888038138646003,3,3,468389.12523809524,377675.0,2025-02-03,Electronics
377675.0,302346.19999999995,382794.5,442320.95,293965.1625,451696.85,126095.66893908616,0.457015158535778,91713.03333333333,37844.333333333336,18,0.13353344766910133,6,3,468389.12523809524,550278.2,2025-02-10,Electronics
550278.2,377675.0,113044.95,763018.2,335836.08749999997,465191.50625,181193.61442570377,-0.44033399833029907,153986.0,56812.5,5,0.1661069905514319,2,3,468389.12523809524,307972.0,2025-02-17,Electronics
307972.0,550278.2,302346.19999999995,559472.75,384567.85,408310.73124999995,115664.39302884003,1.794358740404972,107573.03125,33160.0,28,0.15138620646283582,8,3,468389.12523809524,860584.25,2025-02-24,Electronics
860584.25,307972.0,377675.0,672902.25,524127.3625,445949.66874999995,246345.6505721698,-0.06552083657120145,134033.00833333333,49221.0,18,0.167594190759741,6,3,468389.12523809524,804198.05,2025-03-03,Electronics
804198.05,860584.25,550278.2,382794.5,630758.125,462361.64375,254014.0128267483,-0.574592353214485,85528.0,27117.25,15,0.15627597425066217,4,3,468389.12523809524,342112.0,2025-03-10,Electronics
342112.0,804198.05,307972.0,113044.95,578716.575,457276.33125,294151.6794563322,-0.5763913572163502,144921.6,45288.0,4,0.07043642907613448,1,3,468389.12523809524,144921.6,2025-03-17,Electronics
144921.6,342112.0,860584.25,302346.19999999995,537953.975,461260.9125,350145.07887884724,1.231493441971383,107797.2,46598.333333333336,8,0.20339502246673102,3,3,468389.12523809524,323391.6,2025-03-24,Electronics
323391.6,144921.6,804198.05,377675.0,403655.8125,463891.5875,281429.3643792833,0.5287580135043706,123596.875,46218.5,10,0.15878050561808682,4,3,468389.12523809524,494387.5,2025-03-31,Electronics
494387.5,323391.6,342112.0,550278.2,326203.175,478480.65,143073.37543727676,1.4966270385072438,137144.57777777777,42283.555555555555,33,0.11438251684179912,9,3,468389.12523809524,1234301.2,2025-04-07,Electronics
1234301.2,494387.5,144921.6,307972.0,549250.475,563983.5249999999,478469.26492162043,-0.6563393116688212,106045.2,42402.5,10,0.16093263354766024,4,3,468389.12523809524,424180.8,2025-04-14,Electronics
424180.8,1234301.2,323391.6,860584.25,619065.2749999999,578509.625,416118.04081437725,-0.8707744433505713,54815.0,10963.0,5,0.15612551308947997,1,3,468389.12523809524,54815.0,2025-04-21,Electronics
54815.0,424180.8,494387.5,804198.05,551921.125,477788.46874999994,494093.37002442067,7.943302015871568,163409.03333333333,63505.666666666664,8,0.10959286120610273,3,3,468389.12523809524,490227.1,2025-04-28,Electronics
490227.1,54815.0,1234301.2,342112.0,550881.025,438542.1,494259.2040583858,-0.47758008482191217,64026.1,36782.5,9,0.14964959283723103,4,3,468389.12523809524,256104.4,2025-05-05,Electronics
256104.4,490227.1,424180.8,144921.6,306331.825,427791.14999999997,194498.80938460596,1.600244275381446,221978.0,68407.0,11,0.19220662366629584,3,3,468389.12523809524,665934.0,2025-05-12,Electronics
665934.0,256104.4,54815.0,323391.6,366770.125,492917.69999999995,267272.36512884987,-0.19170210561406975,107654.61000000002,47280.6,11,0.1405029514813032,5,3,468389.12523809524,538273.05,2025-05-19,Electronics
538273.05,665934.0,490227.1,494387.5,487634.63749999995,519777.88125000003,171238.51127111836,1.7936627144903503,187969.16875,47367.625,33,0.159507244345235,8,3,468389.12523809524,1503753.35,2025-05-26,Electronics
1503753.35,538273.05,256104.4,1234301.2,741016.2,645948.6125,536547.4615223162,-0.5233621258433107,143349.16,46681.6,16,0.149721026823622,5,3,468389.12523809524,716745.8,2025-06-02,Electronics
716745.8,1503753.35,665934.0,424180.8,856176.55,581254.1875,438197.63771101966,-0.9112329643229161,31811.7,27168.0,6,0.1619587005266755,2,3,468389.12523809524,63623.4,2025-06-09,Electronics
63623.4,716745.8,538273.05,54815.0,705598.9,536184.5125000001,599250.9941899372,5.2270288918856895,198092.375,47317.5,10,0.15721107793677344,2,3,468389.12523809524,396184.75,2025-06-16,Electronics
396184.75,63623.4,1503753.35,490227.1,670076.825,578855.7312500001,616440.6343424758,-0.22862982484812966,76401.275,36039.0,8,0.13695584777578995,4,3,468389.12523809524,305605.1,2025-06-23,Electronics
305605.1,396184.75,716745.8,256104.4,370539.76249999995,555777.9812500001,270142.21547766734,3.2598080005863785,144646.5611111111,43220.555555555555,33,0.1552817156953622,9,3,468389.12523809524,1301819.05,2025-06-30,Electronics
1301819.05,305605.1,63623.4,665934.0,516808.07499999995,686492.3125,541841.0787024219,-0.8833478431583868,151860.0,37965.0,4,0.062407743974713145,1,3,468389.12523809524,151860.0,2025-07-07,Electronics
151860.0,1301819.05,396184.75,538273.05,538867.225,622233.0625,518536.26909621677,4.546920848149612,210588.85,50586.25,19,0.14393848659145803,4,3,468389.12523809524,842355.4,2025-07-14,Electronics
842355.4,151860.0,305605.1,1503753.35,650409.8875,660243.3562500001,525553.457023172,-0.6895620304683747,65374.774999999994,47789.5,7,0.16850575499851284,4,3,468389.12523809524,261499.09999999998,2025-07-21,Electronics
261499.09999999998,842355.4,1301819.05,716745.8,639383.3875,504961.575,535566.4393608482,1.479787119726225,129692.42,41497.6,18,0.13809441312009993,5,3,468389.12523809524,648462.1,2025-07-28,Electronics
648462.1,261499.09999999998,151860.0,63623.4,476044.1499999999,496426.1125,324055.9740484607,-0.2336537478443227,124236.625,45424.25,14,0.11329518057492415,4,3,468389.12523809524,496946.5,2025-08-04,Electronics
496946.5,648462.1,842355.4,396184.75,562315.7749999999,550591.5,245361.77028571983,-0.4171572795059427,57928.33,32479.4,10,0.11191310793108662,5,3,468389.12523809524,289641.65,2025-08-11,Electronics
289641.65,496946.5,261499.09999999998,305605.1,424137.33749999997,537273.6125,182722.97745297095,-0.43332666417278043,41033.05,16177.25,12,0.15254666921830595,4,3,468389.12523809524,164132.2,2025-08-18,Electronics
164132.2,289641.65,648462.1,1301819.05,399795.61249999993,519589.50000000006,215208.77955543686,0.8738851974201285,102521.63333333335,40164.666666666664,7,0.1470258187870832,3,3,468389.12523809524,307564.9,2025-08-25,Electronics
307564.9,164132.2,496946.5,151860.0,314571.31249999994,395307.73125,137311.3414518652,-0.3272829571904987,68968.05,23565.333333333332,10,0.1176670064292602,3,3,468389.12523809524,206904.15,2025-09-01,Electronics
206904.15,307564.9,289641.65,842355.4,242060.72499999995,402188.25,67979.36240922191,1.08884621212286,86438.19,27164.2,18,0.13226734295265105,5,3,468389.12523809524,432190.95,2025-09-08,Electronics
432190.95,206904.15,164132.2,261499.09999999998,277698.04999999993,350917.69375000003,119260.30834937694,1.7890256609954465,150673.95625,49224.375,26,0.11937143411858048,8,3,468389.12523809524,1205391.65,2025-09-15,Electronics
1205391.65,432190.95,307564.9,648462.1,538012.9124999999,468904.2625,454361.0774424259,-0.9507049430780444,29709.925,16677.5,3,0.17123922732166402,2,3,468389.12523809524,59419.85,2025-09-22,Electronics
59419.85,1205391.65,206904.15,496946.5,475976.6499999999,395273.98125,509863.7097734975,6.100224083366081,140631.41666666666,31013.333333333332,15,0.17438637411114832,3,3,468389.12523809524,421894.25,2025-09-29,Electronics
974242.8,694431.0,695171.3,1124187.65,646247.9375,687750.4375,312520.31260423,-0.24152146672266916,184735.5625,59814.5,13,0.07998052936647326,4,4,506775.32333333336,738942.25,2023-11-27,Furniture
738942.25,974242.8,221146.65,546463.5,657190.675,639594.7625,315555.91344287555,-0.24097410859914958,80125.18571428572,42188.0,19,0.12250823163396028,7,4,506775.32333333336,560876.3,2023-12-04,Furniture
560876.3,738942.25,694431.0,599635.3,742123.0875,641396.3624999999,172254.28088290693,-0.30249825139696584,130404.06666666667,53803.0,9,0.11544265889270428,3,4,506775.32333333336,391212.2,2023-12-11,Furniture
391212.2,560876.3,974242.8,646725.2999999999,666318.3875000001,615343.475,249595.0837089492,-0.4452982294519445,108503.05,37878.5,5,0.1513359175826221,2,4,506775.32333333336,217006.1,2023-12-18,Furniture
217006.1,391212.2,738942.25,695171.3,477009.2125,561628.575,224057.54496209358,0.32704103709527055,95992.0,38147.0,9,0.16450281193909286,3,4,506775.32333333336,287976.0,2023-12-25,Furniture
287976.0,217006.1,560876.3,221146.65,364267.65,510729.16250000003,149317.7261163252,1.463287218379309,101338.22857142857,43021.57142857143,19,0.14790363691997185,7,4,506775.32333333336,709367.6,2024-01-01,Furniture
709367.6,287976.0,391212.2,694431.0,401390.475,571756.78125,217419.67688390674,-0.9003957891507872,35328.0,18475.0,4,0.14342953657753654,2,4,506775.32333333336,70656.0,2024-01-08,Furniture
70656.0,709367.6,217006.1,974242.8,321251.42500000005,493784.90625000006,274108.6001452995,15.138485762001814,162897.2642857143,48924.857142857145,26,0.17497352109975625,7,4,506775.32333333336,1140280.85,2024-01-15,Furniture
1140280.85,70656.0,287976.0,738942.25,552070.1125,514539.66250000003,473370.75647439813,-0.7615197168311649,90644.83333333333,46861.0,9,0.152144111336296,3,4,506775.32333333336,271934.5,2024-01-22,Furniture
271934.5,1140280.85,709367.6,560876.3,548059.7375,456163.69375000003,476412.12829456,0.7842243260785224,97038.43,46531.6,13,0.2056920963556919,5,4,506775.32333333336,485192.14999999997,2024-01-29,Furniture
485192.14999999997,271934.5,70656.0,391212.2,492015.875,446703.175,464138.6276090842,-0.4840330784411907,125171.55,34476.5,8,0.15545824253267335,2,4,506775.32333333336,250343.1,2024-02-05,Furniture
250343.1,485192.14999999997,1140280.85,217006.1,536937.65,429094.53750000003,415958.21879771975,0.5769440020515844,98694.2625,44231.5,10,0.1840212161908013,4,4,506775.32333333336,394777.05,2024-02-12,Furniture
394777.05,250343.1,271934.5,287976.0,350561.69999999995,451315.90625,110009.63534864357,-0.03111452400791781,63748.958333333336,28926.833333333332,16,0.13371676586573264,6,4,506775.32333333336,382493.75,2024-02-19,Furniture
382493.75,394777.05,485192.14999999997,709367.6,378201.51249999995,463130.625,96760.77357043422,-0.5611716531315871,33569.82,17821.6,12,0.13709522872447705,5,4,506775.32333333336,167849.1,2024-02-26,Furniture
167849.1,382493.75,250343.1,70656.0,298865.75,395440.8125,109106.11041845837,2.2835716724129,275572.275,70300.0,9,0.1495450112416607,2,4,506775.32333333336,551144.55,2024-03-04,Furniture
551144.55,167849.1,394777.05,1140280.85,374066.1125,455501.88125,157461.31511985892,0.016741978125339285,112074.36000000002,31370.8,20,0.20646120701626286,5,4,506775.32333333336,560371.8,2024-03-11,Furniture
560371.8,551144.55,382493.75,271934.5,415464.8,383013.25,184216.95382859017,-0.649888698895983,98096.25,20159.5,10,0.17830399058923732,2,4,506775.32333333336,196192.5,2024-03-18,Furniture
196192.5,560371.8,167849.1,485192.14999999997,368889.48750000005,373545.5,216120.23714046428,-0.14691055978184686,55789.916666666664,26116.666666666668,8,0.1673754851311663,3,4,506775.32333333336,167369.75,2024-03-25,Furniture
167369.75,196192.5,551144.55,250343.1,368769.65,333817.7,216268.95327867774,4.168516413509609,144175.55,51831.5,19,0.13557411327245691,6,4,506775.32333333336,865053.2999999999,2024-04-01,Furniture
865053.2999999999,167369.75,560371.8,394777.05,447246.8375,410656.475,331018.1071242864,-0.2101272834864626,113880.33333333333,40136.333333333336,21,0.13380155960218407,6,4,506775.32333333336,683282.0,2024-04-08,Furniture
683282.0,865053.2999999999,196192.5,382493.75,477974.38749999995,446719.59375,350170.23155992845,0.05321697337263376,79960.46666666666,34750.11111111111,22,0.17269206885525348,9,4,506775.32333333336,719644.2,2024-04-15,Furniture
719644.2,683282.0,167369.75,167849.1,608837.3125,488863.4,304609.26819161954,-0.32502825701923255,242869.75,56851.5,9,0.1978227459941492,2,4,506775.32333333336,485739.5,2024-04-22,Furniture
485739.5,719644.2,865053.2999999999,551144.55,688429.75,528599.7,156290.38899703146,-0.18700795385180746,98725.5875,49254.0,10,0.1316040050748895,4,4,506775.32333333336,394902.35,2024-04-29,Furniture
394902.35,485739.5,683282.0,560371.8,570892.0125,509069.42500000005,155972.2563665431,-0.19203367617336287,106355.93333333333,52432.333333333336,7,0.14002827579500646,3,4,506775.32333333336,319067.8,2024-05-06,Furniture
319067.8,394902.35,719644.2,196192.5,479838.4625,478906.425,173784.3137424441,1.1011388488590828,111734.29166666667,45921.833333333336,18,0.12610701115427603,6,4,506775.32333333336,670405.75,2024-05-13,Furniture
670405.75,319067.8,485739.5,167369.75,467528.85,538183.08125,151444.11091927043,-0.598506874381671,134581.65,43767.0,6,0.21518052129204793,2,4,506775.32333333336,269163.3,2024-05-20,Furniture
269163.3,670405.75,394902.35,865053.2999999999,413384.8,550907.275,178975.70342382116,0.034698266814235046,92834.26666666666,42121.0,9,0.12201003885925615,3,4,506775.32333333336,278502.8,2024-05-27,Furniture
278502.8,269163.3,319067.8,683282.0,384284.9125,477588.4625,191973.30231406447,0.9516214917767436,90588.675,25376.333333333332,24,0.18018884810884916,6,4,506775.32333333336,543532.05,2024-06-03,Furniture
543532.05,278502.8,670405.75,719644.2,440400.975,460119.71875,199224.8106714224,0.5684095353714653,142080.1416666667,45780.833333333336,18,0.1651331918315332,6,4,506775.32333333336,852480.8500000001,2024-06-10,Furniture
852480.8500000001,543532.05,269163.3,485739.5,485919.75,476724.3,275494.3235400716,-0.5617899803848967,53366.52142857143,40637.142857142855,15,0.16352867829064305,7,4,506775.32333333336,373565.65,2024-06-17,Furniture
373565.65,852480.8500000001,278502.8,394902.35,512020.3375,462702.56875,252062.4852473634,0.3251732326031582,165013.06666666668,45290.666666666664,12,0.1489090668371528,3,4,506775.32333333336,495039.2,2024-06-24,Furniture
495039.2,373565.65,543532.05,319067.8,566154.4375000001,475219.67500000005,203831.9610093258,-0.7244145514133022,136425.6,50528.0,3,0.20102253535993098,1,4,506775.32333333336,136425.6,2024-07-01,Furniture
136425.6,495039.2,852480.8500000001,670405.75,464377.825,452389.4,298531.7352989028,3.8103380157389815,109375.54166666667,38140.5,21,0.14272888867668043,6,4,506775.32333333336,656253.25,2024-07-08,Furniture
656253.25,136425.6,373565.65,269163.3,415320.92500000005,450620.3375,219035.38062457874,-0.828032242126039,56427.2,21422.0,5,0.1475749078235718,2,4,506775.32333333336,112854.4,2024-07-15,Furniture
112854.4,656253.25,495039.2,278502.8,350143.11250000005,431081.72500000003,268749.8221284196,3.2717169202086938,96416.41,47532.2,13,0.1395229350597395,5,4,506775.32333333336,482082.05,2024-07-22,Furniture
482082.05,112854.4,136425.6,543532.05,346903.82499999995,456529.13125,266489.79705544835,-0.42729977189567625,276088.5,64962.0,5,0.24897560021514753,1,4,506775.32333333336,276088.5,2024-07-29,Furniture
276088.5,482082.05,656253.25,852480.8500000001,381819.55000000005,423098.6875,237267.59256906866,-0.09236712141215586,125293.5,42353.0,8,0.09266242381722509,2,4,506775.32333333336,250587.0,2024-08-05,Furniture
250587.0,276088.5,112854.4,373565.65,280402.9875,347861.95625000005,152375.17441839777,-0.13097487100288518,108883.20000000001,46021.5,5,0.14235322324183555,2,4,506775.32333333336,217766.40000000002,2024-08-12,Furniture
217766.40000000002,250587.0,482082.05,495039.2,306630.9875,328387.05,119378.61662446288,2.1940388875418795,139110.87,52176.4,17,0.17394705833873564,5,4,506775.32333333336,695554.35,2024-08-19,Furniture
695554.35,217766.40000000002,276088.5,136425.6,359999.0625,353451.44375,224973.67488265267,-0.32430384483973107,156661.13333333333,44298.333333333336,13,0.1923611889876078,3,4,506775.32333333336,469983.4,2024-08-26,Furniture
469983.4,695554.35,250587.0,656253.25,408472.7875,395146.16875,221732.74236143052,0.8203903584679799,95061.47222222222,45676.666666666664,20,0.14213753442060853,9,4,506775.32333333336,855553.25,2024-09-02,Furniture
855553.25,469983.4,217766.40000000002,112854.4,559714.35,420058.66875,277460.6303906405,-0.31417658690443884,83822.6357142857,40593.142857142855,16,0.1591617240992715,7,4,506775.32333333336,586758.45,2024-09-09,Furniture
586758.45,855553.25,695554.35,482082.05,651962.3625,479296.675,164029.879234569,-0.18966757104222354,237734.7,63543.0,9,0.11169871583785718,2,4,506775.32333333336,475469.4,2024-09-16,Furniture
475469.4,586758.45,469983.4,276088.5,596941.125,478470.09375,180607.8274224961,0.4555001857112151,115340.96666666667,44742.166666666664,15,0.11486497397758814,6,4,506775.32333333336,692045.8,2024-09-23,Furniture
692045.8,475469.4,855553.25,250587.0,652456.7250000001,530464.75625,161716.07823081224,-0.4615989288570208,74519.64,39815.8,12,0.14673204478742613,5,4,506775.32333333336,372598.2,2024-09-30,Furniture
372598.2,692045.8,586758.45,217766.40000000002,531717.9625,545716.15625,138103.18647426477,0.5206844799572299,70825.53749999999,31514.875,26,0.15950789957008815,8,4,506775.32333333336,566604.2999999999,2024-10-07,Furniture
566604.2999999999,372598.2,475469.4,695554.35,526679.425,589320.89375,135773.7384798784,-0.07647268119920714,87212.425,26046.833333333332,21,0.1659452377851322,6,4,506775.32333333336,523274.55,2024-10-14,Furniture
523274.55,566604.2999999999,692045.8,469983.4,538630.7125,567785.9187500001,131809.6071410599,0.8011824767705595,117814.11875,43522.375,23,0.15839448095037345,8,4,506775.32333333336,942512.95,2024-10-21,Furniture
942512.95,523274.55,372598.2,855553.25,601247.5,626852.1125,242227.53902899844,-0.5694103725577457,101459.075,37059.25,12,0.12552177770266176,4,4,506775.32333333336,405836.3,2024-10-28,Furniture
405836.3,942512.95,566604.2999999999,586758.45,609557.025,570637.49375,232128.83194767975,0.840917877479171,186777.825,43774.0,17,0.14942571753695588,4,4,506775.32333333336,747111.3,2024-11-04,Furniture
747111.3,405836.3,523274.55,475469.4,654683.775,590681.6000000001,238454.6998123421,-0.6676958305944509,82756.06666666667,49513.0,6,0.2106574265784604,3,4,506775.32333333336,248268.2,2024-11-11,Furniture
248268.2,747111.3,942512.95,692045.8,585932.1875,562281.45,316006.3520670546,-0.46003918343146644,67027.55,36626.5,3,0.10698766343555112,2,4,506775.32333333336,134055.1,2024-11-18,Furniture
134055.1,248268.2,405836.3,372598.2,383817.72500000003,492532.6125,266597.1254258174,1.6767153953859268,179413.675,53435.5,7,0.15377623674678012,2,4,506775.32333333336,358827.35,2024-11-25,Furniture
358827.35,134055.1,747111.3,566604.2999999999,372065.48750000005,490811.25625,266338.95866515127,-0.3649043195843349,45577.94,18243.6,12,0.14962498325406282,5,4,506775.32333333336,227889.7,2024-12-02,Furniture
227889.7,358827.35,248268.2,523274.55,242260.08750000002,448471.93125,92265.65171527115,2.4090551262299256,97111.06874999999,36977.75,24,0.16407139928121386,8,4,506775.32333333336,776888.5499999999,2024-12-09,Furniture
776888.5499999999,227889.7,134055.1,942512.95,374415.175,480173.68125,283707.876961557,-0.09444437043125431,117252.63333333332,45958.166666666664,15,0.13612023535223752,6,4,506775.32333333336,703515.7999999999,2024-12-16,Furniture
703515.7999999999,776888.5499999999,358827.35,405836.3,516780.35,450299.0375,265162.44194855646,0.1810964302436422,138486.66666666666,47588.0,22,0.1778791834651099,6,4,506775.32333333336,830920.0,2024-12-23,Furniture
830920.0,703515.7999999999,227889.7,747111.3,634803.5125,503434.5,276254.7518791799,0.1427060366822317,158249.55,44299.333333333336,23,0.14828296213766798,6,4,506775.32333333336,949497.2999999999,2024-12-30,Furniture
949497.2999999999,830920.0,776888.5499999999,248268.2,815205.4125,528732.75,103640.42133075981,-0.5646774877611553,68889.59166666666,34478.333333333336,14,0.1777821496554789,6,4,506775.32333333336,413337.55,2025-01-06,Furniture
413337.55,949497.2999999999,703515.7999999999,134055.1,724317.6624999999,549366.41875,230370.191473837,1.1650127117654812,149146.84166666667,47650.0,22,0.16763682108678166,6,4,506775.32333333336,894881.05,2025-01-13,Furniture
894881.05,413337.55,830920.0,358827.35,772158.975,644469.6625,244073.25560453685,-0.47799453346341403,233566.4,60719.0,8,0.16209497157245445,2,4,506775.32333333336,467132.8,2025-01-20,Furniture
467132.8,894881.05,949497.2999999999,227889.7,681212.1749999999,658007.8437499999,280010.76762588526,0.3942964398988895,130264.31999999999,40676.2,19,0.18740701583892833,5,4,506775.32333333336,651321.6,2025-01-27,Furniture
651321.6,467132.8,413337.55,776888.5499999999,606668.25,710936.83125,217491.33401835797,-0.682775298715719,68871.76666666666,32031.666666666668,8,0.11361668499354009,3,4,506775.32333333336,206615.3,2025-02-03,Furniture
206615.3,651321.6,894881.05,703515.7999999999,554987.6875,639652.6749999999,290912.0841991051,2.8307368815378147,158297.77,47160.8,20,0.1597342497234165,5,4,506775.32333333336,791488.85,2025-02-10,Furniture
791488.85,206615.3,467132.8,830920.0,529139.6375,650649.3062499999,252733.28328251935,-0.7172516075242248,55948.05,26781.0,10,0.1247664632442715,4,4,506775.32333333336,223792.2,2025-02-17,Furniture
223792.2,791488.85,651321.6,949497.2999999999,468304.48749999993,574758.3312499999,297887.49846503086,0.76369171937181,131566.81666666668,29369.666666666668,11,0.08602009713851227,3,4,506775.32333333336,394700.45,2025-02-24,Furniture
394700.45,223792.2,206615.3,413337.55,404149.19999999995,505408.725,271826.8888078675,0.14277409615317138,150351.15,60190.333333333336,8,0.18972977047309594,3,4,506775.32333333336,451053.45,2025-03-03,Furniture
451053.45,394700.45,791488.85,894881.05,465258.7375,510123.21249999997,237986.3001392386,-0.5707648395107054,193608.0,48402.0,4,0.1166091793727526,1,4,506775.32333333336,193608.0,2025-03-10,Furniture
193608.0,451053.45,223792.2,467132.8,315788.525,422464.08124999993,126379.1865053227,0.2087950911119374,58508.1,37439.25,10,0.11893956407794375,4,4,506775.32333333336,234032.4,2025-03-17,Furniture
234032.4,193608.0,394700.45,651321.6,318348.575,393326.53125,123975.29469312482,1.556983776605291,119683.41,32042.2,17,0.11809980093232939,5,4,506775.32333333336,598417.05,2025-03-24,Furniture
598417.05,234032.4,451053.45,206615.3,369277.725,386713.4625,190037.9345259446,-0.5104207007470793,73243.15,29458.5,13,0.1561381308474696,4,4,506775.32333333336,292972.6,2025-03-31,Furniture
292972.6,598417.05,193608.0,791488.85,329757.5125,397508.125,183694.55063090546,-0.3684126092337645,61679.26666666666,26747.333333333332,8,0.16663186012040368,3,4,506775.32333333336,185037.8,2025-04-07,Furniture
185037.8,292972.6,234032.4,223792.2,327614.9625,321701.74375,185849.22844836337,2.6341704235567005,112076.48333333334,35099.333333333336,18,0.18215222285161806,6,4,506775.32333333336,672458.9,2025-04-14,Furniture
672458.9,185037.8,598417.05,394700.45,437221.58749999997,377785.08125000005,235035.46072556183,-0.6896072756268079,104363.175,40656.5,6,0.1711302981577154,2,4,506775.32333333336,208726.35,2025-04-21,Furniture
208726.35,672458.9,292972.6,451053.45,339798.9125,354538.31875,226558.59389894476,-0.4385591469404797,58593.75,38757.5,4,0.09929344700823643,2,4,506775.32333333336,117187.5,2025-04-28,Furniture
117187.5,208726.35,185037.8,193608.0,295852.6375,312805.075,254050.1436697066,4.973565013333333,116671.19166666667,42526.666666666664,21,0.14551333260958782,6,4,506775.32333333336,700027.15,2025-05-05,Furniture
700027.15,117187.5,672458.9,234032.4,424599.975,376107.46875,304629.8448866,-0.48354395968784925,90383.3125,62216.25,6,0.12829135205406325,4,4,506775.32333333336,361533.25,2025-05-12,Furniture
361533.25,700027.15,208726.35,598417.05,346868.5625,392045.07499999995,256107.2056320627,2.7733799035081836,170525.2875,52034.0,28,0.20618533782780712,8,4,506775.32333333336,1364202.3,2025-05-19,Furniture
1364202.3,361533.25,117187.5,292972.6,635737.55,487768.23125,541256.6234095787,-0.7029363606849219,135084.96666666667,37096.333333333336,13,0.08616259664325403,3,4,506775.32333333336,405254.9,2025-05-26,Furniture
405254.9,1364202.3,700027.15,185037.8,707754.4,501803.51875,462730.5148120036,0.8220069640120329,147675.45,54476.2,16,0.16515289230640778,5,4,506775.32333333336,738377.25,2025-06-02,Furniture
738377.25,405254.9,361533.25,672458.9,717341.925,570970.9500000001,462914.30237197725,-0.07087630340723516,114340.63333333335,38445.166666666664,20,0.12272410567812982,6,4,506775.32333333336,686043.8,2025-06-09,Furniture
686043.8,738377.25,1364202.3,208726.35,798469.5625,572669.0625,404525.2110724118,-0.6539073015454699,79144.91666666667,61031.666666666664,5,0.14469098403355918,3,4,506775.32333333336,237434.75,2025-06-16,Furniture
237434.75,686043.8,405254.9,117187.5,516777.67500000005,576257.6125,236803.1473636223,1.2416021664899515,177411.41666666666,69231.66666666667,8,0.16323423839873843,3,4,506775.32333333336,532234.25,2025-06-23,Furniture
532234.25,237434.75,738377.25,700027.15,548522.5125000001,628138.45625,225090.96630723675,-0.03351503590759142,171465.46666666667,47572.666666666664,11,0.14131450811364135,3,4,506775.32333333336,514396.4,2025-06-30,Furniture
514396.4,532234.25,686043.8,361533.25,492527.30000000005,604934.6125,186704.52971729124,-0.3817344950314583,106011.18333333333,61735.333333333336,6,0.18003788603719392,3,4,506775.32333333336,318033.55,2025-07-07,Furniture
318033.55,514396.4,237434.75,1364202.3,400524.7375,599497.15,145736.39586757452,0.591326606894147,126523.8125,50471.25,11,0.10168588669300906,4,4,506775.32333333336,506095.25,2025-07-14,Furniture
506095.25,318033.55,532234.25,405254.9,467689.86250000005,492233.76875,100365.10725531296,1.786299219366315,141013.28,45142.0,36,0.1551547937949705,10,4,506775.32333333336,1410132.8,2025-07-21,Furniture
1410132.8,506095.25,514396.4,738377.25,687164.5,617843.5062500001,490433.72325794963,-0.7813047820744259,61677.86,36153.2,9,0.16322725647119798,5,4,506775.32333333336,308389.3,2025-07-28,Furniture
308389.3,1410132.8,318033.55,686043.8,635662.725,564095.0125000001,524273.40678021323,2.150942818054972,138816.72142857144,39342.142857142855,29,0.18038525915296386,7,4,506775.32333333336,971717.05,2025-08-04,Furniture
971717.05,308389.3,506095.25,237434.75,799083.6000000001,599804.16875,493222.9050398193,0.11478413392046583,180542.45833333334,54125.833333333336,20,0.17939337026895094,6,4,506775.32333333336,1083254.75,2025-08-11,Furniture
1083254.75,971717.05,1410132.8,532234.25,943373.4750000001,705531.66875,462399.28608447406,-0.46481633244626896,115948.05,46583.4,14,0.13351063888072615,5,4,506775.32333333336,579740.25,2025-08-18,Furniture
579740.25,1083254.75,308389.3,514396.4,735775.3375000001,711469.91875,357498.81463200325,-0.16325250834317606,97019.24,40058.2,12,0.11621154167185026,5,4,506775.32333333336,485096.2,2025-08-25,Furniture
485096.2,579740.25,971717.05,318033.55,779952.0625,707807.3937499999,291999.47499424976,-0.5908590914544373,66157.56666666667,43002.666666666664,5,0.15933802335998068,3,4,506775.32333333336,198472.7,2025-09-01,Furniture
198472.7,485096.2,1083254.75,506095.25,586640.9750000001,692862.2875,368627.5503230653,-0.1932059169850564,40031.65,35955.0,5,0.10630330721508185,4,4,506775.32333333336,160126.6,2025-09-08,Furniture
160126.6,198472.7,579740.25,1410132.8,355858.9375,649616.20625,208091.87698613276,0.2807603483743486,41016.759999999995,33746.8,7,0.18532688437600986,5,4,506775.32333333336,205083.8,2025-09-15,Furniture
205083.8,160126.6,485096.2,308389.3,262194.825,498985.08125,149916.78127392946,2.170091689348452,130026.88999999998,51329.8,16,0.13203721456819792,5,4,506775.32333333336,650134.45,2025-09-22,Furniture
650134.45,205083.8,198472.7,971717.05,303454.3875,541703.2250000001,231968.27915334326,-0.8349955151584414,35758.36666666667,14817.0,7,0.1381248825290008,3,4,506775.32333333336,107275.1,2025-09-29,Furniture
357646.65,725746.0,128399.75,74432.75,505863.67499999993,412279.43124999997,319535.2547453632,0.004551839084750098,89818.65,40868.5,12,0.1190044849327769,4,5,444343.4132352941,359274.6,2023-12-11,Groceries
359274.6,357646.65,811662.2999999999,524555.2,563582.3875,447884.6625,239438.14804514882,-0.6538533478292092,41453.9,26613.333333333332,6,0.1696590236498051,3,5,444343.4132352941,124361.7,2023-12-18,Groceries
124361.7,359274.6,725746.0,199331.8,391757.2375,397860.475,248507.22381837442,8.174330601784956,190155.8916666667,51476.5,24,0.11036133135921516,6,5,444343.4132352941,1140935.35,2023-12-25,Groceries
1140935.35,124361.7,357646.65,476461.0,495554.575,515560.91874999995,444181.3903328881,-0.7349567615728622,60479.44,46499.0,7,0.14723455564802831,5,5,444343.4132352941,302397.2,2024-01-01,Groceries
302397.2,1140935.35,359274.6,128399.75,481742.21249999997,493802.94375,450710.3182244415,0.1805105999658725,89245.775,38757.75,10,0.17554384649272475,4,5,444343.4132352941,356983.1,2024-01-08,Groceries
356983.1,302397.2,124361.7,811662.2999999999,481169.3375,522375.8625,450919.2759091169,-0.7009247776715479,106764.8,66728.0,2,0.2395151772868938,1,5,444343.4132352941,106764.8,2024-01-15,Groceries
106764.8,356983.1,1140935.35,725746.0,476770.11250000005,434263.675,455622.0052335276,3.4731400236782157,95514.78,29284.6,18,0.1561934953259271,5,5,444343.4132352941,477573.9,2024-01-22,Groceries
477573.9,106764.8,302397.2,357646.65,310929.75,403242.1625,154539.43940350635,-0.4652365843275774,63847.2625,32021.5,7,0.13673949643240052,4,5,444343.4132352941,255389.05,2024-01-29,Groceries
255389.05,477573.9,356983.1,359274.6,299177.7125,390459.9625,157169.5882360112,2.569287915828811,101284.11666666667,31496.0,32,0.12020198175464593,9,5,444343.4132352941,911557.05,2024-02-05,Groceries
911557.05,255389.05,106764.8,124361.7,437821.2,459495.26875000005,350659.2657966301,-0.5459170657503005,103480.625,41624.5,8,0.10193552368544653,4,5,444343.4132352941,413922.5,2024-02-12,Groceries
413922.5,911557.05,477573.9,1140935.35,514610.625,495690.36875,280637.43322449725,0.5763546316037422,108748.10833333334,41344.5,20,0.12130938647505873,6,5,444343.4132352941,652488.65,2024-02-19,Groceries
652488.65,413922.5,255389.05,302397.2,558339.3125,434634.53125000006,286508.8393736959,-0.7652602079744989,38291.2625,19162.0,15,0.12192569502769493,4,5,444343.4132352941,153165.05,2024-02-26,Groceries
153165.05,652488.65,911557.05,356983.1,532783.3125,415980.5125,324569.88462547725,2.59878575432189,78744.02857142857,24781.0,20,0.13867201511580757,7,5,444343.4132352941,551208.2,2024-03-04,Groceries
551208.2,153165.05,413922.5,106764.8,442696.1,440258.65,216366.92511639802,0.3115463449201228,120489.18333333333,36572.5,22,0.1610781264788054,6,5,444343.4132352941,722935.1,2024-03-11,Groceries
722935.1,551208.2,652488.65,477573.9,519949.25,517279.9375,254478.36789356964,-0.05507340838755792,170780.15,57837.75,13,0.12622781711765163,4,5,444343.4132352941,683120.6,2024-03-18,Groceries
683120.6,722935.1,153165.05,255389.05,527607.2375,542973.2749999999,260193.09303898824,0.26206185262163073,107767.55625,40363.875,22,0.16677619601963525,8,5,444343.4132352941,862140.45,2024-03-25,Groceries
862140.45,683120.6,551208.2,911557.05,704851.0874999999,618817.2,127991.30963999301,-0.7929047407530873,59515.06666666667,30758.333333333332,6,0.1754122424736674,3,5,444343.4132352941,178545.2,2024-04-01,Groceries
178545.2,862140.45,722935.1,413922.5,611685.3374999999,527190.71875,298785.1226080134,1.2740566534412574,81204.38,38443.2,12,0.17232798143650702,5,5,444343.4132352941,406021.9,2024-04-08,Groceries
406021.9,178545.2,683120.6,652488.65,532457.0375,526203.14375,301457.62237286736,1.7179065956787056,157647.0857142857,46177.142857142855,27,0.15257404623520385,7,5,444343.4132352941,1103529.5999999999,2024-04-15,Groceries
1103529.5999999999,406021.9,862140.45,153165.05,637559.2875,582583.2625,421057.60691184195,-0.45113003765372484,151423.5625,50326.5,12,0.22490423445160018,4,5,444343.4132352941,605694.25,2024-04-22,Groceries
605694.25,1103529.5999999999,178545.2,551208.2,573447.7375,639149.4125,394126.0558528607,0.938759696001737,195715.93333333335,59037.666666666664,19,0.12428763877980442,6,5,444343.4132352941,1174295.6,2024-05-06,Groceries
1174295.6,605694.25,406021.9,722935.1,822385.3374999999,717035.3374999999,375586.8602060144,-0.7899319387724862,82227.33333333333,47856.666666666664,9,0.1492520651095317,3,5,444343.4132352941,246682.0,2024-05-13,Groceries
246682.0,1174295.6,1103529.5999999999,683120.6,782550.3625,657503.7,437768.96055151307,0.7587967504722679,108465.875,32260.0,13,0.11872557918177354,4,5,444343.4132352941,433863.5,2024-05-20,Groceries
433863.5,246682.0,605694.25,862140.45,615133.8375,626346.5625,400569.0428497801,1.1375841710584091,185483.95,43022.0,22,0.1500395147154309,5,5,444343.4132352941,927419.75,2024-05-27,Groceries
927419.75,433863.5,1174295.6,178545.2,695565.2125,634506.4750000001,429310.7791429544,-0.7195409090651779,86701.09999999999,32275.666666666668,9,0.1514204899727393,3,5,444343.4132352941,260103.3,2024-06-03,Groceries
260103.3,927419.75,246682.0,406021.9,467017.1375,644701.2375,318554.35864879057,-0.5926424232218508,35318.35,26709.333333333332,8,0.21624639512413527,3,5,444343.4132352941,105955.04999999999,2024-06-10,Groceries
105955.04999999999,260103.3,433863.5,1103529.5999999999,431835.4,607192.88125,356509.87730172125,4.623513933502934,74479.9625,35733.625,22,0.13929509226423775,8,5,444343.4132352941,595839.7,2024-06-17,Groceries
595839.7,105955.04999999999,927419.75,605694.25,472329.44999999995,543731.64375,365892.562887129,-0.8578892947213823,84675.2,26461.0,4,0.16076548977740637,1,5,444343.4132352941,84675.2,2024-06-24,Groceries
84675.2,595839.7,260103.3,1174295.6,261643.31249999997,478604.2625,236111.65789278035,5.815048562034693,115413.12,41824.8,17,0.12133887379112392,5,5,444343.4132352941,577065.6,2024-07-01,Groceries
577065.6,84675.2,105955.04999999999,246682.0,340883.88749999995,403950.51249999995,283794.9482088209,-0.887934751265714,64669.0,64669.0,1,0.07827367053765981,1,5,444343.4132352941,64669.0,2024-07-08,Groceries
64669.0,577065.6,595839.7,433863.5,330562.375,381198.88749999995,295688.8504227192,9.748081770245403,115844.61666666665,51866.666666666664,17,0.15527898102783214,6,5,444343.4132352941,695067.7,2024-07-15,Groceries
695067.7,64669.0,84675.2,927419.75,355369.375,413849.4125,327783.5732060244,-0.7389606796575354,60480.0,30328.333333333332,8,0.15073424885677983,3,5,444343.4132352941,181440.0,2024-07-22,Groceries
181440.0,695067.7,577065.6,260103.3,379560.57499999995,320601.94375,303842.8579986304,1.8735094246031747,104273.91,49096.8,13,0.1100213854238163,5,5,444343.4132352941,521369.55000000005,2024-07-29,Groceries
521369.55000000005,181440.0,64669.0,105955.04999999999,365636.5625,353260.225,292852.3433770148,-0.7367178424593458,68633.65,21634.5,8,0.17476893477845457,2,5,444343.4132352941,137267.3,2024-08-05,Groceries
137267.3,521369.55000000005,695067.7,595839.7,383786.1375,357174.25625,269283.5575814133,1.8460685829764265,78134.43000000001,28718.4,17,0.17425488283908247,5,5,444343.4132352941,390672.15,2024-08-12,Groceries
390672.15,137267.3,181440.0,84675.2,307687.25,331528.3125,180303.3984259728,0.6136873334840989,90060.3857142857,31634.285714285714,21,0.1523572397344317,7,5,444343.4132352941,630422.7,2024-08-19,Groceries
630422.7,390672.15,521369.55000000005,577065.6,419932.925,399746.75,212407.92733259161,0.9717024783530164,207167.66666666666,52312.666666666664,27,0.1420257674384087,6,5,444343.4132352941,1243006.0,2024-08-26,Groceries
1243006.0,630422.7,137267.3,64669.0,600342.0375,482989.30000000005,473399.5807587204,-0.8541251611013945,45330.825,21891.75,12,0.11081342921665904,4,5,444343.4132352941,181323.3,2024-09-02,Groceries
181323.3,1243006.0,390672.15,695067.7,611356.0375,497571.0875,459338.20012020075,0.09502639760030851,198553.8,52251.0,4,0.09090357374172597,1,5,444343.4132352941,198553.8,2024-09-09,Groceries
198553.8,181323.3,630422.7,181440.0,563326.45,435506.85,498481.5911847397,1.3605536635410655,117174.225,40309.25,12,0.10488010146347157,4,5,444343.4132352941,468696.9,2024-09-16,Groceries
468696.9,198553.8,1243006.0,521369.55000000005,522895.0,471413.9625,497783.6633930246,-0.4549300411417272,127736.3,36042.5,7,0.2062399679239113,2,5,444343.4132352941,255472.6,2024-09-23,Groceries
255472.6,468696.9,181323.3,137267.3,276011.65,438176.84375,132306.53838064882,2.206665607192317,163843.03999999998,46901.6,19,0.16577336402516343,5,5,444343.4132352941,819215.2,2024-09-30,Groceries
819215.2,255472.6,198553.8,390672.15,435484.625,523420.33125,281005.78545662697,-0.8033428212757772,53701.51666666666,19369.666666666668,9,0.13434504687210777,3,5,444343.4132352941,161104.55,2024-10-07,Groceries
161104.55,819215.2,468696.9,630422.7,426122.3125,494724.38125,291941.97626738664,3.305792418649877,86710.34375,42551.5,20,0.1821846964115352,8,5,444343.4132352941,693682.75,2024-10-14,Groceries
693682.75,161104.55,255472.6,1243006.0,482368.77499999997,502631.88749999995,322909.52631764754,-0.32918946016749007,155109.9,53105.333333333336,10,0.20612445706059393,3,5,444343.4132352941,465329.7,2024-10-21,Groceries
465329.7,693682.75,819215.2,181323.3,534833.0499999999,405422.35,289027.1854584991,0.3647510571536696,211686.4,56936.333333333336,13,0.13989122280667352,3,5,444343.4132352941,635059.2,2024-10-28,Groceries
635059.2,465329.7,161104.55,198553.8,488794.05,462139.33749999997,238958.75350039318,-0.9417973946365945,18481.05,15826.0,3,0.1218162833201113,2,5,444343.4132352941,36962.1,2024-11-04,Groceries
36962.1,635059.2,693682.75,468696.9,457758.4375,441940.375,296773.04644061875,18.93720189058522,122820.14166666666,41131.166666666664,21,0.2033420969616644,6,5,444343.4132352941,736920.85,2024-11-11,Groceries
736920.85,36962.1,465329.7,255472.6,468567.96249999997,475468.3687499999,308775.38291464496,-0.36369299362339924,117226.975,39461.0,14,0.11604837344542696,4,5,444343.4132352941,468907.9,2024-11-18,Groceries
468907.9,736920.85,635059.2,819215.2,469462.51249999995,502147.78125,308768.0572948633,-0.09745655810021547,105802.4375,42923.0,10,0.17557252645834776,4,5,444343.4132352941,423209.75,2024-11-25,Groceries
423209.75,468907.9,36962.1,161104.55,416500.15,452647.1,288392.17937761714,0.49649884011415146,90476.12857142858,34905.28571428572,22,0.13395936790103555,7,5,444343.4132352941,633332.9,2024-12-02,Groceries
633332.9,423209.75,736920.85,693682.75,565592.85,511675.64375,145559.75254182826,-0.316231163737112,108263.325,53880.25,10,0.19742584776031172,4,5,444343.4132352941,433053.3,2024-12-09,Groceries
433053.3,633332.9,468907.9,465329.7,489625.9625,479096.96249999997,97796.55996773242,-0.025238001881061622,105530.975,32860.75,14,0.1352238049983009,4,5,444343.4132352941,422123.9,2024-12-16,Groceries
422123.9,433053.3,423209.75,635059.2,477929.9625,473696.2375,103718.53914732709,0.25406723002417064,105874.35,28486.2,20,0.18289437744932907,5,5,444343.4132352941,529371.75,2024-12-23,Groceries
529371.75,422123.9,633332.9,36962.1,504470.4625,460485.30625,98500.37118833076,-0.12201198873948227,66397.43571428572,40049.28571428572,15,0.14838794292227647,7,5,444343.4132352941,464782.05,2024-12-30,Groceries
464782.05,529371.75,433053.3,736920.85,462332.75,513962.8,48215.71113967938,-0.6237030883615234,43724.0125,39271.25,6,0.1914910631720851,4,5,444343.4132352941,174896.05,2025-01-06,Groceries
174896.05,464782.05,422123.9,468907.9,397793.4375,443709.69999999995,155000.58417611636,-0.3111245222519319,60240.8,49877.0,3,0.12554380253545352,2,5,444343.4132352941,120481.6,2025-01-13,Groceries
120481.6,174896.05,529371.75,423209.75,322382.8625,400156.4125,204644.73916982094,-0.7110969641837426,34807.5,38675.0,1,0.13566185448538,1,5,444343.4132352941,34807.5,2025-01-20,Groceries
34807.5,120481.6,464782.05,633332.9,198741.8,351606.13125,186498.56838919295,9.392037635567046,90430.2125,27768.5,14,0.1464374481101808,4,5,444343.4132352941,361720.85,2025-01-27,Groceries
361720.85,34807.5,174896.05,433053.3,172976.5,317654.625,138413.0309570303,-0.551242899047705,81162.4,37028.0,5,0.20005129135039784,2,5,444343.4132352941,162324.8,2025-02-03,Groceries
162324.8,361720.85,120481.6,422123.9,169833.6875,283813.5625,138497.61294595464,-0.6814386957507417,51710.4,19152.0,3,0.12828734645254866,1,5,444343.4132352941,51710.4,2025-02-10,Groceries
51710.4,162324.8,34807.5,529371.75,152640.88749999998,237511.875,150421.49602259026,9.442952481512423,108001.85,40474.8,12,0.15167402097068577,5,5,444343.4132352941,540009.25,2025-02-17,Groceries
540009.25,51710.4,361720.85,464782.05,278941.32499999995,238841.5625,216211.48474157028,-0.6411520728580111,64593.73333333334,36647.333333333336,5,0.13484061069395384,3,5,444343.4132352941,193781.2,2025-02-24,Groceries
193781.2,540009.25,162324.8,174896.05,236956.41249999998,204966.45625,211022.18210630707,1.0361753358942973,78914.5,34389.2,13,0.1138758529792249,5,5,444343.4132352941,394572.5,2025-03-03,Groceries
394572.5,193781.2,51710.4,120481.6,295018.33749999997,232426.0125,215545.26897951713,-0.5357057321531531,36639.55,23008.4,9,0.08802765987356866,5,5,444343.4132352941,183197.75,2025-03-10,Groceries
183197.75,394572.5,540009.25,34807.5,327890.175,240265.53125,171621.82211109085,4.008408400212339,101947.68333333333,42391.333333333336,21,0.14734591791780846,9,5,444343.4132352941,917529.15,2025-03-17,Groceries
917529.15,183197.75,193781.2,361720.85,422270.15,350605.7375,344195.4142684962,-0.9235073893837596,35092.1,22353.0,5,0.13448968899205038,2,5,444343.4132352941,70184.2,2025-03-24,Groceries
70184.2,917529.15,394572.5,162324.8,391370.9,314163.65625,375654.8552964699,13.093414187238723,164855.83333333334,48968.666666666664,21,0.16625994075061137,6,5,444343.4132352941,989135.0,2025-03-31,Groceries
989135.0,70184.2,183197.75,51710.4,540011.525,417514.93125,480376.6710711232,-0.8777465158952014,40308.4,26649.666666666668,6,0.185473211353115,3,5,444343.4132352941,120925.20000000001,2025-04-07,Groceries
120925.20000000001,989135.0,917529.15,540009.25,524443.3875000001,426166.78125,496532.3247213289,1.7735893759117203,111798.95,58307.0,6,0.22806601389768597,3,5,444343.4132352941,335396.85,2025-04-14,Groceries
335396.85,120925.20000000001,70184.2,193781.2,378910.3125,400590.23125,422743.31118864234,-0.7621826203794102,39881.6,14267.0,7,0.17871510302659419,2,5,444343.4132352941,79763.2,2025-04-21,Groceries
79763.2,335396.85,989135.0,394572.5,381305.0625,386337.98124999995,420432.30312448915,7.187858561341573,93298.54285714286,46136.42857142857,18,0.19820593965375813,7,5,444343.4132352941,653089.8,2025-04-28,Groceries
653089.8,79763.2,120925.20000000001,183197.75,297293.7625,418652.64375,262340.79682581907,-0.4975276753671548,65631.91,35514.4,14,0.20562200174116035,5,5,444343.4132352941,328159.55,2025-05-05,Groceries
328159.55,653089.8,335396.85,917529.15,349102.35000000003,436772.86874999997,234931.47162688043,1.7727577941888328,129986.70714285714,39044.57142857143,24,0.1367834310193366,7,5,444343.4132352941,909906.95,2025-05-12,Groceries
909906.95,328159.55,79763.2,70184.2,492729.875,435820.09375,363949.1191465837,0.03332494602882208,188045.91,55267.0,18,0.13208654883132423,5,5,444343.4132352941,940229.55,2025-05-19,Groceries
940229.55,909906.95,653089.8,989135.0,707846.4625,544575.7625,284013.3703288701,-0.5819327843929176,78615.83,53975.2,9,0.13780385515430854,5,5,444343.4132352941,393079.15,2025-05-26,Groceries
393079.15,940229.55,328159.55,120925.20000000001,642843.7999999999,470068.78125,327194.93067521177,0.33833694816934434,175357.44999999998,59082.666666666664,10,0.09639355238182962,3,5,444343.4132352941,526072.35,2025-06-02,Groceries
526072.35,393079.15,909906.95,335396.85,692322.0,520712.17500000005,274461.0435105802,-0.645036466942237,186736.5,43938.0,5,0.14314657284462254,1,5,444343.4132352941,186736.5,2025-06-09,Groceries
186736.5,526072.35,940229.55,79763.2,511529.3875,502129.63125,318075.570486112,0.9185767110339971,119422.76666666666,44175.666666666664,10,0.13280966972366068,3,5,444343.4132352941,358268.3,2025-06-16,Groceries
358268.3,186736.5,393079.15,653089.8,366039.075,536942.76875,139703.98838134197,0.7823714796983154,212855.7333333333,65681.0,10,0.14498262724284325,3,5,444343.4132352941,638567.2,2025-06-23,Groceries
638567.2,358268.3,526072.35,328159.55,427411.08749999997,535127.44375,197506.05956592126,-0.9901365118659399,6298.5,2210.0,3,0.17463840596964758,1,5,444343.4132352941,6298.5,2025-06-30,Groceries
6298.5,638567.2,186736.5,909906.95,297467.625,494894.8125,269002.1583201316,55.2976661109788,118196.95,57735.0,8,0.1349430755346225,3,5,444343.4132352941,354590.85,2025-07-07,Groceries
354590.85,6298.5,358268.3,940229.55,339431.2125,425480.3,258872.165125197,-0.01429520812508267,87380.475,33416.5,12,0.202285504132784,4,5,444343.4132352941,349521.9,2025-07-14,Groceries
349521.9,354590.85,638567.2,393079.15,337244.6125,351641.84375,258696.8978427082,-0.8694631151867738,45625.5,10139.0,5,0.1967708847026291,1,5,444343.4132352941,45625.5,2025-07-21,Groceries
45625.5,349521.9,6298.5,526072.35,189009.1875,308210.13749999995,188965.33632582094,7.611188918477605,130963.26666666666,46311.0,8,0.12163610125042773,3,5,444343.4132352941,392889.8,2025-07-28,Groceries
392889.8,45625.5,354590.85,186736.5,285657.0125,291562.31875,161187.87745559716,0.45883400383517214,114632.2,38990.0,16,0.13476005116939413,5,5,444343.4132352941,573161.0,2025-08-04,Groceries
573161.0,392889.8,349521.9,358268.3,340299.55000000005,339865.38125,219019.05303275172,-0.030480440923230878,185230.2666666667,55072.333333333336,11,0.2099384120970166,3,5,444343.4132352941,555690.8,2025-08-11,Groceries
555690.8,573161.0,45625.5,638567.2,391841.775,364543.19375000003,244669.82635061984,-0.6440992004906326,49442.7,25177.25,10,0.12986907158047473,4,5,444343.4132352941,197770.8,2025-08-18,Groceries
197770.8,555690.8,392889.8,6298.5,429878.10000000003,309443.64375,174738.62191272987,1.8741798587051273,94738.14166666666,37121.333333333336,18,0.19593626701567304,6,5,444343.4132352941,568428.85,2025-08-25,Groceries
568428.85,197770.8,573161.0,354590.85,473762.8625,379709.9375,184142.55748724204,0.7340696201468311,123211.9,36971.0,31,0.134336621935841,8,5,444343.4132352941,985695.2,2025-09-01,Groceries
985695.2,568428.85,555690.8,349521.9,576896.4125,458597.98124999995,322166.65269761736,-0.7935756408269006,67823.83333333333,34337.333333333336,6,0.1287423717866276,3,5,444343.4132352941,203471.5,2025-09-08,Groceries
203471.5,985695.2,197770.8,45625.5,488841.58749999997,440341.68125,373878.73915757396,0.31448310942810154,89153.28333333333,37069.0,7,0.18007146412581385,3,5,444343.4132352941,267459.85,2025-09-15,Groceries
267459.85,203471.5,568428.85,392889.8,506263.85,468070.975,357038.4966276254,0.6868561767308252,150388.76666666666,45514.333333333336,11,0.14737017883732972,3,5,444343.4132352941,451166.3,2025-09-22,Groceries
451166.3,267459.85,985695.2,573161.0,476948.21249999997,475355.53750000003,355041.3546829071,0.6480666884915829,123925.35833333334,41114.166666666664,19,0.08639441470264075,6,5,444343.4132352941,743552.15,2025-09-29,Groceries
514665.5,383320.7,340225.2,435904.3,340036.6,334524.5,163235.1162388575,-0.09304237412455263,93355.96,33237.6,16,0.1860716858280855,5,6,518914.42794117646,466779.80000000005,2023-11-27,Home Decor
466779.80000000005,514665.5,121935.0,243280.2,371675.25,338383.9375,175116.05294920848,-0.24444588219113172,117559.13333333335,33119.666666666664,11,0.12376900988416668,3,6,518914.42794117646,352677.4,2023-12-04,Home Decor
352677.4,466779.80000000005,383320.7,541895.1,429360.85000000003,352058.5875,74558.94322983644,0.5614952928653776,137676.025,39829.0,15,0.15657972821841384,4,6,518914.42794117646,550704.1,2023-12-11,Home Decor
550704.1,352677.4,514665.5,94970.0,471206.70000000007,353159.7125,86172.88109047583,-0.30192584366086983,128144.09999999999,44948.0,10,0.15770687875566605,3,6,518914.42794117646,384432.3,2023-12-18,Home Decor
384432.3,550704.1,466779.80000000005,340225.2,438648.4,389342.5,88841.15770793757,1.3356531175970385,128271.5,42046.0,23,0.13582379703659264,7,6,518914.42794117646,897900.5,2023-12-25,Home Decor
897900.5,384432.3,352677.4,121935.0,546428.575,459051.91250000003,249888.7119666054,-0.5076586993770468,73678.91666666667,32503.166666666668,14,0.12976616164868957,6,6,518914.42794117646,442073.5,2024-01-01,Home Decor
442073.5,897900.5,550704.1,383320.7,568777.6,499069.22500000003,229989.60360239455,0.6010756129919572,141558.62,41785.4,17,0.1525156247373194,5,6,518914.42794117646,707793.1,2024-01-08,Home Decor
707793.1,442073.5,384432.3,514665.5,608049.85,539628.275,239106.02435830963,0.013422849134867132,119548.95,43943.166666666664,20,0.10093165854997972,6,6,518914.42794117646,717293.7,2024-01-15,Home Decor
717293.7,707793.1,897900.5,466779.80000000005,691265.2,564956.8,187745.66559190254,-0.08303188777484038,109622.575,50739.666666666664,15,0.08813361334975922,6,6,518914.42794117646,657735.45,2024-01-22,Home Decor
657735.45,717293.7,442073.5,352677.4,631223.9375,588826.25625,128778.34828913912,-0.6656141918456728,73312.46666666666,54526.0,6,0.10229847031656873,3,6,518914.42794117646,219937.4,2024-01-29,Home Decor
219937.4,657735.45,707793.1,550704.1,575689.9125,572233.75625,238603.02118493215,4.100052787747787,140211.54375,45234.5,24,0.17123329560731185,8,6,518914.42794117646,1121692.35,2024-02-05,Home Decor
1121692.35,219937.4,717293.7,384432.3,679164.725,643607.2875000001,369067.955565716,-0.5203001072442013,107615.13999999998,40989.6,14,0.1639709097317442,5,6,518914.42794117646,538075.7,2024-02-12,Home Decor
538075.7,1121692.35,657735.45,897900.5,634360.2250000001,662812.7125,373745.00613665825,0.3766538797421999,185186.0,52664.5,16,0.19694083492692774,4,6,518914.42794117646,740744.0,2024-02-19,Home Decor
740744.0,538075.7,219937.4,442073.5,655112.3625,643168.1499999999,377758.51652982685,-0.6102399749441102,96237.46666666667,27865.0,11,0.2111890967138262,3,6,518914.42794117646,288712.4,2024-02-26,Home Decor
288712.4,740744.0,1121692.35,707793.1,672306.1125,623998.0125,352038.6696606503,0.6021617014025029,92512.79000000001,40010.0,14,0.15985586481060068,5,6,518914.42794117646,462563.95,2024-03-04,Home Decor
462563.95,288712.4,538075.7,717293.7,507524.0125,593344.36875,187283.11648717977,0.20583110724473874,185924.66666666666,41686.0,15,0.1571934813767827,3,6,518914.42794117646,557774.0,2024-03-11,Home Decor
557774.0,462563.95,740744.0,657735.45,512448.5875,573404.40625,188608.54261528174,-0.7625153736101001,66231.375,31705.5,6,0.17107448699975328,2,6,518914.42794117646,132462.75,2024-03-18,Home Decor
132462.75,557774.0,288712.4,219937.4,360378.275,507745.31875,188404.23615108605,2.0699513636852624,101663.55,39737.0,13,0.12961244105084416,4,6,518914.42794117646,406654.2,2024-03-25,Home Decor
406654.2,132462.75,462563.95,1121692.35,389863.72500000003,531084.9187500001,182589.12449112124,-0.0389657846888094,130269.53333333333,31339.666666666668,12,0.14589007029331783,3,6,518914.42794117646,390808.6,2024-04-01,Home Decor
390808.6,406654.2,557774.0,538075.7,371924.8875,439724.45,176488.64709248953,0.10267622053352965,107733.8375,33601.0,11,0.1360908535412322,4,6,518914.42794117646,430935.35,2024-04-08,Home Decor
430935.35,390808.6,132462.75,740744.0,340215.225,426331.90625000006,139481.25195593204,0.30622110717999806,112579.37,34570.0,14,0.15931900923047532,5,6,518914.42794117646,562896.85,2024-04-15,Home Decor
562896.85,430935.35,406654.2,288712.4,447823.75,404101.01249999995,78470.15478276841,0.5034783904013675,282101.0833333333,64698.666666666664,14,0.13350650878907558,3,6,518914.42794117646,846303.25,2024-04-22,Home Decor
846303.25,562896.85,390808.6,462563.95,557736.0125,473799.86875,205945.66747604942,-0.1908894949889416,97821.83571428571,36736.0,19,0.1594542456517892,7,6,518914.42794117646,684752.85,2024-04-29,Home Decor
684752.85,846303.25,430935.35,557774.0,631222.075,501573.48125,176926.12798755593,-0.5425970114618727,156604.0,66287.5,6,0.23715154188713822,2,6,518914.42794117646,313208.0,2024-05-06,Home Decor
313208.0,684752.85,562896.85,132462.75,601790.2375,471002.73124999995,224693.7261743798,1.0200378023549845,158173.0,46251.5,14,0.20842138663480012,4,6,518914.42794117646,632692.0,2024-05-13,Home Decor
632692.0,313208.0,846303.25,406654.2,619239.025,533531.3875,223372.77836230185,-0.10043749565349336,113829.2,37467.2,16,0.16580683215876435,5,6,518914.42794117646,569146.0,2024-05-20,Home Decor
569146.0,632692.0,684752.85,390808.6,549949.7125,553842.8625,164755.68570036415,0.7204000379515978,163193.13333333333,46707.333333333336,23,0.17531870239570732,6,6,518914.42794117646,979158.8,2024-05-27,Home Decor
979158.8,569146.0,313208.0,430935.35,623551.2,627386.6375,274355.69793954195,-0.482667673517309,101310.1,50396.0,12,0.14415400198986003,5,6,518914.42794117646,506550.5,2024-06-03,Home Decor
506550.5,979158.8,632692.0,562896.85,671886.825,636838.53125,211221.90417770518,0.1709224450474338,148282.83750000002,51147.25,11,0.18733310212696544,4,6,518914.42794117646,593131.3500000001,2024-06-10,Home Decor
593131.3500000001,506550.5,569146.0,846303.25,661996.6625,640617.84375,214568.56533670565,0.29221815707431387,153291.02,46142.0,17,0.20379275398909447,5,6,518914.42794117646,766455.1,2024-06-17,Home Decor
766455.1,593131.3500000001,979158.8,684752.85,711323.9375,630636.825,208707.6161319996,-0.42389130165615696,73593.575,39034.666666666664,13,0.15845866624228921,6,6,518914.42794117646,441561.45,2024-06-24,Home Decor
441561.45,766455.1,506550.5,313208.0,576924.6000000001,600237.9,140783.7176955543,0.26967243177591715,112127.68000000001,35608.4,18,0.13912593350157967,5,6,518914.42794117646,560638.4,2024-07-01,Home Decor
560638.4,441561.45,593131.3500000001,632692.0,590446.5750000001,631166.7000000001,134215.6431923046,-0.496426930442153,94107.46666666667,41699.333333333336,9,0.17280545793806643,3,6,518914.42794117646,282322.4,2024-07-08,Home Decor
282322.4,560638.4,766455.1,569146.0,512744.3375,587370.5,203980.6077263037,2.9566391118806017,139630.98125,46827.625,25,0.153641672763834,8,6,518914.42794117646,1117047.85,2024-07-15,Home Decor
1117047.85,282322.4,441561.45,979158.8,600392.525,655858.2312500001,362817.23135693825,-0.10793167902341883,166080.5,55929.666666666664,18,0.1428136372147268,6,6,518914.42794117646,996483.0,2024-07-22,Home Decor
996483.0,1117047.85,560638.4,506550.5,739122.9125000001,658023.7562500001,387119.66386162443,-0.39065784363606804,151799.775,59102.5,11,0.19917501271713267,4,6,518914.42794117646,607199.1,2024-07-29,Home Decor
607199.1,996483.0,282322.4,593131.3500000001,750763.0874999999,670604.83125,380609.2041499877,-0.019544660062901897,85047.37142857142,33074.28571428572,21,0.1489526370990444,7,6,518914.42794117646,595331.6,2024-08-05,Home Decor
595331.6,607199.1,1117047.85,766455.1,829015.3875,670879.8625,267593.39717245824,-0.4537078159466086,108408.33333333333,34967.666666666664,10,0.15932995466151623,3,6,518914.42794117646,325225.0,2024-08-12,Home Decor
325225.0,595331.6,996483.0,441561.45,631059.6749999999,615726.1000000001,276233.5227477814,1.0307290337458683,132088.77,39909.8,17,0.15386785636473882,5,6,518914.42794117646,660443.85,2024-08-19,Home Decor
660443.85,325225.0,607199.1,560638.4,547049.8875,643086.4,150569.4999794025,-0.08543693759885862,86288.22142857143,40310.28571428572,18,0.12016965943737594,7,6,518914.42794117646,604017.55,2024-08-26,Home Decor
604017.55,660443.85,595331.6,282322.4,546254.4999999999,648508.79375,150153.67596053606,0.11689594118581481,96374.96428571429,30440.285714285714,29,0.15062352109413962,7,6,518914.42794117646,674624.75,2024-09-02,Home Decor
674624.75,604017.55,325225.0,1117047.85,566077.7875,697546.5875,163438.96683961956,0.7123292615635581,128353.29999999999,42660.666666666664,25,0.12116148459917803,9,6,518914.42794117646,1155179.7,2024-09-09,Home Decor
1155179.7,674624.75,660443.85,996483.0,773566.4624999999,702313.06875,256230.1600101108,-0.4660751050247852,123355.84000000001,55854.4,12,0.13728653911577973,5,6,518914.42794117646,616779.2000000001,2024-09-16,Home Decor
616779.2000000001,1155179.7,604017.55,607199.1,762650.2999999999,654850.09375,263483.43053845223,0.4553327998090726,179523.8,46699.0,21,0.11681783315077739,5,6,518914.42794117646,897619.0,2024-09-23,Home Decor
897619.0,616779.2000000001,674624.75,595331.6,836050.6625,691152.58125,244793.9965573337,-0.8917664955844294,97152.45,38099.0,3,0.06550611950599222,1,6,518914.42794117646,97152.45,2024-09-30,Home Decor
97152.45,897619.0,1155179.7,325225.0,691682.5874999999,628880.1875,453253.4173961815,-0.6690237868422257,16077.574999999999,15234.0,4,0.12388805346681997,2,6,518914.42794117646,32155.149999999998,2024-10-07,Home Decor
32155.149999999998,97152.45,616779.2000000001,660443.85,410926.4499999999,592246.4562499999,416800.0374631125,21.286955588762613,119440.06666666667,49974.5,19,0.14287207304506913,6,6,518914.42794117646,716640.4,2024-10-14,Home Decor
716640.4,32155.149999999998,897619.0,604017.55,435891.7499999999,599271.025,435797.89406460564,-0.422300919680219,103500.625,43804.75,8,0.15668124953687096,4,6,518914.42794117646,414002.5,2024-10-21,Home Decor
414002.5,716640.4,97152.45,674624.75,314987.6249999999,575519.1437499999,315475.97347414267,-0.4956710406338126,104396.725,62579.5,4,0.2235053038496883,2,6,518914.42794117646,208793.45,2024-10-28,Home Decor
208793.45,414002.5,32155.149999999998,1155179.7,342897.8749999999,517290.23124999995,293986.6100322563,0.5319082088063587,106617.46666666667,54748.0,7,0.1513659123077822,3,6,518914.42794117646,319852.4,2024-11-04,Home Decor
319852.4,208793.45,716640.4,616779.2000000001,414822.1874999999,412874.31875000003,217992.3595740095,0.08209224004572091,86527.45,26434.75,12,0.13522758601739,4,6,518914.42794117646,346109.8,2024-11-11,Home Decor
346109.8,319852.4,414002.5,897619.0,322189.53749999986,379040.64375,85373.55935943757,1.154475256118145,186421.25,56850.5,16,0.18025769858805785,4,6,518914.42794117646,745685.0,2024-11-18,Home Decor
745685.0,346109.8,208793.45,97152.45,405110.16249999986,360048.89375,234720.685345084,-0.3973306422953392,224700.75,76412.5,7,0.17880937219461368,2,6,518914.42794117646,449401.5,2024-11-25,Home Decor
449401.5,745685.0,319852.4,32155.149999999998,465262.17499999993,404080.025,195132.27387777081,0.3061397213849977,83854.45,41805.57142857143,16,0.17007688676403526,7,6,518914.42794117646,586981.15,2024-12-02,Home Decor
586981.15,449401.5,346109.8,716640.4,532044.3624999998,473433.27499999997,173264.61156901708,0.8239696453625469,214127.16,59002.8,20,0.1598591822253915,5,6,518914.42794117646,1070635.8,2024-12-09,Home Decor
1070635.8,586981.15,745685.0,414002.5,713175.8624999999,517682.7,267292.89223230764,-0.7169459493134827,151523.9,62817.5,5,0.1118572490631366,2,6,518914.42794117646,303047.8,2024-12-16,Home Decor
303047.8,1070635.8,449401.5,208793.45,602516.5624999999,503813.3625,332917.77345003514,-0.9705891281837387,8912.9,9382.0,1,0.0614255741677724,1,6,518914.42794117646,8912.9,2024-12-23,Home Decor
8912.9,303047.8,586981.15,319852.4,492394.4124999999,478828.29375000007,452001.5729040967,27.013828271381932,83228.15000000001,27394.333333333332,10,0.155518370310975,3,6,518914.42794117646,249684.45,2024-12-30,Home Decor
249684.45,8912.9,1070635.8,346109.8,408070.2374999999,470057.3,459867.9066686678,-0.44192159343523396,69671.75,27145.5,6,0.08817734688330102,2,6,518914.42794117646,139343.5,2025-01-06,Home Decor
139343.5,249684.45,303047.8,745685.0,175247.1624999999,444211.5125,130166.65289555899,2.213020341817164,111928.375,35391.5,12,0.18775953895258118,4,6,518914.42794117646,447713.5,2025-01-13,Home Decor
447713.5,139343.5,8912.9,449401.5,211413.5874999999,406965.075,185744.38844303714,0.09834972588496882,98349.2,45068.6,15,0.1440061809026605,5,6,518914.42794117646,491746.0,2025-01-20,Home Decor
491746.0,447713.5,249684.45,586981.15,332121.8624999999,412258.1375,166133.19551936636,-0.3383348313966966,108457.06666666667,55415.0,8,0.14886482563746983,3,6,518914.42794117646,325371.2,2025-01-27,Home Decor
325371.2,491746.0,139343.5,1070635.8,351043.54999999993,379556.89375000005,157710.95860627556,-0.3941502812787364,49281.5125,33183.0,9,0.1348217509204458,4,6,518914.42794117646,197126.05,2025-02-03,Home Decor
197126.05,325371.2,447713.5,303047.8,365489.1874999999,270368.175,132485.49512890444,2.5665413069454797,140611.63999999998,40312.8,19,0.1925230413224861,5,6,518914.42794117646,703058.2,2025-02-10,Home Decor
703058.2,197126.05,491746.0,8912.9,429325.3624999999,320369.475,218745.6597194236,-0.3053516764330464,162792.7333333333,49291.0,12,0.15920293896233428,3,6,518914.42794117646,488378.19999999995,2025-02-17,Home Decor
488378.19999999995,703058.2,325371.2,249684.45,428483.41249999986,380302.6375,218431.57361054939,0.571075244554323,191819.725,45495.75,17,0.15454579593725623,4,6,518914.42794117646,767278.9,2025-02-24,Home Decor
767278.9,488378.19999999995,197126.05,139343.5,538960.3374999999,445001.94375,257207.24925232123,1.2233477292285766,155084.34545454546,54822.181818181816,35,0.15014065189789222,11,6,518914.42794117646,1705927.8,2025-03-03,Home Decor
1705927.8,767278.9,703058.2,447713.5,916160.7749999999,640824.98125,539848.2519579387,-0.5844309765043985,118155.125,35269.833333333336,20,0.14230353341334048,6,6,518914.42794117646,708930.75,2025-03-10,Home Decor
708930.75,1705927.8,488378.19999999995,491746.0,917628.9124999999,673477.1375,539082.9742890917,-0.8762677454744345,29239.2,11825.0,7,0.14096114303695245,3,6,518914.42794117646,87717.6,2025-03-17,Home Decor
87717.6,708930.75,767278.9,325371.2,817463.7624999998,622973.5875,667381.8853901529,5.770535787572848,148473.7875,46464.0,14,0.14396964282299504,4,6,518914.42794117646,593895.15,2025-03-24,Home Decor
593895.15,87717.6,1705927.8,197126.05,774117.825,656539.0812499999,677284.9389832814,-0.5051833644373085,97956.40000000001,41969.666666666664,8,0.18469294098125613,3,6,518914.42794117646,293869.2,2025-03-31,Home Decor
293869.2,593895.15,708930.75,703058.2,421103.1749999998,668631.975,282864.0460051219,0.5119173768465699,74050.99166666667,34537.666666666664,14,0.11501205567297117,6,6,518914.42794117646,444305.95,2025-04-07,Home Decor
444305.95,293869.2,87717.6,488378.19999999995,354946.97499999986,636287.94375,216196.8934487908,1.6393449153674395,130297.40555555554,49483.333333333336,26,0.16010652204722664,9,6,518914.42794117646,1172676.65,2025-04-14,Home Decor
1172676.65,444305.95,593895.15,767278.9,626186.7374999998,721825.25,384365.0771853983,-0.8546821922309104,85205.4,45568.5,4,0.18700479047878404,2,6,518914.42794117646,170410.8,2025-04-21,Home Decor
170410.8,1172676.65,293869.2,1705927.8,520315.64999999985,647216.7375,449096.77783532557,-0.649197703431942,59780.5,35165.0,2,0.19202382047657363,1,6,518914.42794117646,59780.5,2025-04-28,Home Decor
59780.5,170410.8,444305.95,708930.75,461793.47499999986,441448.325,500725.8056685358,0.481603532924616,29523.666666666668,30093.0,4,0.1606969428460809,3,6,518914.42794117646,88571.0,2025-05-05,Home Decor
88571.0,59780.5,1172676.65,87717.6,372859.7374999998,363903.35624999995,535266.7126579165,-0.7996183852502512,17748.0,9860.0,2,0.2481180978138242,1,6,518914.42794117646,17748.0,2025-05-12,Home Decor
17748.0,88571.0,170410.8,593895.15,84127.57499999982,355157.15625,64455.58413969913,69.33525467658328,124831.01000000001,47703.0,30,0.153004204072718,10,6,518914.42794117646,1248310.1,2025-05-19,Home Decor
1248310.1,17748.0,59780.5,293869.2,353602.39999999985,436959.025,597180.3184812834,-0.3775139686845441,129509.26666666666,42398.333333333336,20,0.1535436700280915,6,6,518914.42794117646,777055.6,2025-05-26,Home Decor
777055.6,1248310.1,88571.0,444305.95,532921.1749999998,497357.325,587149.4442771357,-0.2427432477161221,73553.82500000001,40996.75,18,0.14724887170760875,8,6,518914.42794117646,588430.6000000001,2025-06-02,Home Decor
588430.6000000001,777055.6,17748.0,1172676.65,657886.0749999998,515372.90625,509052.2969394883,-0.2564834323707843,87501.58,30962.2,17,0.15798963095701124,5,6,518914.42794117646,437507.9,2025-06-09,Home Decor
437507.9,588430.6000000001,1248310.1,170410.8,762826.0499999998,423476.8125,352203.9724353532,-0.3503800731369652,71053.4625,39273.25,11,0.14901565944753054,4,6,518914.42794117646,284213.85,2025-06-16,Home Decor
284213.85,437507.9,777055.6,59780.5,521801.9874999998,437702.19375000003,210671.46220766896,-0.3502306449879201,46168.3625,30310.5,8,0.1827111801796958,4,6,518914.42794117646,184673.45,2025-06-23,Home Decor
184673.45,284213.85,588430.6000000001,88571.0,373706.44999999984,453313.81250000006,176936.4162244784,1.0581491275546107,76017.1,38934.8,9,0.1671289719377797,5,6,518914.42794117646,380085.5,2025-06-30,Home Decor
380085.5,184673.45,437507.9,17748.0,321620.1749999998,489753.12500000006,111058.23948310976,1.561609953549925,108181.20000000001,33962.77777777778,30,0.17070279360684282,9,6,518914.42794117646,973630.8,2025-07-07,Home Decor
973630.8,380085.5,284213.85,1248310.1,455650.8999999998,609238.4750000001,354416.3027676047,-0.4636812537154742,87029.40833333333,39598.0,15,0.15422027681632533,6,6,518914.42794117646,522176.44999999995,2025-07-14,Home Decor
522176.44999999995,973630.8,184673.45,777055.6,515141.5499999998,518471.76875,335515.1183592105,0.1617072160186468,121323.23000000001,50382.0,16,0.13195616343696423,5,6,518914.42794117646,606616.15,2025-07-28,Home Decor
606616.15,522176.44999999995,380085.5,588430.6000000001,620627.2249999999,497166.8375,253219.74037681986,0.009150267430235726,102027.80833333333,42949.666666666664,16,0.1159773185001222,6,6,518914.42794117646,612166.85,2025-08-04,Home Decor
612166.85,606616.15,973630.8,437507.9,678647.5624999998,500133.86875,200919.99151753692,0.06477768275103424,162955.4,47340.75,15,0.1272031283590776,4,6,518914.42794117646,651821.6,2025-08-11,Home Decor
651821.6,612166.85,522176.44999999995,284213.85,598195.2624999997,526923.0812499999,54530.60465197984,-0.30852790088576376,150238.81666666668,52971.666666666664,9,0.17139442521541484,3,6,518914.42794117646,450716.45,2025-08-18,Home Decor
450716.45,651821.6,606616.15,184673.45,580330.2624999998,547735.90625,88722.91683218346,-0.6224717336143377,56719.4,33894.666666666664,6,0.1545551606447829,3,6,518914.42794117646,170158.2,2025-08-25,Home Decor
170158.2,450716.45,612166.85,380085.5,471215.7749999998,545921.5,218739.99432958648,4.163060316811062,97615.22777777778,29025.444444444445,35,0.15924617035959254,9,6,518914.42794117646,878537.05,2025-09-01,Home Decor
878537.05,170158.2,651821.6,973630.8,537808.3249999998,608227.94375,301024.1961592027,-0.491203586689941,148998.83333333334,44124.0,11,0.1671771012012192,3,6,518914.42794117646,446996.5,2025-09-15,Home Decor
446996.5,878537.05,450716.45,522176.44999999995,486602.0499999998,542398.65625,292464.31708613905,-0.7079243349780144,43518.93333333333,15983.0,9,0.0951797547332018,3,6,518914.42794117646,130556.79999999999,2025-09-29,Home Decor
553390.8,320186.0,1217974.8,205976.0,837005.0625,670136.06875,472096.96581175167,-0.6366215340045408,67030.09999999999,32944.333333333336,9,0.19571839492003318,3,7,493275.1213592233,201090.3,2023-11-27,Kitchen
201090.3,553390.8,1256468.65,529428.75,582783.9375,669525.35625,472356.7712635357,1.8417974412490312,114291.58,35551.4,17,0.18241949704044885,5,7,493275.1213592233,571457.9,2023-12-04,Kitchen
571457.9,201090.3,320186.0,470790.05,411531.25,674779.0,181043.28528549,0.38178814222360025,98704.21875,33338.5,25,0.1450064014836514,8,7,493275.1213592233,789633.75,2023-12-11,Kitchen
789633.75,571457.9,553390.8,806873.5,528893.1875,714634.4625,243483.23813256758,-0.5849261762177719,81939.075,28035.25,14,0.10622886477392765,4,7,493275.1213592233,327756.3,2023-12-18,Kitchen
327756.3,789633.75,201090.3,1217974.8,472484.5625,654744.8125,261393.98383282582,-0.22620983944473372,63403.65,26770.0,10,0.12856466172624093,4,7,493275.1213592233,253614.6,2023-12-25,Kitchen
253614.6,327756.3,571457.9,1256468.65,485615.63749999995,534199.7875,243953.51920410086,0.1700921398058315,98917.48333333334,62219.0,6,0.08852030882650634,3,7,493275.1213592233,296752.45,2024-01-01,Kitchen
296752.45,253614.6,789633.75,320186.0,416939.275,414235.2625,250316.1980993988,0.2826889887513986,126880.36666666665,54109.0,7,0.13573082111032156,3,7,493275.1213592233,380641.1,2024-01-08,Kitchen
380641.1,296752.45,327756.3,553390.8,314691.1125,421792.15,53454.7658215547,1.1571383121791108,164219.1,58006.4,17,0.18673910513914116,5,7,493275.1213592233,821095.5,2024-01-15,Kitchen
821095.5,380641.1,253614.6,201090.3,438025.9125,455255.23750000005,260768.76663549503,0.0462638024444173,95453.61111111111,48997.444444444445,23,0.11033201650907633,9,7,493275.1213592233,859082.5,2024-01-22,Kitchen
859082.5,821095.5,296752.45,571457.9,589392.8875,537504.2625,291909.9873673172,-0.7674442792164897,66594.84999999999,51978.0,4,0.12216917280008721,3,7,493275.1213592233,199784.55,2024-01-29,Kitchen
199784.55,859082.5,380641.1,789633.75,565150.9125,491045.09375,326312.66180157225,2.2616315926331643,108603.93333333333,36457.333333333336,22,0.19041076410453187,6,7,493275.1213592233,651623.6,2024-02-05,Kitchen
651623.6,199784.55,821095.5,327756.3,632896.5375,473793.82499999995,302498.28412968275,-0.4710513093755352,68935.09,38518.8,12,0.17013495955563748,5,7,493275.1213592233,344675.45,2024-02-12,Kitchen
344675.45,651623.6,859082.5,253614.6,513791.52499999997,475908.71875,297447.0067576814,1.4263535450523093,167260.9,53628.2,18,0.122177599390258,5,7,493275.1213592233,836304.5,2024-02-19,Kitchen
836304.5,344675.45,199784.55,296752.45,508097.02499999997,548744.95625,288723.1764125241,-0.8060566456356506,40548.925,23758.75,8,0.15744156141333943,4,7,493275.1213592233,162195.7,2024-02-26,Kitchen
162195.7,836304.5,651623.6,380641.1,498699.81249999994,531925.3624999999,302391.0998349995,1.9517246758082978,95751.41,37247.0,15,0.13633344673295086,5,7,493275.1213592233,478757.05,2024-03-04,Kitchen
478757.05,162195.7,344675.45,821095.5,455483.175,544189.85625,285109.59865978,-0.4174439833314204,139451.4,54369.0,6,0.15097917063327726,2,7,493275.1213592233,278902.8,2024-03-11,Kitchen
278902.8,478757.05,836304.5,859082.5,439040.0125,476415.76875,295343.42512137844,2.115985389892106,124151.00714285715,43446.0,24,0.16291444842917144,7,7,493275.1213592233,869057.05,2024-03-18,Kitchen
869057.05,278902.8,162195.7,199784.55,447228.15,477662.58749999997,310113.21234674123,-0.7944447950799087,89319.59999999999,29622.0,5,0.13174199403850306,2,7,493275.1213592233,178639.19999999998,2024-03-25,Kitchen
178639.19999999998,869057.05,478757.05,651623.6,451339.025,475019.41875,305144.524639327,-0.10643968401112402,79812.45,44759.5,4,0.22592088199594823,2,7,493275.1213592233,159624.9,2024-04-01,Kitchen
159624.9,178639.19999999998,278902.8,344675.45,371555.98750000005,413519.58125,335769.56040851976,2.9593578445468096,70223.56666666667,31263.222222222223,24,0.11017412862869035,9,7,493275.1213592233,632012.1,2024-04-08,Kitchen
632012.1,159624.9,869057.05,836304.5,459833.3125,449436.6625,349430.404152659,-0.012063060185081853,124877.62,52827.4,14,0.13609729453393035,5,7,493275.1213592233,624388.1,2024-04-15,Kitchen
624388.1,632012.1,178639.19999999998,162195.7,398666.07499999995,422947.1125,265174.97935077216,-0.019562992952620317,102028.86666666665,50272.0,12,0.12352921154512064,6,7,493275.1213592233,612173.2,2024-04-22,Kitchen
612173.2,624388.1,159624.9,478757.05,507049.57499999995,479194.3,231760.53980746836,-0.6318010981205973,56350.375,24863.25,9,0.15763611081817172,4,7,493275.1213592233,225401.5,2024-04-29,Kitchen
225401.5,612173.2,632012.1,278902.8,523493.725,447524.85625,198896.06708949563,0.2674161440806737,71419.375,25422.0,11,0.17413792377412057,4,7,493275.1213592233,285677.5,2024-05-06,Kitchen
285677.5,225401.5,624388.1,869057.05,436910.07499999995,448371.69375000003,210928.37795669524,1.3547185200094511,168172.525,47977.5,15,0.11678111398271411,4,7,493275.1213592233,672690.1,2024-05-13,Kitchen
672690.1,285677.5,612173.2,178639.19999999998,448985.57499999995,423825.82499999995,226077.62782757272,0.3125391617923321,126133.15714285713,31585.0,31,0.16830352887993347,7,7,493275.1213592233,882932.1,2024-05-20,Kitchen
882932.1,672690.1,225401.5,159624.9,516675.30000000005,511862.43749999994,314475.7921454686,-0.11226112404340038,111973.30714285714,36122.42857142857,22,0.1287864611478194,7,7,493275.1213592233,783813.15,2024-05-27,Kitchen
783813.15,882932.1,285677.5,632012.1,656278.2125,589885.96875,261566.67929918744,-0.2976920583687579,137619.55000000002,53795.75,12,0.16953132824053346,4,7,493275.1213592233,550478.2000000001,2024-06-03,Kitchen
550478.2000000001,783813.15,672690.1,624388.1,722478.3875000001,579694.2312500001,143260.00258060163,0.7372484505290127,119539.675,50436.375,21,0.13915538828279297,8,7,493275.1213592233,956317.4,2024-06-10,Kitchen
956317.4,550478.2000000001,882932.1,612173.2,793385.2125,621185.39375,176692.75016880952,-0.1458787113985377,136135.17500000002,41389.166666666664,23,0.09848116931796541,6,7,493275.1213592233,816811.05,2024-06-17,Kitchen
816811.05,956317.4,783813.15,225401.5,776854.95,646765.125,168422.19803717,-0.43934059168273987,114488.2,34713.25,15,0.14224493693385998,4,7,493275.1213592233,457952.8,2024-06-24,Kitchen
457952.8,816811.05,550478.2000000001,285677.5,695389.8625,675834.0375,231085.86656397296,-0.2847903757767176,81883.0625,22724.25,15,0.1053525128043756,4,7,493275.1213592233,327532.25,2024-07-01,Kitchen
327532.25,457952.8,956317.4,672690.1,639653.375,681065.88125,295576.07152091013,0.13666806856424074,124098.48333333334,50771.333333333336,8,0.1743616696424414,3,7,493275.1213592233,372295.45,2024-07-08,Kitchen
372295.45,327532.25,816811.05,882932.1,493647.8875,643516.55,222133.13423699822,0.892895011206825,117452.7,46258.333333333336,18,0.14094162082957346,6,7,493275.1213592233,704716.2,2024-07-15,Kitchen
704716.2,372295.45,457952.8,783813.15,465624.175,621239.5625,168328.52508643363,-0.2987537394485894,82363.26666666666,40553.5,18,0.14328252138219202,6,7,493275.1213592233,494179.6,2024-07-22,Kitchen
494179.6,704716.2,327532.25,550478.2000000001,474680.875,585035.36875,168752.22874212393,-0.20913722460417217,65138.041666666664,24912.333333333332,17,0.14964533601474314,6,7,493275.1213592233,390828.25,2024-07-29,Kitchen
390828.25,494179.6,372295.45,956317.4,490504.875,565079.125,152543.865923109,-0.3930634492260986,118603.975,43718.5,6,0.10969482792394783,2,7,493275.1213592233,237207.95,2024-08-05,Kitchen
237207.95,390828.25,704716.2,816811.05,456733.0,475190.44375,196156.90911773057,0.09143475165988324,86299.0,53596.0,6,0.1331562471392171,3,7,493275.1213592233,258897.0,2024-08-12,Kitchen
258897.0,237207.95,494179.6,457952.8,345278.2,405451.1875,120259.89165894665,0.2540863741178925,64935.840000000004,27473.8,16,0.14582509530991627,5,7,493275.1213592233,324679.2,2024-08-19,Kitchen
324679.2,258897.0,390828.25,327532.25,302903.1,388791.98750000005,69420.02617992577,0.010493742746686463,65617.26,47052.2,11,0.15999833200644886,5,7,493275.1213592233,328086.3,2024-08-26,Kitchen
328086.3,324679.2,237207.95,372295.45,287217.6125,388861.24375,46103.66432194442,2.638911164532015,170553.84285714285,43835.857142857145,29,0.13230069951749646,7,7,493275.1213592233,1193876.9,2024-09-02,Kitchen
1193876.9,328086.3,258897.0,704716.2,526384.85,491558.925,446132.5927288321,-0.7878148073725189,63330.75,31915.75,9,0.15258695958423601,4,7,493275.1213592233,253323.0,2024-09-09,Kitchen
253323.0,1193876.9,324679.2,494179.6,524991.35,435134.775,447253.8904409328,0.13339688855729648,95705.16666666667,33187.333333333336,10,0.14328710074174897,3,7,493275.1213592233,287115.5,2024-09-16,Kitchen
287115.5,253323.0,328086.3,390828.25,515600.42499999993,409251.7625,453216.4060835351,0.5057577873712844,108081.6,41157.5,14,0.1593322237877949,4,7,493275.1213592233,432326.4,2024-09-23,Kitchen
432326.4,287115.5,1193876.9,237207.95,541660.45,414439.03125,441690.63411057665,0.09803102470725822,158235.93333333332,53644.666666666664,10,0.11480056373777324,3,7,493275.1213592233,474707.8,2024-09-30,Kitchen
474707.8,432326.4,253323.0,258897.0,361868.175,444126.5125,108115.92524651076,-0.3225323030293582,160799.6,64670.0,6,0.1530300923424765,2,7,493275.1213592233,321599.2,2024-10-07,Kitchen
321599.2,474707.8,287115.5,324679.2,378937.225,451964.2875,88959.32654100473,0.9836108112209234,106321.27500000001,45244.666666666664,17,0.17521958782272015,6,7,493275.1213592233,637927.65,2024-10-14,Kitchen
637927.65,321599.2,432326.4,328086.3,466640.2625,491120.34375,131172.666421892,0.4692222542791491,93725.75,53345.3,23,0.14382385502216014,10,7,493275.1213592233,937257.5,2024-10-21,Kitchen
937257.5,637927.65,474707.8,1193876.9,592873.0375,567266.74375,263428.1017560244,-0.3912677145821719,114107.78,32479.8,19,0.1221535213526026,5,7,493275.1213592233,570538.9,2024-10-28,Kitchen
570538.9,937257.5,321599.2,253323.0,616830.8125,489349.49375,253260.72520690484,-0.245654240227967,86076.72,56772.6,10,0.1831805178922031,5,7,493275.1213592233,430383.6,2024-11-04,Kitchen
430383.6,570538.9,637927.65,287115.5,644026.9125,511482.06875,213748.55274817045,-0.9698125114432798,12992.2,3419.0,4,0.179450747371486,1,7,493275.1213592233,12992.2,2024-11-11,Kitchen
12992.2,430383.6,937257.5,432326.4,487793.05,477216.65625,381923.5785756316,101.25247071319714,166060.56875,55431.875,28,0.11577626005358926,8,7,493275.1213592233,1328484.55,2024-11-18,Kitchen
1328484.55,12992.2,570538.9,474707.8,585599.8125,589236.425,548961.478554908,-0.22115443495372222,129335.5375,47398.875,23,0.10467845290207788,8,7,493275.1213592233,1034684.3,2024-11-25,Kitchen
1034684.3,1328484.55,430383.6,321599.2,701636.1625000001,659233.4875,592077.8165506307,-0.6307560190098565,95512.7375,29637.25,14,0.2002671797097989,4,7,493275.1213592233,382050.95,2024-12-02,Kitchen
382050.95,1034684.3,12992.2,637927.65,689553.0,666789.95625,599900.3157958649,-0.14047092410056838,82095.97499999999,33722.5,10,0.16754315386181348,4,7,493275.1213592233,328383.89999999997,2024-12-09,Kitchen
328383.89999999997,382050.95,1328484.55,937257.5,768400.9249999999,628096.9874999999,492436.72631343646,-0.4033018975656236,195946.05,68753.0,3,0.20548084536534317,1,7,493275.1213592233,195946.05,2024-12-16,Kitchen
195946.05,328383.89999999997,1034684.3,570538.9,485266.3,535433.05625,374536.087130664,0.11564688341510343,72868.86666666667,33005.0,6,0.09010898158069469,3,7,493275.1213592233,218606.6,2024-12-23,Kitchen
218606.6,195946.05,382050.95,430383.6,281246.875,491441.51875,88663.02397319127,0.9965252650194458,109113.4,32750.25,14,0.1787280846502031,4,7,493275.1213592233,436453.6,2024-12-30,Kitchen
436453.6,218606.6,328383.89999999997,12992.2,294847.5375,492200.26875,110711.56116545442,-0.050754536106472736,103575.4,31797.5,14,0.16436504718458692,4,7,493275.1213592233,414301.6,2025-01-06,Kitchen
414301.6,436453.6,195946.05,1328484.55,316326.9625,542363.94375,126583.66399576275,-0.2894865721010974,147183.425,49942.0,7,0.09765833276803626,2,7,493275.1213592233,294366.85,2025-01-13,Kitchen
294366.85,414301.6,218606.6,1034684.3,340932.1625,413099.23125,102695.81450461119,0.9657797744549024,72332.55,37524.5,21,0.13313349227090812,8,7,493275.1213592233,578660.4,2025-01-20,Kitchen
578660.4,294366.85,436453.6,382050.95,430945.61250000005,356096.24375,116591.56328911865,0.020107648631217945,118059.18000000001,37950.0,20,0.15532609574997713,5,7,493275.1213592233,590295.9,2025-01-27,Kitchen
590295.9,578660.4,414301.6,328383.89999999997,469406.1875,382126.8625,141687.55623238024,1.0554780238182238,151667.53125,46418.375,30,0.17689723903129229,8,7,493275.1213592233,1213340.25,2025-02-10,Kitchen
1213340.25,590295.9,294366.85,195946.05,669165.85,492746.40625,387733.4881543701,-0.5566687085506312,107582.34,50139.4,11,0.16020702358558342,5,7,493275.1213592233,537911.7,2025-02-17,Kitchen
537911.7,1213340.25,578660.4,218606.6,730052.0625,535492.1125,322973.99870056985,-0.8724167925702304,34314.25,17761.0,6,0.15516447099422156,2,7,493275.1213592233,68628.5,2025-02-24,Kitchen
68628.5,537911.7,590295.9,436453.6,602544.0874999999,516744.85,469916.71968239296,11.403444633060609,121604.25714285715,50384.28571428572,20,0.1510564151012532,7,7,493275.1213592233,851229.8,2025-03-03,Kitchen
851229.8,68628.5,1213340.25,414301.6,667777.5625,568591.875,485502.5268638249,-0.3066359988806784,118042.42,51986.0,12,0.1315306721196806,5,7,493275.1213592233,590212.1,2025-03-10,Kitchen
590212.1,851229.8,537911.7,294366.85,511995.525,590580.6875,325803.4647470197,-0.7375534998350592,51633.03333333333,26881.666666666668,9,0.15942254380770302,3,7,493275.1213592233,154899.1,2025-03-17,Kitchen
154899.1,590212.1,68628.5,578660.4,416242.375,573147.21875,369059.7235339864,2.1517326440244,97640.11,48130.8,11,0.1737969943875977,5,7,493275.1213592233,488200.55,2025-03-24,Kitchen
488200.55,154899.1,851229.8,590295.9,521135.3875,561839.7375,288066.91073224746,-0.44721344537608576,67467.67499999999,39206.75,9,0.18604599996579674,4,7,493275.1213592233,269870.69999999995,2025-03-31,Kitchen
269870.69999999995,488200.55,590212.1,1213340.25,375795.6125,521786.5875,198850.5774101178,0.6978176956594402,114547.8125,55493.5,10,0.11145871609283695,4,7,493275.1213592233,458191.25,2025-04-07,Kitchen
458191.25,269870.69999999995,154899.1,537911.7,342790.4,427392.9625,158200.18032809452,-0.49016049520805993,233604.0,58401.0,5,0.24738805842365608,1,7,493275.1213592233,233604.0,2025-04-14,Kitchen
233604.0,458191.25,488200.55,68628.5,362466.625,389354.5,129295.27598458806,-0.2895979948973476,82976.375,25507.0,7,0.18862911582912756,2,7,493275.1213592233,165952.75,2025-04-21,Kitchen
165952.75,233604.0,269870.69999999995,851229.8,281904.675,401520.03125,125165.99271393212,1.3740570734742268,78796.26,36631.4,15,0.19575203139110128,5,7,493275.1213592233,393981.3,2025-04-28,Kitchen
393981.3,165952.75,458191.25,590212.1,312932.325,344363.96875,136094.41606864007,-0.47371575757529605,41469.229999999996,22625.0,12,0.15859330926662693,5,7,493275.1213592233,207346.15,2025-05-05,Kitchen
207346.15,393981.3,233604.0,154899.1,250221.05,296505.725,99804.0401080451,0.8852426244712044,65149.63333333333,25809.333333333332,19,0.1753447888427204,6,7,493275.1213592233,390897.8,2025-05-12,Kitchen
390897.8,207346.15,165952.75,488200.55,289544.5,326005.5625,120015.31294785516,-0.6501943730560775,136738.25,28787.0,5,0.19460567909856832,1,7,493275.1213592233,136738.25,2025-05-19,Kitchen
136738.25,390897.8,393981.3,269870.69999999995,282240.875,282072.775,130476.66923547715,3.122311057805698,93946.26666666666,38907.666666666664,18,0.1615913981498992,6,7,493275.1213592233,563677.6,2025-05-26,Kitchen
563677.6,136738.25,207346.15,458191.25,324664.94999999995,318798.6375,192001.72107342756,-0.3553202220560121,90847.8875,29772.25,11,0.20037842197800865,4,7,493275.1213592233,363391.55,2025-06-02,Kitchen
363391.55,563677.6,390897.8,233604.0,363676.3,306948.675,175349.64089337323,0.24058979907485467,75136.64166666666,28589.5,15,0.1284836458041958,6,7,493275.1213592233,450819.85,2025-06-09,Kitchen
450819.85,363391.55,136738.25,165952.75,378656.8125,334100.65625,180921.54368639714,-0.17842304414945342,74076.64,46627.4,10,0.13554961477716088,5,7,493275.1213592233,370383.2,2025-06-16,Kitchen
370383.2,450819.85,563677.6,393981.3,437068.05,359654.4625,93263.40122866149,1.1459906928823984,88315.43333333333,39731.555555555555,22,0.15480566635992604,9,7,493275.1213592233,794838.9,2025-06-23,Kitchen
794838.9,370383.2,363391.55,207346.15,494858.375,409761.66250000003,203883.3836047071,-0.48845696907889136,203297.15,71653.0,6,0.12253547195447259,2,7,493275.1213592233,406594.3,2025-06-30,Kitchen
406594.3,794838.9,450819.85,390897.8,505659.0625,434667.68124999997,195572.41096198175,0.2929624197879803,105142.23000000001,27999.2,19,0.15020097306231653,5,7,493275.1213592233,525711.15,2025-07-07,Kitchen
525711.15,406594.3,370383.2,136738.25,524381.8875,451519.35,192126.93206142983,-0.36431593661271977,83546.55,31898.25,9,0.1063413051900556,4,7,493275.1213592233,334186.2,2025-07-14,Kitchen
334186.2,525711.15,794838.9,563677.6,515332.6375,476200.34375,202377.14146253178,0.865855921040426,89077.6142857143,41674.71428571428,18,0.16221562202959341,7,7,493275.1213592233,623543.3,2025-07-21,Kitchen
623543.3,334186.2,406594.3,363391.55,472508.7375,483683.55625,127958.03116226138,-0.2992307831709523,109239.98749999999,42400.5,11,0.13947804354485616,4,7,493275.1213592233,436959.94999999995,2025-07-28,Kitchen
436959.94999999995,623543.3,525711.15,450819.85,480100.15,492879.60625,123569.4922753521,-0.19466166178387723,117300.20000000001,48099.333333333336,9,0.11910076115483355,3,7,493275.1213592233,351900.60000000003,2025-08-04,Kitchen
351900.60000000003,436959.94999999995,334186.2,370383.2,436647.5125,480514.7,132426.7001526275,-0.6624784100964876,39591.35,22926.0,8,0.14087563821697516,3,7,493275.1213592233,118774.05,2025-08-11,Kitchen
118774.05,351900.60000000003,623543.3,794838.9,382794.47500000003,449063.55625,209407.9843674801,0.8610024664478477,73679.59999999999,41098.333333333336,6,0.18200668393091188,3,7,493275.1213592233,221038.8,2025-08-18,Kitchen
221038.8,118774.05,436959.94999999995,406594.3,282168.35,377338.54375,140543.64123682346,1.4371709853654653,67338.66875,34901.25,18,0.1527358756623974,8,7,493275.1213592233,538709.35,2025-08-25,Kitchen
538709.35,221038.8,351900.60000000003,525711.15,307605.7,393852.92500000005,181220.0829807639,0.3791579819433244,123827.55,45107.666666666664,17,0.172493612832061,6,7,493275.1213592233,742965.3,2025-09-01,Kitchen
742965.3,538709.35,118774.05,334186.2,405371.875,421009.69375,287439.9639787367,0.056489852217862735,98116.9125,35703.25,23,0.1361878853721764,8,7,493275.1213592233,784935.3,2025-09-15,Kitchen
784935.3,742965.3,221038.8,623543.3,571912.1875,477353.33125000005,257457.16551749068,-0.7070774495681365,57481.3125,30215.25,8,0.16313619055841555,4,7,493275.1213592233,229925.25,2025-09-22,Kitchen
229925.25,784935.3,538709.35,436959.94999999995,574133.8,428151.07500000007,253427.0212805552,1.0565298939546657,157616.05000000002,36280.0,14,0.10978586935281744,3,7,493275.1213592233,472848.15,2025-09-29,Kitchen
135045.2,491927.9,378357.19999999995,336757.2,486601.63749999995,380847.025,337581.7577400705,7.8990123306863165,133529.87777777776,44828.88888888889,33,0.19176873983674092,9,8,470011.1593137255,1201768.9,2023-11-27,Sports
1201768.9,135045.2,941076.25,231318.0,692454.5625,488973.48749999993,473332.15175478935,-0.6202101751842638,114104.9,34279.75,13,0.17348625274660825,4,8,470011.1593137255,456419.6,2023-12-04,Sports
456419.6,1201768.9,491927.9,493041.9,571290.4,517111.18749999994,449928.4093364854,1.0775373143484637,135461.25,46971.857142857145,21,0.12697868913466295,7,8,470011.1593137255,948228.75,2023-12-11,Sports
948228.75,456419.6,135045.2,39252.55,685365.6124999999,574009.54375,479943.82221636863,-0.8467165227799727,72673.9,35756.5,5,0.11588033121808129,2,8,470011.1593137255,145347.8,2023-12-18,Sports
145347.8,948228.75,1201768.9,378357.19999999995,687941.2625,587271.45,476017.63376384735,2.3008067545570006,79960.83333333333,34325.833333333336,18,0.1654758357080384,6,8,470011.1593137255,479765.0,2023-12-25,Sports
479765.0,145347.8,456419.6,941076.25,507440.2875,599947.4249999999,331046.0543329443,-0.34378164309609915,104943.53333333333,43070.333333333336,8,0.19774475958067705,3,8,470011.1593137255,314830.6,2024-01-01,Sports
314830.6,479765.0,948228.75,491927.9,472043.0375,521666.71874999994,345571.0202953256,1.7744907896500535,145582.43333333335,52939.666666666664,19,0.15654265196237324,6,8,470011.1593137255,873494.6000000001,2024-01-08,Sports
873494.6000000001,314830.6,145347.8,135045.2,453359.5,569362.55625,311593.8682293349,-0.4292361967664139,124639.77500000001,61600.5,10,0.18389044771717616,4,8,470011.1593137255,498559.10000000003,2024-01-15,Sports
498559.10000000003,873494.6000000001,479765.0,1201768.9,541662.3250000001,614801.79375,236117.52514775898,-0.18298823549705545,67888.10833333334,27513.0,18,0.17471153127845895,6,8,470011.1593137255,407328.65,2024-01-22,Sports
407328.65,498559.10000000003,314830.6,456419.6,523553.23750000005,515496.76250000007,245055.7475638466,0.7369377282938481,117917.41666666667,42164.666666666664,19,0.13298363441246175,6,8,470011.1593137255,707504.5,2024-01-29,Sports
707504.5,407328.65,873494.6000000001,948228.75,621721.7125000001,546882.375,209667.7434079232,-0.10527240462781506,126604.76000000001,40665.8,18,0.18056945118289858,5,8,470011.1593137255,633023.8,2024-02-05,Sports
633023.8,707504.5,498559.10000000003,145347.8,561604.0125000001,507481.75625000003,134366.77015532533,0.24682887120515828,131545.39166666666,38645.0,18,0.12223667326935517,6,8,470011.1593137255,789272.35,2024-02-12,Sports
789272.35,633023.8,407328.65,479765.0,634282.3250000001,587972.325,164208.14965810184,-0.3773254567957435,81909.96666666667,47684.5,11,0.1309447061726621,6,8,470011.1593137255,491459.80000000005,2024-02-19,Sports
491459.80000000005,789272.35,707504.5,314830.6,655315.1125,589434.175,126509.20874742953,-0.48138738916184,63719.3125,32471.25,10,0.1637381920180555,4,8,470011.1593137255,254877.25,2024-02-26,Sports
254877.25,491459.80000000005,633023.8,873494.6000000001,542158.3,581940.0062500001,226879.2868384751,-0.7501281499231494,31843.324999999997,17219.0,4,0.1622394295091633,2,8,470011.1593137255,63686.649999999994,2024-03-04,Sports
63686.649999999994,254877.25,789272.35,498559.10000000003,399824.01250000007,480714.01249999995,313084.12903453864,3.0848937728707666,130076.6,53372.0,7,0.09712204454254918,2,8,470011.1593137255,260153.2,2024-03-11,Sports
260153.2,63686.649999999994,491459.80000000005,407328.65,267544.2250000001,450913.275,175034.44910327648,1.0492117721404157,88851.5,35924.833333333336,18,0.1260734913347938,6,8,470011.1593137255,533109.0,2024-03-18,Sports
533109.0,260153.2,254877.25,707504.5,277956.525,466635.81875,193100.98924890955,-0.7209022920265837,74394.75,35173.5,6,0.13865269147935635,2,8,470011.1593137255,148789.5,2024-03-25,Sports
148789.5,533109.0,63686.649999999994,633023.8,251434.58750000005,396796.44375,204288.84035806733,3.670907893366132,115830.34166666667,36850.0,20,0.15688682966687345,6,8,470011.1593137255,694982.05,2024-04-01,Sports
694982.05,148789.5,260153.2,789272.35,409258.43750000006,404541.225,249702.07836802033,0.08096978907584718,150250.91999999998,44922.8,19,0.10522963140277182,5,8,470011.1593137255,751254.6,2024-04-08,Sports
751254.6,694982.05,533109.0,491459.80000000005,532033.7875000001,399789.00625,271715.0718848895,-0.5575245063391292,166205.875,50130.5,8,0.1337304149910587,2,8,470011.1593137255,332411.75,2024-04-15,Sports
332411.75,751254.6,148789.5,254877.25,481859.4750000001,379908.0,289404.6740595669,-0.2724517108676212,120922.8,50384.5,6,0.07164977391088831,2,8,470011.1593137255,241845.6,2024-04-22,Sports
241845.6,332411.75,694982.05,63686.649999999994,505123.50000000006,378279.04375,255454.75046916175,0.6800977565851931,81264.85,43152.6,14,0.13575722735341816,5,8,470011.1593137255,406324.25,2024-04-29,Sports
406324.25,241845.6,751254.6,260153.2,432959.05000000005,421108.74375,222602.4708076672,1.0052840803865388,101849.44375,45862.125,20,0.15313435685115792,8,8,470011.1593137255,814795.55,2024-05-06,Sports
814795.55,406324.25,332411.75,533109.0,448844.2875000001,490439.0375,253069.99857072282,-0.44788125070147966,149954.63333333333,57544.0,8,0.1668171024482671,3,8,470011.1593137255,449863.9,2024-05-13,Sports
449863.9,814795.55,241845.6,148789.5,478207.32500000007,480033.4,241611.96470498765,-0.05772723705991978,84778.9,37086.6,14,0.14782508717644202,5,8,470011.1593137255,423894.5,2024-05-20,Sports
423894.5,449863.9,406324.25,694982.05,523719.55000000005,514421.525,194873.11417305632,0.146228365784411,161959.96666666667,51952.0,10,0.11707670119725942,3,8,470011.1593137255,485879.9,2024-05-27,Sports
485879.9,423894.5,814795.55,751254.6,543608.4625,488283.75625000003,182569.1642189493,-0.37750686949593926,75614.225,29081.0,12,0.13918844311170098,4,8,470011.1593137255,302456.9,2024-06-03,Sports
302456.9,485879.9,449863.9,332411.75,415523.8000000001,432184.04375,79547.50314397035,0.1841353263886525,71629.98000000001,33658.0,12,0.10755024362049007,5,8,470011.1593137255,358149.9,2024-06-10,Sports
358149.9,302456.9,423894.5,241845.6,392595.30000000005,435401.3125,79567.73477886598,-0.837204198577188,58305.3,20458.0,3,0.18931297840847763,1,8,470011.1593137255,58305.3,2024-06-17,Sports
58305.3,358149.9,485879.9,406324.25,301198.00000000006,412458.775,179210.6503938124,5.030702183163452,117207.3,44321.0,8,0.1993686460164202,3,8,470011.1593137255,351621.9,2024-06-24,Sports
351621.9,58305.3,302456.9,814795.55,267633.50000000006,405620.98125,141748.87948565907,0.39211437057816934,69928.27142857143,28993.285714285714,19,0.15208615023860794,7,8,470011.1593137255,489497.9,2024-07-01,Sports
489497.9,351621.9,358149.9,449863.9,314393.75000000006,364958.77499999997,182156.79453506513,-0.790550684691395,51262.5,27613.5,6,0.17197676378089827,2,8,470011.1593137255,102525.0,2024-07-08,Sports
102525.0,489497.9,58305.3,423894.5,250487.52500000008,321541.4125,205086.19129088725,1.155305047549378,73657.55,41776.666666666664,7,0.19441302312498307,3,8,470011.1593137255,220972.65,2024-07-15,Sports
220972.65,102525.0,351621.9,485879.9,291154.36250000005,296176.18125,166836.23819573954,3.9181545770483357,98797.96818181817,37445.818181818184,32,0.16936358527879605,11,8,470011.1593137255,1086777.65,2024-07-22,Sports
1086777.65,220972.65,489497.9,302456.9,474943.30000000005,371288.4,438843.02032252756,-0.7805632090428065,79493.0,26566.0,10,0.13565803729075535,3,8,470011.1593137255,238479.0,2024-07-29,Sports
238479.0,1086777.65,102525.0,358149.9,412188.575,363291.1625,453762.23443980824,0.40600807618280865,55883.9,35362.166666666664,10,0.17609290177621392,6,8,470011.1593137255,335303.4,2024-08-05,Sports
335303.4,238479.0,220972.65,58305.3,470383.17500000005,360435.35,413994.3038206293,1.8106459701870006,117802.39375,38104.75,28,0.13832864090053673,8,8,470011.1593137255,942419.15,2024-08-12,Sports
942419.15,335303.4,1086777.65,351621.9,650744.8,470949.58125,426092.6892162649,-0.13363305488858113,90720.08888888889,32151.666666666668,23,0.17622345141265955,9,8,470011.1593137255,816480.8,2024-08-19,Sports
816480.8,942419.15,238479.0,489497.9,583170.5875000001,529056.94375,348206.65226631454,-0.12674443783613776,118832.73333333334,36528.833333333336,22,0.1564061345708033,6,8,470011.1593137255,712996.4,2024-08-26,Sports
712996.4,816480.8,335303.4,102525.0,701799.9375000001,556994.25625,261721.4667159646,-0.5736876090818972,151979.6,55844.5,5,0.09339303420301794,2,8,470011.1593137255,303959.2,2024-09-02,Sports
303959.2,712996.4,942419.15,220972.65,693963.8875000001,582173.53125,276409.3004444148,0.9323881297226733,146841.7875,56942.75,11,0.16070767199675876,4,8,470011.1593137255,587367.15,2024-09-09,Sports
587367.15,303959.2,816480.8,1086777.65,605200.8875000001,627972.84375,221603.00119975224,-0.4175070907523514,85534.3,25058.5,13,0.14205297107346151,4,8,470011.1593137255,342137.2,2024-09-16,Sports
342137.2,587367.15,712996.4,238479.0,486614.98750000005,534892.7875000001,196330.08766026495,0.554000997260748,106336.31000000001,28042.8,19,0.1271516618917747,5,8,470011.1593137255,531681.55,2024-09-23,Sports
531681.55,342137.2,303959.2,335303.4,441286.2750000001,571543.1062500001,139284.11297835625,-0.3796304385585695,109946.35000000002,34740.333333333336,10,0.13112353845446958,3,8,470011.1593137255,329839.05000000005,2024-09-30,Sports
329839.05000000005,531681.55,587367.15,942419.15,447756.23750000005,570860.0625,131141.79242031873,0.07620443971082236,88743.5625,44260.5,9,0.12861546336547844,4,8,470011.1593137255,354974.25,2024-10-07,Sports
354974.25,329839.05000000005,342137.2,816480.8,389658.01250000007,497429.45,95236.870451884,-0.03520325770108679,57079.666666666664,39225.5,13,0.166761705423906,6,8,470011.1593137255,342478.0,2024-10-14,Sports
342478.0,354974.25,531681.55,712996.4,389743.2125000001,438179.1,95180.32255161219,0.12028641255788686,76734.69,39107.4,12,0.13547288238035907,5,8,470011.1593137255,383673.45,2024-10-21,Sports
383673.45,342478.0,329839.05000000005,303959.2,352741.18750000006,397013.73125,23033.543302661386,0.0710682482720657,102735.1125,48136.5,9,0.14621553635574247,4,8,470011.1593137255,410940.45,2024-10-28,Sports
410940.45,383673.45,354974.25,587367.15,373016.5375000001,410386.3875,30604.57119566605,0.3008483345944648,89095.2,40722.166666666664,14,0.12736759009272325,6,8,470011.1593137255,534571.2,2024-11-04,Sports
534571.2,410940.45,342478.0,342137.2,417915.775,403786.89375000005,82705.37680856966,-0.1925020465000732,71944.19166666667,31355.833333333332,16,0.12318345208398628,6,8,470011.1593137255,431665.15,2024-11-11,Sports
431665.15,534571.2,383673.45,531681.55,440212.56250000006,414977.8875,65904.32090994211,0.9245269162914818,118678.74285714285,44550.57142857143,18,0.17418973774813518,7,8,470011.1593137255,830751.2,2024-11-18,Sports
830751.2,431665.15,410940.45,329839.05000000005,551982.0,452361.59375,193549.5337509283,-0.30241148011582764,96587.08333333333,39955.666666666664,17,0.13776920038824167,6,8,470011.1593137255,579522.5,2024-11-25,Sports
579522.5,830751.2,534571.2,354974.25,594127.5125,483572.025,169455.05742811985,0.4056008179147488,116368.18571428572,46850.857142857145,20,0.18322650624538733,7,8,470011.1593137255,814577.3,2024-12-02,Sports
814577.3,579522.5,431665.15,342478.0,664129.0375000001,541022.40625,192868.99690791618,-0.7766668675888709,90961.05,38806.5,5,0.19848232960328802,2,8,470011.1593137255,181922.1,2024-12-09,Sports
181922.1,814577.3,830751.2,383673.45,601693.275,520952.91875,302482.2439584886,0.1764288121124371,107009.2,52100.5,6,0.1454096701053022,2,8,470011.1593137255,214018.4,2024-12-16,Sports
214018.4,181922.1,579522.5,410940.45,447510.07500000007,499746.0375,303985.1766026799,0.48030683343114444,105604.3,50254.666666666664,7,0.11083269285366332,3,8,470011.1593137255,316812.9,2024-12-23,Sports
316812.9,214018.4,814577.3,534571.2,381832.67500000005,487980.09375,294177.5827047598,0.8138216594084393,95773.68333333333,32987.833333333336,19,0.15541279711588343,6,8,470011.1593137255,574642.1,2024-12-30,Sports
574642.1,316812.9,181922.1,431665.15,321848.87500000006,492988.95625,178079.27948971413,-0.2643541084093908,70455.51666666666,44980.5,10,0.13668141591638341,6,8,470011.1593137255,422733.1,2025-01-06,Sports
422733.1,574642.1,214018.4,830751.2,382051.625,491872.45,154096.64652681156,1.3296668749146923,109425.25555555556,46811.0,24,0.15849827735893682,9,8,470011.1593137255,984827.3,2025-01-13,Sports
984827.3,422733.1,316812.9,579522.5,574753.8500000001,511131.9625,293146.2030002722,-0.6644171013537095,66098.24,28474.0,13,0.17408912251752634,5,8,470011.1593137255,330491.2,2025-01-20,Sports
330491.2,984827.3,574642.1,814577.3,578173.425,480003.05000000005,289187.38073310873,-0.5917749095891207,44971.6,28862.333333333332,5,0.16104624208321033,3,8,470011.1593137255,134914.8,2025-01-27,Sports
134914.8,330491.2,422733.1,181922.1,468241.6000000001,395045.2375,364697.92857246485,4.230487314957292,117611.69166666667,39279.333333333336,17,0.11310784531113947,6,8,470011.1593137255,705670.15,2025-02-03,Sports
705670.15,134914.8,984827.3,214018.4,538975.8625,460513.74375,380044.5967393464,-0.323971759326932,159017.65,43627.0,10,0.12685245288670166,3,8,470011.1593137255,477052.95,2025-02-10,Sports
477052.95,705670.15,330491.2,316812.9,412032.2750000001,493393.0625,240758.47626096322,-0.28157618562048514,68545.24,25342.4,15,0.1455866408240988,5,8,470011.1593137255,342726.2,2025-02-17,Sports
342726.2,477052.95,134914.8,574642.1,415091.025,496632.22500000003,239451.381974158,2.061109859707253,131140.31875,44440.125,25,0.167434535101373,8,8,470011.1593137255,1049122.55,2025-02-24,Sports
1049122.55,342726.2,705670.15,422733.1,643642.9625000001,555942.28125,309065.3642228251,-0.683454568772733,66418.98999999999,29314.0,11,0.13304492831153905,5,8,470011.1593137255,332094.94999999995,2025-03-03,Sports
332094.94999999995,1049122.55,477052.95,984827.3,550249.1625000001,544612.5125,339062.1293491515,0.42688920743901737,67694.67142857143,30020.714285714286,24,0.1517997955759594,7,8,470011.1593137255,473862.7,2025-03-10,Sports
473862.7,332094.94999999995,342726.2,330491.2,549451.6000000001,480741.9375,339295.37003496697,0.9406980123145374,183924.88,48384.0,18,0.15520247141237217,5,8,470011.1593137255,919624.4,2025-03-17,Sports
919624.4,473862.7,1049122.55,134914.8,693676.1500000001,554383.5875,344699.7108331473,-0.7461802883873025,38903.13333333333,21929.333333333332,17,0.2018626244528918,6,8,470011.1593137255,233418.8,2025-03-24,Sports
233418.8,919624.4,332094.94999999995,705670.15,489750.21250000014,566696.5875,303098.00668013416,1.0101026566840376,117298.9375,45270.25,12,0.15341097719186292,4,8,470011.1593137255,469195.75,2025-03-31,Sports
469195.75,233418.8,473862.7,477052.95,524025.41250000015,537137.2875,286631.7915345819,-0.6270967927565414,87482.3,43656.0,5,0.18048719264748214,2,8,470011.1593137255,174964.6,2025-04-07,Sports
174964.6,469195.75,919624.4,342726.2,449300.8875000001,499376.24375,338361.4863361726,2.3974415396028683,84918.85714285714,36929.857142857145,18,0.16050095037769135,7,8,470011.1593137255,594432.0,2025-04-14,Sports
594432.0,174964.6,233418.8,1049122.55,368002.7875000001,530839.46875,197388.61454634895,-0.5362538524170973,91888.51666666666,33772.0,10,0.11983229459589388,3,8,470011.1593137255,275665.55,2025-04-21,Sports
275665.55,594432.0,469195.75,332094.94999999995,378564.4750000001,434157.34375,188727.24076818908,2.9579056940557136,181843.04166666666,43367.0,29,0.16490962144622123,6,8,470011.1593137255,1091058.25,2025-04-28,Sports
1091058.25,275665.55,174964.6,473862.7,534030.1000000001,529027.75625,412152.48933818383,-0.824789373069678,63721.666666666664,39359.0,6,0.09471638957855633,3,8,470011.1593137255,191165.0,2025-05-05,Sports
191165.0,1091058.25,594432.0,919624.4,538080.2000000002,493690.54375,407501.26939299435,1.9192035675986716,93008.25833333335,35685.5,19,0.13433364768834918,6,8,470011.1593137255,558049.55,2025-05-12,Sports
558049.55,191165.0,275665.55,233418.8,528984.5875000001,448493.6875,406228.25380972173,-0.6541446901982091,193004.4,56766.0,4,0.2395154203738348,1,8,470011.1593137255,193004.4,2025-05-19,Sports
193004.4,558049.55,1091058.25,469195.75,508319.3000000001,443441.8875,425075.72571745573,0.923138021723857,123724.7,45018.333333333336,8,0.14223321408455816,3,8,470011.1593137255,371174.1,2025-05-26,Sports
371174.1,193004.4,191165.0,174964.6,328348.2625000001,431189.18125,174865.60788530917,0.38156622458301914,170933.86666666667,48826.333333333336,12,0.1674922054144442,3,8,470011.1593137255,512801.6,2025-06-02,Sports
512801.6,371174.1,558049.55,594432.0,408757.4125000001,473418.80624999997,164393.02808934392,-0.24612618213359705,128862.56666666667,51733.666666666664,8,0.14405692220728997,3,8,470011.1593137255,386587.7,2025-06-09,Sports
386587.7,512801.6,193004.4,275665.55,365891.9500000001,447438.26875,131565.90919232505,-0.022442773011143502,125970.53333333333,40531.0,10,0.1711039171272141,3,8,470011.1593137255,377911.6,2025-06-16,Sports
377911.6,386587.7,371174.1,1091058.25,412118.7500000001,460219.025,67417.76292385066,-0.22597480468977404,146256.55,74232.0,5,0.10668131213851093,2,8,470011.1593137255,292513.1,2025-06-23,Sports
292513.1,377911.6,512801.6,191165.0,392453.5000000001,360400.88125,90770.08169182086,0.3315916449553884,194754.0,67315.0,7,0.10644381069535748,2,8,470011.1593137255,389508.0,2025-06-30,Sports
389508.0,292513.1,386587.7,558049.55,361630.1000000001,385193.75625,46340.42884789102,0.663151976339382,215937.0,51509.0,12,0.10917707348400008,3,8,470011.1593137255,647811.0,2025-07-07,Sports
647811.0,389508.0,377911.6,193004.4,426935.9250000001,396413.9375,153470.44085506845,-0.47773980373905345,112775.3,63406.333333333336,6,0.15965353898030055,3,8,470011.1593137255,338325.9,2025-07-21,Sports
338325.9,647811.0,292513.1,371174.1,417039.5000000001,414579.125,158866.95044010846,-0.11581052470413888,99714.73333333334,43243.333333333336,9,0.16853811853789066,3,8,470011.1593137255,299144.2,2025-07-28,Sports
299144.2,338325.9,389508.0,512801.6,418697.27500000014,405575.3875,157159.80022442882,0.9420249498402442,96824.25,44971.833333333336,17,0.13784699011945983,6,8,470011.1593137255,580945.5,2025-08-04,Sports
580945.5,299144.2,647811.0,386587.7,466556.65000000014,414093.375,173597.23697763728,-0.19215330870107428,156438.30000000002,55374.0,10,0.12449332071674818,3,8,470011.1593137255,469314.9,2025-08-11,Sports
469314.9,580945.5,338325.9,377911.6,421932.6250000001,424434.275,128578.45358528146,0.33589451347059285,104492.53333333333,37348.5,19,0.20174475143665516,6,8,470011.1593137255,626955.2,2025-08-18,Sports
626955.2,469314.9,299144.2,292513.1,494089.9500000002,455564.725,145847.76283157946,-0.3815730374355296,193863.0,48715.0,8,0.17440119803252951,2,8,470011.1593137255,387726.0,2025-08-25,Sports
387726.0,626955.2,580945.5,389508.0,516235.40000000014,467466.3375,108262.75192428844,0.8795548918566205,145750.46000000002,48265.4,16,0.12900726963023917,5,8,470011.1593137255,728752.3,2025-09-01,Sports
728752.3,387726.0,469314.9,647811.0,553187.1000000001,509871.87500000006,153489.18916838,-0.36259453314932943,92902.13999999998,41993.4,13,0.16385809161948078,5,8,470011.1593137255,464510.69999999995,2025-09-15,Sports
464510.69999999995,728752.3,626955.2,338325.9,551986.0500000002,486959.33749999997,154380.4623588644,-0.6212879488029016,58638.6,21412.333333333332,9,0.134087854031369,3,8,470011.1593137255,175915.8,2025-09-22,Sports
493130.1,27343.85,773276.05,124344.55,439418.05,475197.625,308086.43167790043,-0.5314378497682457,115531.05,43626.0,6,0.1283003710436706,2,9,489565.66213592235,231062.1,2023-11-27,Toys
231062.1,493130.1,463922.2,976375.45,303864.5625,488537.31875000003,218482.48899688097,-0.7003855240647427,34614.775,38458.0,2,0.1794396078380583,2,9,489565.66213592235,69229.55,2023-12-04,Toys
69229.55,231062.1,27343.85,542253.8,205191.4,375144.08125,211102.94784978303,5.836610233635781,94659.09,33880.0,15,0.13315534116630662,5,9,489565.66213592235,473295.45,2023-12-11,Toys
473295.45,69229.55,493130.1,400935.0,316679.3,366524.2875,203490.52965053415,0.032736317241165214,122197.35,35485.25,16,0.12145602519135291,4,9,489565.66213592235,488789.4,2023-12-18,Toys
488789.4,473295.45,231062.1,773276.05,315594.125,377506.08749999997,202243.64699920098,-0.12130776567576962,107373.8625,51002.25,8,0.15576711113331745,4,9,489565.66213592235,429495.45,2023-12-25,Toys
429495.45,488789.4,69229.55,463922.2,365202.4625,334533.5125,198906.49247214268,1.035999450052381,174890.5,47789.4,20,0.16796665088325186,5,9,489565.66213592235,874452.5,2024-01-01,Toys
874452.5,429495.45,473295.45,27343.85,566508.2,385849.8,206826.02528135807,-0.2763437693871308,210934.33333333334,58677.333333333336,11,0.15044308017396427,3,9,489565.66213592235,632803.0,2024-01-08,Toys
632803.0,874452.5,488789.4,493130.1,606385.0875,461532.19375000003,198054.4818299431,-0.842877167143645,49713.9,25361.0,4,0.1693448912629656,2,9,489565.66213592235,99427.8,2024-01-15,Toys
99427.8,632803.0,429495.45,231062.1,509044.68750000006,412319.40625,328102.1512989015,-0.052369659189884676,47110.399999999994,19785.5,6,0.16760495679609738,2,9,489565.66213592235,94220.79999999999,2024-01-29,Toys
94220.79999999999,99427.8,874452.5,69229.55,425226.025,395214.24375,391833.9651695717,9.03687190089662,189136.41999999998,48064.4,21,0.1378291281052897,5,9,489565.66213592235,945682.1,2024-02-05,Toys
945682.1,94220.79999999999,632803.0,473295.45,443033.425,504770.8125,419683.7122429093,-0.4617151471937556,84841.05833333333,53193.0,11,0.12416117477028336,6,9,489565.66213592235,509046.35000000003,2024-02-12,Toys
509046.35000000003,945682.1,99427.8,488789.4,412094.2625,509239.675,405347.39937183785,-0.5638021960082811,55511.225,21528.25,11,0.16466021309674006,4,9,489565.66213592235,222044.9,2024-02-19,Toys
222044.9,509046.35000000003,94220.79999999999,429495.45,442748.5375,475896.61250000005,377500.2197102348,1.9581832323102222,131369.9,54975.2,13,0.151321729274888,5,9,489565.66213592235,656849.5,2024-02-26,Toys
656849.5,222044.9,945682.1,874452.5,583405.7124999999,504315.86875,301523.42223253666,0.12583620753308034,105643.5642857143,42508.42857142857,21,0.10947499779155472,7,9,489565.66213592235,739504.9500000001,2024-03-04,Toys
739504.9500000001,656849.5,509046.35000000003,632803.0,531861.425,487447.425,227482.3503607568,0.07714606913719768,199138.7125,57501.25,16,0.1564037835698466,4,9,489565.66213592235,796554.85,2024-03-11,Toys
796554.85,739504.9500000001,222044.9,99427.8,603738.55,507916.40625,260845.71197988212,-0.3416805509375782,131096.8875,39690.5,12,0.1724921212139726,4,9,489565.66213592235,524387.55,2024-03-18,Toys
524387.55,796554.85,656849.5,94220.79999999999,679324.2125,561036.375,118145.7089406929,-0.5461052612709818,119008.375,29258.0,9,0.16425350980099646,2,9,489565.66213592235,238016.75,2024-03-25,Toys
238016.75,524387.55,739504.9500000001,945682.1,574616.025,579010.86875,253158.16614742868,1.7846844812392408,82850.19375,37114.875,21,0.18326634124590788,8,9,489565.66213592235,662801.55,2024-04-01,Toys
662801.55,238016.75,796554.85,509046.35000000003,555440.175,543650.8,239015.09547890295,-0.4685492211054727,176123.2,61730.5,7,0.1647351877210083,2,9,489565.66213592235,352246.4,2024-04-08,Toys
352246.4,662801.55,524387.55,222044.9,444363.0625,524050.80625,187246.33651370555,-0.1433285052735812,75439.8625,36078.5,12,0.1882402646030137,4,9,489565.66213592235,301759.45,2024-04-15,Toys
301759.45,352246.4,238016.75,656849.5,388706.03750000003,534015.125,188613.0302890211,0.0030482889599645624,100893.09999999999,42952.0,10,0.13826789174928125,3,9,489565.66213592235,302679.3,2024-04-22,Toys
302679.3,301759.45,662801.55,739504.9500000001,404871.67500000005,489743.85,173563.29531224066,1.2665012110177338,137204.6,50018.2,17,0.19385831202100545,5,9,489565.66213592235,686023.0,2024-04-29,Toys
686023.0,302679.3,352246.4,796554.85,410677.0375,483058.60625,185073.04020813562,0.4965918052310201,146670.9142857143,52097.142857142855,24,0.14289380856559689,7,9,489565.66213592235,1026696.4,2024-05-06,Toys
1026696.4,686023.0,301759.45,524387.55,579289.5375000001,511826.30000000005,348855.79904735077,-0.8690669413080634,67214.25,20961.0,6,0.13154502053032394,2,9,489565.66213592235,134428.5,2024-05-13,Toys
134428.5,1026696.4,302679.3,238016.75,537456.8,463081.41875000007,399574.60175280564,2.4800905313977317,116955.8375,41298.25,14,0.1572786862054907,4,9,489565.66213592235,467823.35,2024-05-20,Toys
467823.35,134428.5,686023.0,662801.55,578742.8125,491807.24375,375006.5735591807,-0.2658891438402978,114478.06666666667,36384.333333333336,10,0.20970955971763952,3,9,489565.66213592235,343434.2,2024-05-27,Toys
343434.2,467823.35,1026696.4,352246.4,493095.61250000005,451886.325,381404.91329341463,-0.5532425134130498,76715.9,25822.5,7,0.13706750089811268,2,9,489565.66213592235,153431.8,2024-06-03,Toys
153431.8,343434.2,134428.5,301759.45,274779.4625,427034.5,159585.9886823777,3.2963710912600916,131839.99000000002,46384.8,15,0.12743245706249737,5,9,489565.66213592235,659199.9500000001,2024-06-10,Toys
659199.9500000001,153431.8,467823.35,302679.3,405972.325,471714.5625,212632.32209809328,-0.621890520471065,41541.625,19739.5,16,0.12308615288473523,6,9,489565.66213592235,249249.75,2024-06-17,Toys
249249.75,659199.9500000001,343434.2,686023.0,351328.92500000005,465035.86875,219416.13794289136,0.27288873910605727,158633.6,51658.5,7,0.12581234643250133,2,9,489565.66213592235,317267.2,2024-06-24,Toys
317267.2,249249.75,153431.8,1026696.4,344787.175,418941.39375000005,220118.92333026236,1.0418393392068261,215936.21666666667,61691.333333333336,12,0.17580270345481208,3,9,489565.66213592235,647808.65,2024-07-01,Toys
647808.65,317267.2,659199.9500000001,134428.5,468381.3875,371580.425,215607.69817736594,-0.2739439339070264,94069.08,29400.8,16,0.11390236401292611,5,9,489565.66213592235,470345.4,2024-07-08,Toys
470345.4,647808.65,249249.75,467823.35,421167.75,413570.03750000003,177139.92757763976,0.8482555585746134,124188.35714285714,38821.142857142855,22,0.17345875253060009,7,9,489565.66213592235,869318.5,2024-07-15,Toys
869318.5,470345.4,317267.2,343434.2,576184.9375,463756.93125,237555.35786180908,-0.26043210860001265,107153.34166666666,41279.833333333336,18,0.14288608176118123,6,9,489565.66213592235,642920.0499999999,2024-07-29,Toys
642920.0499999999,869318.5,647808.65,153431.8,657598.15,501192.6625,163503.7001788694,-0.50014811328407,64272.96,38892.6,10,0.18352633723593365,5,9,489565.66213592235,321364.8,2024-08-05,Toys
321364.8,642920.0499999999,470345.4,659199.9500000001,575987.1875,522184.28750000003,235595.70911331094,-0.31818668379362025,54777.7,35686.5,8,0.17421052015776162,4,9,489565.66213592235,219110.8,2024-08-12,Toys
219110.8,321364.8,869318.5,249249.75,513178.5375,467173.14375,298293.4109716898,-0.004621862546255073,72699.36666666667,24897.0,9,0.12828169644747847,3,9,489565.66213592235,218098.1,2024-08-19,Toys
218098.1,219110.8,642920.0499999999,317267.2,350373.4375,463279.1875,200957.4303586259,3.3634832215411326,135952.48571428572,47155.142857142855,23,0.13550056207410766,7,9,489565.66213592235,951667.4,2024-08-26,Toys
951667.4,218098.1,321364.8,647808.65,427560.275,542579.2125,352747.00271334546,0.32622521271612337,157765.6625,58096.25,24,0.12947473876636448,8,9,489565.66213592235,1262125.3,2024-09-02,Toys
1262125.3,951667.4,219110.8,470345.4,662750.3999999999,619368.79375,528284.9818745118,-0.9708225482842314,36825.6,23016.0,2,0.1484950686478931,1,9,489565.66213592235,36825.6,2024-09-09,Toys
36825.6,1262125.3,218098.1,869318.5,617179.1,565178.81875,584212.818886685,12.473697645116442,165392.33333333334,39127.333333333336,15,0.1694516370887397,3,9,489565.66213592235,496177.0,2024-09-16,Toys
496177.0,36825.6,951667.4,642920.0499999999,686698.825,518536.13125000003,535399.4609142124,0.38880117377468126,172272.80000000002,52203.75,15,0.14495576235208416,4,9,489565.66213592235,689091.2000000001,2024-09-23,Toys
689091.2000000001,496177.0,1262125.3,321364.8,621054.775,524307.525,507450.67437163694,-0.8964095028350384,35691.65,13694.0,5,0.15892257012791056,2,9,489565.66213592235,71383.3,2024-09-30,Toys
71383.3,689091.2000000001,36825.6,219110.8,323369.27499999997,493059.8375,321049.9678267056,2.117435030322218,111266.4,31984.5,7,0.2335907829928554,2,9,489565.66213592235,222532.8,2024-10-07,Toys
222532.8,71383.3,496177.0,218098.1,369796.07499999995,493487.5875,276078.5947875147,0.6551658901519237,122776.23333333334,35450.666666666664,12,0.19306061722131304,3,9,489565.66213592235,368328.7,2024-10-14,Toys
368328.7,222532.8,689091.2000000001,951667.4,337833.99999999994,512266.41250000003,263692.9334989586,-0.9618514658238687,14051.2,17564.0,1,0.22188994534273074,1,9,489565.66213592235,14051.2,2024-10-21,Toys
14051.2,368328.7,71383.3,1262125.3,169073.99999999994,395064.3875,159306.64367382583,36.609300273286266,132113.95,47484.0,12,0.16828330628727187,4,9,489565.66213592235,528455.8,2024-10-28,Toys
528455.8,14051.2,222532.8,36825.6,283342.12499999994,303355.7,218722.66145093876,-0.559371001321208,77617.65000000001,48581.333333333336,5,0.153973317813095,3,9,489565.66213592235,232852.95,2024-11-04,Toys
232852.95,528455.8,368328.7,496177.0,285922.1625,327859.11875,217825.28496309856,1.4058821243192323,186738.91666666666,40557.333333333336,15,0.12415253950394321,3,9,489565.66213592235,560216.75,2024-11-11,Toys
560216.75,232852.95,14051.2,689091.2000000001,333894.175,335864.0875,259219.97845049232,-0.10708328517488985,100045.38,29302.0,19,0.12706911379719393,5,9,489565.66213592235,500226.9,2024-11-18,Toys
500226.9,560216.75,528455.8,71383.3,455438.1,312256.05,150399.8399988888,-0.08759784809653393,114102.025,45574.0,13,0.13590000524007806,4,9,489565.66213592235,456408.1,2024-11-25,Toys
456408.1,500226.9,232852.95,222532.8,437426.17499999993,360384.15,142865.87443351833,-0.23297811761009501,175037.5,40679.0,10,0.09818056456144594,2,9,489565.66213592235,350075.0,2024-12-02,Toys
350075.0,456408.1,560216.75,368328.7,466731.68749999994,376326.925,88650.52240566323,2.3011140469899307,88895.19230769231,38057.38461538462,35,0.18260040124848215,13,9,489565.66213592235,1155637.5,2024-12-09,Toys
1155637.5,350075.0,500226.9,14051.2,615586.875,474740.525,365511.9877520696,0.2886849466203718,248208.775,56163.333333333336,29,0.17105617477965115,6,9,489565.66213592235,1489252.65,2024-12-16,Toys
1489252.65,1155637.5,456408.1,528455.8,862843.3125,659140.70625,549617.4483538505,-0.851149971094562,73891.76666666666,29970.666666666668,8,0.1618346099310398,3,9,489565.66213592235,221675.3,2024-12-23,Toys
221675.3,1489252.65,350075.0,232852.95,804160.1124999999,620793.14375,616000.5370802074,0.13163351983734772,125427.6,30755.0,9,0.19891379611770232,2,9,489565.66213592235,250855.2,2024-12-30,Toys
250855.2,221675.3,1155637.5,560216.75,779355.1624999999,623043.425,641836.3965149262,1.9363597007357236,122766.85000000002,45132.666666666664,21,0.12443521762192454,6,9,489565.66213592235,736601.1000000001,2025-01-06,Toys
736601.1000000001,250855.2,1489252.65,500226.9,674596.0625,645091.46875,592228.4232423462,-0.9614439891550528,28400.4,7889.0,4,0.10290101547865159,1,9,489565.66213592235,28400.4,2025-01-13,Toys
28400.4,736601.1000000001,221675.3,456408.1,309382.99999999994,586113.15625,301432.50791429164,13.421487021309558,102394.0,45350.25,11,0.13363212612612846,4,9,489565.66213592235,409576.0,2025-01-20,Toys
409576.0,28400.4,250855.2,350075.0,356358.17499999993,580259.14375,297827.6900195179,-0.4088852862472411,80702.13333333333,56202.0,5,0.16711778216698017,3,9,489565.66213592235,242106.4,2025-01-27,Toys
242106.4,409576.0,736601.1000000001,1155637.5,354170.975,566763.06875,298890.98001809185,2.298102817604161,99811.475,47638.5,19,0.1754048578812278,8,9,489565.66213592235,798491.8,2025-02-03,Toys
798491.8,242106.4,28400.4,1489252.65,369643.64999999997,522119.85625,325688.00722115877,-0.6852844950943766,62824.4375,20481.75,14,0.148902515951705,4,9,489565.66213592235,251297.75,2025-02-10,Toys
251297.75,798491.8,409576.0,221675.3,425367.9875,367375.49375,260356.18125948208,1.2712662568606365,142691.025,42660.5,15,0.1886121654499926,4,9,489565.66213592235,570764.1,2025-02-17,Toys
570764.1,251297.75,242106.4,250855.2,465665.01249999995,411011.59375000006,269413.7246724023,-0.14222364370849527,69941.13571428572,21667.714285714286,22,0.1519443931322164,7,9,489565.66213592235,489587.95,2025-02-24,Toys
489587.95,570764.1,798491.8,736601.1000000001,527535.3999999999,440853.1875,225856.39939548197,0.5614245612049888,127409.10833333334,58383.5,15,0.13771338027807448,6,9,489565.66213592235,764454.65,2025-03-03,Toys
764454.65,489587.95,251297.75,28400.4,519026.11249999993,444334.88125,212490.8373461832,-0.5118736605238781,186575.225,54499.0,7,0.09897100386597821,2,9,489565.66213592235,373150.45,2025-03-10,Toys
373150.45,764454.65,570764.1,409576.0,549489.2875,487428.6375,164667.62540220865,0.9959480150700608,148957.78,49346.6,15,0.134617821826154,5,9,489565.66213592235,744788.9,2025-03-17,Toys
744788.9,373150.45,489587.95,242106.4,592995.4874999999,529330.25,192755.84194241383,0.4306934488416785,133195.575,53656.75,25,0.11841469413402256,8,9,489565.66213592235,1065564.6,2025-03-24,Toys
1065564.6,744788.9,764454.65,798491.8,736989.6499999999,632262.525,283522.8478445814,-0.8877177413739158,119644.0,29911.0,5,0.12822088863628658,1,9,489565.66213592235,119644.0,2025-03-31,Toys
119644.0,1065564.6,373150.45,251297.75,575786.9875,547406.55,415359.9834321515,6.271795911203236,174005.35,48454.2,20,0.1757556835956005,5,9,489565.66213592235,870026.75,2025-04-07,Toys
870026.75,119644.0,744788.9,570764.1,700006.0625,624747.675,408805.4568458844,-0.11057297950896328,128970.88333333335,54065.666666666664,17,0.14209957640265844,6,9,489565.66213592235,773825.3,2025-04-14,Toys
773825.3,870026.75,1065564.6,489587.95,707265.1625,650130.3250000001,410121.4063340297,-0.474371411738541,135581.56666666668,48997.666666666664,10,0.06255785180206118,3,9,489565.66213592235,406744.7,2025-04-21,Toys
406744.7,773825.3,119644.0,764454.65,542560.1875,639774.9187500001,345457.1126828921,-0.6037106322467141,80594.29999999999,47870.0,4,0.14961246348170362,2,9,489565.66213592235,161188.59999999998,2025-04-28,Toys
161188.59999999998,406744.7,870026.75,373150.45,552946.3374999999,564366.6625,328723.0585995078,2.830695222863156,154366.1,59783.0,12,0.14353094816572087,4,9,489565.66213592235,617464.4,2025-05-05,Toys
617464.4,161188.59999999998,773825.3,744788.9,489805.74999999994,594905.90625,265739.34911440907,-0.5471449042244378,93207.3,26012.333333333332,12,0.15636133970513336,3,9,489565.66213592235,279621.9,2025-05-12,Toys
279621.9,617464.4,406744.7,1065564.6,366254.8999999999,536760.03125,195194.86065551598,3.2874250908101255,133206.4388888889,49856.333333333336,24,0.1306456271796127,9,9,489565.66213592235,1198857.95,2025-05-19,Toys
1198857.95,279621.9,161188.59999999998,119644.0,564283.2124999999,553421.7,465127.46125402773,-0.42163001880247775,99054.77857142859,37658.142857142855,22,0.17632791705141657,7,9,489565.66213592235,693383.4500000001,2025-05-26,Toys
693383.4500000001,1198857.95,617464.4,870026.75,697331.9249999999,625139.13125,379650.9057639892,-0.13424072928190023,120060.63,41662.8,14,0.15884929764585393,5,9,489565.66213592235,600303.15,2025-06-02,Toys
600303.15,693383.4500000001,279621.9,773825.3,693041.6125,591423.68125,380949.06275653024,-0.4693634374565584,53090.46666666667,21482.333333333332,19,0.14970564642452563,6,9,489565.66213592235,318542.8,2025-06-09,Toys
318542.8,600303.15,1198857.95,406744.7,702771.8375,534513.36875,367115.4940938712,1.0877927550081181,133010.27,46244.8,17,0.13762411303633867,5,9,489565.66213592235,665051.35,2025-06-16,Toys
665051.35,318542.8,693383.4500000001,161188.59999999998,569320.1875,566801.7,171663.80964193383,0.1004315681789083,146368.7,38145.8,22,0.17176890102812742,5,9,489565.66213592235,731843.5,2025-06-23,Toys
731843.5,665051.35,600303.15,617464.4,578935.2,638133.5625,181711.9797597968,0.17161763409800046,107180.09375,37290.75,24,0.17115109019918814,8,9,489565.66213592235,857440.75,2025-06-30,Toys
857440.75,731843.5,318542.8,279621.9,643219.5999999999,668130.60625,230677.65859515927,-0.5913464574665946,87599.05,45856.75,9,0.20220445689212924,4,9,489565.66213592235,350396.2,2025-07-07,Toys
350396.2,857440.75,665051.35,1198857.95,651182.95,676977.39375,215803.46450822995,-0.285034483821457,125260.59999999999,59628.5,5,0.15071429120759589,2,9,489565.66213592235,250521.19999999998,2025-07-14,Toys
250521.19999999998,350396.2,731843.5,693383.4500000001,547550.4125,558435.3,292741.1256616849,-0.40556527750944826,148918.5,55155.0,3,0.10024577201623641,1,9,489565.66213592235,148918.5,2025-07-21,Toys
148918.5,250521.19999999998,857440.75,600303.15,401819.1624999999,490377.18124999997,314687.7662159143,5.866572991267035,127819.96875,53367.875,24,0.15326844815897236,8,9,489565.66213592235,1022559.75,2025-07-28,Toys
1022559.75,148918.5,350396.2,318542.8,443098.9125,543159.25625,394967.06426041014,-0.8188718067575025,37042.88,22362.2,10,0.16070974842730493,5,9,489565.66213592235,185214.4,2025-08-04,Toys
185214.4,1022559.75,250521.19999999998,665051.35,401803.46249999997,526493.20625,415967.2734207006,0.054231744400003556,97629.45,31190.0,8,0.14223846771922172,2,9,489565.66213592235,195258.9,2025-08-11,Toys
195258.9,185214.4,148918.5,731843.5,387987.88749999995,467769.15,423515.9070495584,2.6430528902907886,142267.7,46399.8,15,0.12385035925493626,5,9,489565.66213592235,711338.5,2025-08-18,Toys
711338.5,195258.9,1022559.75,857440.75,528592.8875,465206.025,410860.70349796617,-0.31060669428127397,163464.0,58060.333333333336,10,0.15237575221050398,3,9,489565.66213592235,490392.0,2025-08-25,Toys
490392.0,711338.5,185214.4,350396.2,395550.94999999995,419324.93125,253689.4236786448,0.1522229155451149,188346.96666666667,46956.333333333336,14,0.15439169142863082,3,9,489565.66213592235,565040.9,2025-09-01,Toys
565040.9,490392.0,195258.9,250521.19999999998,490507.57499999995,446155.51875,217173.74566519048,-0.8684098797095927,37176.9,31267.5,3,0.19339246052152104,2,9,489565.66213592235,74353.8,2025-09-08,Toys
74353.8,565040.9,711338.5,148918.5,460281.29999999993,424134.59375,273161.1130052122,0.0025701443638386223,37272.45,18457.0,7,0.17277956632472494,2,9,489565.66213592235,74544.9,2025-09-15,Toys
74544.9,74353.8,490392.0,1022559.75,301082.89999999997,414837.89375,263462.40170570737,8.138474261820729,113537.77500000001,42143.666666666664,19,0.1771173259893224,6,9,489565.66213592235,681226.65,2025-09-22,Toys
681226.65,74544.9,565040.9,185214.4,348791.56249999994,372171.25625,320314.52290351305,-0.7409305698771473,88242.5,57789.0,3,0.216894125321921,2,9,489565.66213592235,176485.0,2025-09-29,Toys
