week_start,category,revenue,revenue_winsor,profit,n_orders,avg_basket,avg_margin,avg_unit_price,total_quantity,n_anomalies,lag_1,lag_2,lag_4,lag_8,lag_12,lag_52,ma_4,ma_8,ma_12,std_4,wow_change,mom_change,yoy_change,rolling_sum_4,category_encoded,cat_Clothing & Apparel,cat_Electronics,cat_Home & Furniture,category_target_enc,revenue_robust,profit_robust,n_orders_robust,avg_basket_robust,avg_unit_price_robust,total_quantity_robust,lag_1_robust,lag_4_robust,ma_4_robust,ma_8_robust,revenue_std,profit_std,n_orders_std,avg_basket_std,avg_unit_price_std,total_quantity_std,lag_1_std,lag_4_std,ma_4_std,ma_8_std
2022-12-26,Accessories,8406.54,8406.54,3079.42,29,289.88068965517243,0.3811343706179349,153.53655172413795,53,0,,,,,,,,,,,,,,,0,False,False,False,89904.48566037737,,,,,,,,,,,,,,,,,,,,
2023-01-02,Accessories,62205.12,62205.12,21397.9,213,292.04281690140846,0.3458759619197969,155.6155399061033,388,0,8406.54,,,,,,8406.54,8406.54,8406.54,,6.399610303406633,,,8406.54,0,False,False,False,89904.48566037737,,,,,,,,,,,,,,,,,,,,
2023-01-09,Accessories,66143.62,66143.62,22496.06,262,252.45656488549616,0.34801335278673984,142.71522900763358,458,0,62205.12,8406.54,,,,,35305.83,35305.83,35305.83,38041.34073620698,0.06331472393269233,,,70611.66,0,False,False,False,89904.48566037737,,,,,,,,,,,,,,,,,,,,
2023-01-16,Accessories,72536.87,72536.87,24781.77,262,276.8582824427481,0.340711483100951,149.5916030534351,483,0,66143.62,62205.12,,,,,45585.09333333333,45585.09333333333,45585.09333333333,32257.73653764525,0.0966570925510275,,,136755.28,0,False,False,False,89904.48566037737,,,,,,,,,,,,,,,,,,,,
2023-01-23,Accessories,59609.28,59609.28,19869.11,227,262.5959471365639,0.3362907530956282,149.54594713656388,395,0,72536.87,66143.62,8406.54,,,,52323.0375,52323.0375,52323.0375,29585.59239552069,-0.17822095163466523,6.090822145615198,,209292.15,0,False,False,False,89904.48566037737,-0.9356777440643126,-1.2464154533234841,-0.6804374240583232,-0.6419208979096184,-0.67925081750642,-0.675603217158177,-0.8970873287524923,-1.1768775367732918,-1.0513556268008664,-1.010894301622739,-1.0570087456090447,-1.093490900554605,-0.9030056337643082,-1.2795748482441205,-1.2535352512599145,-0.9200674303566222,-1.0057531717827044,-1.2647157694775355,-1.114759463131172,-1.1538339880781654
2023-01-30,Accessories,50487.840000000004,50487.840000000004,16883.65,173,291.83722543352604,0.33250213535054396,155.60687861271677,323,0,59609.28,72536.87,62205.12,,,,65123.722499999996,53780.286,53780.286,5625.011508316389,-0.15302046929605584,-0.18836520209268948,,260494.88999999998,0,False,False,False,89904.48566037737,-0.9788406538418217,-1.349298615530069,-0.9428918590522479,-0.5905050087093964,-0.6608275952352691,-0.868632707774799,-0.9580307549430744,-0.9176161272081849,-0.9895044465961277,-1.004091171969212,-1.0965304753709537,-1.1621045800778373,-1.1171193697798836,-1.1827538828457422,-1.219544828996967,-1.082863553991035,-1.0618342366026003,-1.0264668834870292,-1.057068720945141,-1.1467969827702564
2023-02-06,Accessories,43927.51,43927.51,14368.26,150,292.8500666666667,0.33404807114190177,157.1518,279,0,50487.840000000004,59609.28,66143.62,,,,62194.4025,53231.545000000006,53231.545000000006,9421.419156320972,-0.12993881298942478,-0.3358768389150759,,248777.61,0,False,False,False,89904.48566037737,-1.0098843193048062,-1.435982502563498,-1.054678007290401,-0.5887240970785261,-0.6561315464148261,-0.9865951742627346,-1.0010311753920385,-0.8986360526119377,-1.003658525006568,-1.0066529561599016,-1.1249553281802627,-1.2199148214932118,-1.2083159610457768,-1.1794002583908856,-1.210880726701234,-1.182350073989843,-1.1014038754827624,-1.009025099011052,-1.0702707210646958,-1.149446835097891
2023-02-13,Accessories,49461.659999999996,49461.659999999996,16271.99,177,279.444406779661,0.3357522089021355,152.05559322033898,333,0,43927.51,50487.840000000004,72536.87,,,,56640.375,51902.397142857146,51902.397142857146,12396.015134153666,0.12598369450032543,-0.31811697968219477,,226561.5,0,False,False,False,89904.48566037737,-0.983696566368296,-1.3703772817976725,-0.9234507897934386,-0.6122957041883887,-0.6716223254495094,-0.8418230563002681,-1.0319579751390031,-0.8678262615969682,-1.0304948353887524,-1.0128580510362046,-1.1009767479602681,-1.1761621267263207,-1.101259093037989,-1.223787816242522,-1.2394608584947593,-1.0602529812640333,-1.1298631855297168,-0.9807123686312018,-1.095301879053243,-1.1558652465944275
2023-02-20,Accessories,56491.24,56491.24,19786.57,184,307.01760869565214,0.34668781372761187,160.87233695652174,351,0,49461.659999999996,43927.51,59609.28,8406.54,,,50871.5725,51597.305,51597.305,6498.78553394595,0.1421217969635471,-0.05230796278700234,,203486.29,0,False,False,False,89904.48566037737,-0.9504323967510226,-1.249259898135517,-0.8894289185905225,-0.5638128478573359,-0.6448223475585573,-0.7935656836461126,-1.0058688075483995,-0.9301257722100694,-1.0583689095490842,-1.014282366384019,-1.0705187105122642,-1.0953878856449588,-1.0735036087396737,-1.132490028180089,-1.190015514366356,-1.01955395035543,-1.1058555379424226,-1.0379626513717872,-1.1213009953309758,-1.1573385265660225
2023-02-27,Accessories,65356.06,65356.06,22250.38,241,271.1869709543568,0.34261120031127257,146.9895020746888,440,0,56491.24,49461.659999999996,50487.840000000004,62205.12,,,50092.0625,57607.8925,52141.07555555555,5147.9843091989405,0.15692379915894916,0.2944911091462814,,200368.25,0,False,False,False,89904.48566037737,-0.9084838200072345,-1.1643535306490305,-0.6123936816524909,-0.6268150217489993,-0.6870215629412135,-0.5549597855227882,-0.9727298628664602,-0.9740830177668025,-1.062135396536413,-0.9862220828727524,-1.0321088738605988,-1.0387630875414384,-0.8474946651676775,-1.251129059679344,-1.2678720982424376,-0.8183198530851141,-1.075360578585215,-1.07835726622276,-1.1248141284516981,-1.1283135962667963
2023-03-06,Accessories,54380.02,54380.02,18884.49,202,269.2080198019802,0.3471065474915163,146.22678217821783,366,0,65356.06,56491.24,43927.51,66143.62,,,53809.1175,58001.76,53462.574,9256.92921908908,-0.16794219235370067,0.2379490665416728,,215236.47,0,False,False,False,89904.48566037737,-0.9604227489739691,-1.280346847203103,-0.8019441069258809,-0.6302946758239656,-0.6893399785574602,-0.7533512064343163,-0.930939204022639,-1.0056979860989081,-1.0441750890500618,-0.9843833219004059,-1.079666286586649,-1.1161200435115244,-1.0021323634011485,-1.2576815762657767,-1.2721495218449654,-0.9856380912649273,-1.0369041806768104,-1.1074099162040438,-1.1080619263862386,-1.1264116230013492
2023-03-13,Accessories,62340.34,62340.34,20624.17,229,272.22855895196506,0.3335292142611701,147.08489082969433,421,0,54380.02,65356.06,49461.659999999996,72536.87,,,56422.244999999995,56531.31,53545.97818181818,6644.2515820595,0.14638317529121903,0.26037702737837765,,225688.97999999998,0,False,False,False,89904.48566037737,-0.9227542915856508,-1.2203950208086611,-0.6707168894289186,-0.6249835637486536,-0.6867316127507931,-0.6058981233243967,-0.9826826058171635,-0.9790282946359601,-1.0315488100735495,-0.9912480824398943,-1.0451755026908696,-1.0761376468312887,-0.895075495393361,-1.2476802516466845,-1.267337146795695,-0.8612799412664175,-1.0845192435544058,-1.0829017401071215,-1.0962849578176248,-1.1335123779206475
2023-03-20,Accessories,68835.54,68835.54,23232.29,249,276.4479518072289,0.3391066501493558,154.74421686746987,440,0,62340.34,54380.02,56491.24,59609.28,8406.54,,59641.91499999999,55256.743749999994,54278.84166666667,5084.199134190179,0.10418935796628626,0.21851706565478102,,238567.65999999997,0,False,False,False,89904.48566037737,-0.8920188231084283,-1.1305155271915173,-0.5735115431348724,-0.6175644682722089,-0.6634498009374841,-0.5549597855227882,-0.9451559535661704,-0.9451519577614426,-1.015991799697168,-0.9971983643930132,-1.0170328476770174,-1.0161962274727532,-0.8157741116838886,-1.2337093956022651,-1.2243827383358867,-0.8183198530851141,-1.049986649164646,-1.0517710001511387,-1.0817743943677705,-1.1396672166228536
2023-03-27,Accessories,71253.45,71253.45,23428.61,256,278.3337890625,0.3346354316792154,150.04609375,477,0,68835.54,62340.34,65356.06,50487.840000000004,62205.12,,62727.99,56410.026249999995,59314.59166666667,6165.706084756245,0.03512589572189029,0.09023478465501134,,250911.96,0,False,False,False,89904.48566037737,-0.8805772052081693,-1.1237500631074577,-0.5394896719319563,-0.6142485393862701,-0.6777305376181304,-0.45576407506702415,-0.9145361905791738,-0.9024313928554366,-1.001080302308525,-0.9918142927163955,-1.00655643325028,-1.0116842803811823,-0.7880186273855732,-1.227465188978147,-1.2507303697576297,-0.7346607339952075,-1.0218098789995813,-1.0125128359113695,-1.0678659232826875,-1.1340980531795435
2023-04-03,Accessories,65416.92,65416.92,22576.79,244,268.102131147541,0.34966791525783003,150.76561475409835,435,0,71253.45,68835.54,54380.02,43927.51,66143.62,,64202.337499999994,59005.72749999999,60068.619166666664,7552.697280982376,-0.08191224424922583,0.20295873374081141,,256809.34999999998,0,False,False,False,89904.48566037737,-0.9081958287811717,-1.1531049816897911,-0.5978128797083839,-0.6322391957572934,-0.675543432312713,-0.5683646112600537,-0.9031376453266965,-0.9553261644617318,-0.9939564544123457,-0.9796963237182654,-1.0318451772871073,-1.0312613319884656,-0.8355994576112566,-1.2613432905745194,-1.2466952106649078,-0.8296251394486149,-1.0113207648306854,-1.0611206114806735,-1.0612212631324596,-1.1215634968056676
2023-04-10,Accessories,70205.45,70205.45,23221.62,249,281.94959839357426,0.3361961461310317,152.97995983935743,446,0,65416.92,71253.45,62340.34,49461.659999999996,72536.87,,66961.5625,61691.90375,60008.06083333333,3901.8674089242586,0.07320017512288879,0.12616405364487915,,267846.25,0,False,False,False,89904.48566037737,-0.8855363705863146,-1.1308832304401775,-0.5735115431348724,-0.6078907444209605,-0.6688125573884095,-0.5388739946380697,-0.9306522969565919,-0.91696448681542,-0.9806242520575169,-0.9671559743537097,-1.011097248383689,-1.0164414519810412,-0.8157741116838886,-1.2154928618255598,-1.2342769009083994,-0.804753509448913,-1.036640164444478,-1.0258680570056677,-1.048785855331373,-1.108592039618215
2023-04-17,Accessories,68195.25,68195.25,22907.88,235,290.19255319148937,0.337007460962656,151.15991489361704,445,0,70205.45,65416.92,68835.54,56491.24,59609.28,,68927.84,64284.877499999995,59813.775833333326,2541.37939713856,-0.028633104694863354,-0.00930173570222581,,275711.36,0,False,False,False,89904.48566037737,-0.8950486933374098,-1.1416951533300146,-0.6415552855407047,-0.5933968893210598,-0.6743448906132266,-0.5415549597855228,-0.9080781416332572,-0.8856633872806872,-0.9711234648742512,-0.9550507386238793,-1.0198071210756532,-1.0236520177945567,-0.8712850802805192,-1.1881995666021343,-1.2444839287368228,-0.8070145667216132,-1.0158670844410111,-0.997103837498656,-1.0399241414216336,-1.0960706542525627
2023-04-24,Accessories,64133.23,64133.23,22090.57,231,277.6330303030303,0.339412190603206,151.31826839826837,415,0,68195.25,70205.45,71253.45,65356.06,50487.840000000004,,68767.7675,65747.87875,60529.27333333334,2569.1440674328373,-0.05956455911518754,-0.09992807365818768,,275071.07,0,False,False,False,89904.48566037737,-0.914270285846316,-1.1698608086404405,-0.660996354799514,-0.6154807062692317,-0.6738635484589577,-0.6219839142091153,-0.917554654682349,-0.8740112069666053,-0.9718969135641706,-0.9482207523950228,-1.0374071992132574,-1.0424359393380151,-0.8871453570224137,-1.2297854753525723,-1.2435958635093747,-0.8748462849026185,-1.0245875154340234,-0.986396038818369,-1.0406455638555558,-1.0890058691032023
2023-05-01,Accessories,70096.18,70096.18,22992.25,247,283.79020242914976,0.3334398035558994,159.46975708502023,447,0,64133.23,68195.25,65416.92,54380.02,43927.51,,66987.7125,65595.025,61666.38916666666,2734.19341267072,0.09297754066027841,0.07152981216480381,,267950.85,0,False,False,False,89904.48566037737,-0.8860534392894348,-1.1387876441370026,-0.583232077764277,-0.6046543505740998,-0.649085725362346,-0.5361930294906166,-0.9367038863685849,-0.9021381016684548,-0.9804978987910821,-0.9489343464589576,-1.0115706976867689,-1.0217129745176832,-0.8237042500548357,-1.2093984271763372,-1.1978813485664992,-0.8024924521762128,-1.0422089287770915,-1.0122433152808739,-1.0486680012549572,-1.0897439948587504
2023-05-08,Accessories,70967.85,70967.85,24505.82,274,259.0067518248175,0.3473795308233425,146.00204379562044,483,0,70096.18,64133.23,70205.45,62340.34,49461.659999999996,,68157.5275,67559.545,63847.111666666664,2837.1789649389334,0.012435342410956007,0.010859555775228458,,272630.11,0,False,False,False,89904.48566037737,-0.8819286724142745,-1.086627887241576,-0.4520048602673147,-0.6482318965804897,-0.690023108731715,-0.43967828418230565,-0.9085932638006406,-0.8790616368705959,-0.9748455107844085,-0.9397630319803724,-1.0077938920309115,-0.9869271770472836,-0.716647382047048,-1.2914590535636505,-1.273409881338095,-0.7210943903590064,-1.0163411076698474,-0.9910371433329873,-1.0433958228074482,-1.080257392081329
2023-05-15,Accessories,66822.73,66822.73,21829.56,251,266.22601593625495,0.3336847290394313,151.18605577689243,436,0,70967.85,70096.18,68195.25,68835.54,56491.24,,68348.1275,68637.98375,65639.29416666667,3039.044037482615,-0.05840842015081493,-0.020126328446629427,,273392.51,0,False,False,False,89904.48566037737,-0.9015434964526884,-1.1788555813614083,-0.5637910085054678,-0.635538030057583,-0.6742654309947106,-0.5656836461126006,-0.904484024854515,-0.8887490168257504,-0.9739245573395715,-0.9347283665546487,-1.0257540290784264,-1.0484346318317546,-0.8078439733129413,-1.267555306482667,-1.244337327564321,-0.8273640821759148,-1.012559723686324,-0.9999393840727637,-1.0425368175697864,-1.0750496466569863
2023-05-22,Accessories,72206.71,72206.71,24118.55,272,265.4658455882353,0.33900606635602326,149.22352941176473,482,0,66822.73,70967.85,64133.23,71253.45,65356.06,,68004.9975,68386.38249999999,66500.25166666666,3137.933460133485,0.0805710871136216,0.12588606561684168,,272019.99,0,False,False,False,89904.48566037737,-0.8760663521658307,-1.0999737576360025,-0.4617253948967193,-0.6368746622660024,-0.6802308604967598,-0.44235924932975873,-0.9240250077268916,-0.9083243481984679,-0.9755825151335218,-0.9359029609527487,-1.0024261112712025,-0.9958276545847359,-0.7245775204179953,-1.2700723109109626,-1.2553434080843402,-0.7233554476317066,-1.030541632410707,-1.0179281811724483,-1.04408325233998,-1.076264620857836
2023-05-29,Accessories,70213.42,70213.42,24460.44,272,258.1375735294118,0.3478128517069069,146.80051470588234,479,0,72206.71,66822.73,70096.18,65416.92,54380.02,,70023.3675,68505.54000000001,67071.13916666666,2302.781921334566,-0.027605329200014905,0.001672559046727029,,280093.47,0,False,False,False,89904.48566037737,-0.885498656322895,-1.0881917460442179,-0.4617253948967193,-0.6497602010026826,-0.6875960218862883,-0.450402144772118,-0.8986437736576202,-0.8795882212938869,-0.9658300240293474,-0.9353466770233502,-1.011062715657913,-0.9879701281425132,-0.7245775204179953,-1.2943369948359116,-1.2689319618118196,-0.7301386194498071,-1.007185435983606,-0.9915210493351938,-1.0349867654483784,-1.0756892131905937
2023-06-05,Accessories,76669.98,76669.98,25413.92,286,268.0768531468531,0.3344105997941898,148.918006993007,517,0,70213.42,72206.71,70967.85,70205.45,62340.34,,70052.6775,69105.1025,68390.58916666666,2304.7628742726038,0.09195621008063704,0.08034807310634307,,280210.71,0,False,False,False,89904.48566037737,-0.8549460334088514,-1.0553334804835557,-0.393681652490887,-0.6322836428867715,-0.6811595473581342,-0.3485254691689008,-0.9080405693474144,-0.8753875454976927,-0.9656884020699131,-0.932547633879444,-0.9830874815379111,-0.9660566638348985,-0.6690665518213647,-1.2614269887085436,-1.2570568140294878,-0.6442184430872002,-1.0158325098538985,-0.9876608283692994,-1.0348546697321357,-1.072793945502946
2023-06-12,Accessories,80002.94,80002.94,26860.079999999998,261,306.5246743295019,0.34410918136011065,156.83329501915708,501,0,76669.98,70213.42,66822.73,68195.25,68835.54,,71478.20999999999,69913.16875,69584.72583333333,4113.326948566119,0.04347151257897819,0.19724141770322778,,285912.83999999997,0,False,False,False,89904.48566037737,-0.8391743732573789,-1.0054967672612467,-0.5151883353584447,-0.5646795903607098,-0.657099695960754,-0.3914209115281501,-0.8776029635906519,-0.8953633451194767,-0.9588004216575202,-0.9287751959820028,-0.9686463029052332,-0.9328201244810574,-0.7681932814582051,-1.134122186005886,-1.2126669403936836,-0.6803953594504031,-0.9878233635340083,-1.0060176367143705,-1.0284300113692975,-1.0688918200312831
2023-06-19,Accessories,75124.55,75124.55,25246.72,280,268.3019642857143,0.34041419281852037,151.38389285714285,503,0,80002.94,76669.98,72206.71,64133.23,71253.45,,74773.26250000001,71389.13,70515.3425,4409.324188159886,-0.060977634071947895,0.04040954088615867,,299093.05000000005,0,False,False,False,89904.48566037737,-0.8622590514912436,-1.061095428297608,-0.42284325637910086,-0.6318878226611344,-0.6736640718608432,-0.38605898123324395,-0.8618906767872986,-0.8694173397812254,-0.9428791732273326,-0.9218847063041395,-0.989783580709308,-0.9698993571606453,-0.6928569669342064,-1.2606816219169446,-1.2432278337639968,-0.6758732449050028,-0.9733646789839784,-0.9821744936947001,-1.0135797104465782,-1.061764451466129
2023-06-26,Accessories,76109.81,76109.81,26497.23,275,276.76294545454545,0.34891130979615304,154.26399999999998,491,0,75124.55,80002.94,70213.42,70096.18,65416.92,,75502.7225,72763.045,70837.93416666666,4071.6165092370657,0.013115020322917115,0.08397810561001018,,302010.89,0,False,False,False,89904.48566037737,-0.8575967735518625,-1.01800109001441,-0.4471445929526124,-0.6170106047131426,-0.6649095010054626,-0.41823056300268097,-0.8848884513836367,-0.8790232285439404,-0.9393545210769088,-0.9154706170956586,-0.9855146078864622,-0.9411593665459337,-0.7126823128615745,-1.2326664183179679,-1.2270758514600517,-0.7030059321774049,-0.9945275798654832,-0.9910018479102951,-1.010292145070583,-1.0551298609020519
2023-07-03,Accessories,64235.22,64235.22,21673.43,244,263.25909836065574,0.3403938681625132,148.51868852459015,421,0,76109.81,75124.55,76669.98,70967.85,70205.45,,76976.82,73514.74875,71729.00833333333,2116.141420368721,-0.15601917807967192,-0.16218551250437263,,307907.28,0,False,False,False,89904.48566037737,-0.913787666307273,-1.1842360413626523,-0.5978128797083839,-0.6407548575773652,-0.6823733431137148,-0.6058981233243967,-0.8802437248655051,-0.8479083395163548,-0.9322318811469477,-0.91196130617697,-1.0369652929771351,-1.0520229076029797,-0.8355994576112566,-1.2773790843972177,-1.2592962393409743,-0.8612799412664175,-0.9902534320990046,-0.9624087469895857,-1.0036486116323668,-1.0514999080980343
2023-07-10,Accessories,67889.23,67889.23,23358.91,267,254.26677902621722,0.3468573747516546,145.66322097378278,469,0,64235.22,76109.81,80002.94,66822.73,68195.25,,73868.13,72673.17,71231.48916666667,6758.514857644405,0.05688483669862099,-0.15141581046896535,,295472.52,0,False,False,False,89904.48566037737,-0.8964967885559404,-1.1261520234103253,-0.48602673147023084,-0.6565663446764274,-0.6910530177781733,-0.4772117962466488,-0.9362230836793616,-0.8318464303056634,-0.9472526511596985,-0.9158901963764817,-1.0211330564259642,-1.0132861686874297,-0.7444028663453633,-1.3071536048641046,-1.2753100398915944,-0.7527491921768089,-1.0417664868524188,-0.9476486175019501,-1.0176590050860213,-1.0555638643352674
2023-07-17,Accessories,75794.56,75794.56,26666.48,263,288.1922433460076,0.3506401859379367,149.61946768060835,502,0,67889.23,64235.22,75124.55,72206.71,64133.23,,70839.7025,72806.4825,71205.9875,5728.8285081063395,0.11644453766819862,0.008918655752347293,,283358.81,0,False,False,False,89904.48566037737,-0.8590885453891337,-1.0121684963090969,-0.5054678007290401,-0.5969140990797073,-0.6790273394272244,-0.38873994638069703,-0.9189972984607209,-0.8553559405531146,-0.9618856036180619,-0.9152678301692523,-0.9868805353395225,-0.9372695588582383,-0.7602631430872578,-1.1948228040806252,-1.253122939332795,-0.678134302177703,-1.0259150581126035,-0.9692527375907559,-1.031307667648344,-1.0549201026363462
2023-07-24,Accessories,66436.62,66436.62,22476.41,250,265.74647999999996,0.3415067021536832,149.40284,441,0,75794.56,67889.23,76109.81,70213.42,70096.18,,71007.205,73254.96375,72177.765,5903.018849789222,-0.12346453360241161,-0.12709517997745634,,284028.82,0,False,False,False,89904.48566037737,-0.9033705797963484,-1.1565642180628446,-0.56865127582017,-0.6363812136665764,-0.6796858157564214,-0.5522788203753352,-0.8817298808394013,-0.8506078617676129,-0.9610762541721342,-0.9131741062155644,-1.0274269814936559,-1.0335683269408489,-0.8118090424984149,-1.2691431006898801,-1.2543378130476177,-0.8160587958124139,-0.9916210153596489,-0.9648894793521369,-1.030552759333436,-1.0527544013597636
2023-07-31,Accessories,68781.25,68781.25,22948.32,251,274.0288844621514,0.3392093888611633,148.11334661354581,461,0,66436.62,75794.56,64235.22,76669.98,70967.85,,68588.9075,72782.86375,71872.80166666667,5033.153845091431,0.03529122944544749,0.07077161096358031,,274355.63,0,False,False,False,89904.48566037737,-0.892275724910317,-1.1403015338946063,-0.5637910085054678,-0.6218179929409748,-0.6836054481378955,-0.49865951742627346,-0.9258452129071646,-0.9078328469142045,-0.972761140915396,-0.9153780937368621,-1.0172680774991478,-1.0227226008203152,-0.8078439733129413,-1.2417191834554326,-1.261569444832816,-0.7708376503584103,-1.032216612815996,-1.0174765149038931,-1.0414516586971518,-1.055034156807008
2023-08-07,Accessories,69977.05,69977.05,23661.12,273,256.3261904761905,0.3404561308561118,145.7630402930403,479,0,68781.25,66436.62,67889.23,80002.94,66822.73,,69725.415,71796.7725,71690.585,4159.876459884389,0.017385552021808248,0.030753331566730102,,278901.66,0,False,False,False,89904.48566037737,-0.8866171657889563,-1.115737440582067,-0.456865127582017,-0.6529452146473583,-0.690749600141318,-0.450402144772118,-0.914792125259024,-0.8902237616341656,-0.9672696902479875,-0.9199816370748435,-1.0120868687810847,-1.0063405924316047,-0.7206124512325217,-1.300334675721749,-1.2747502413152678,-0.7301386194498071,-1.0220453939725245,-1.0012946043051716,-1.0363295920909514,-1.0597959591765647
2023-08-14,Accessories,67208.21,67208.21,22701.45,242,277.71987603305786,0.3366369439554719,157.54466942148758,429,0,69977.05,68781.25,75794.56,75124.55,72206.71,,70247.37,70543.53624999999,71953.44499999999,3979.7702285182563,-0.03956782973846418,-0.11328451540585482,,280989.48,0,False,False,False,89904.48566037737,-0.8997193942866888,-1.1488090222729266,-0.6075334143377886,-0.6153280026019274,-0.6549373536238199,-0.5844504021447721,-0.9091548681183893,-0.8521270869844384,-0.9647476742180825,-0.9258323404348057,-1.0240838063516835,-1.028396319129688,-0.8435295959822039,-1.22949791995446,-1.208677468409484,-0.8431914830848161,-1.0168579044782236,-0.9662855749611382,-1.0339772202188438,-1.0658477960069432
2023-08-21,Accessories,67175.93,67175.93,22975.86,260,258.3689615384615,0.3441096143568938,147.88880769230767,450,0,67208.21,69977.05,66436.62,76109.81,70213.42,,68100.7825,69553.99375,71536.90333333334,1586.3520252743392,-0.000480298463536144,0.011128049560618747,,272403.13,0,False,False,False,89904.48566037737,-0.8998721441515807,-1.1393524666529855,-0.520048602673147,-0.6493533439523601,-0.6842879720157468,-0.5281501340482574,-0.9222077725014591,-0.897224052648322,-0.9751196949566397,-0.9304519958505946,-1.024223670390335,-1.022089659587115,-0.7721583506436788,-1.2935708446631904,-1.2628286857229962,-0.7957092803581123,-1.0288693850028936,-1.0077275383022894,-1.0436515638998465,-1.0706262643497837
2023-08-28,Accessories,73757.47,73757.47,25016.63,248,297.40915322580645,0.341513799179859,151.30310483870966,469,0,67175.93,67208.21,68781.25,64235.22,76669.98,,68285.61,68437.25875,71283.77916666666,1353.8597595517997,0.097974676346126,0.07234849613811911,,273142.44,0,False,False,False,89904.48566037737,-0.8687281123740249,-1.0690246542099007,-0.5783718104495748,-0.5807077071314661,-0.6739096406527519,-0.4772117962466488,-0.9223599473304438,-0.885925016898519,-0.9742266334517835,-0.9356654464004708,-0.9957069180686405,-0.9751874271805084,-0.8197391808693621,-1.1643046405622854,-1.2436809025490732,-0.7527491921768089,-1.0290094185878378,-0.9973442626552386,-1.0428185744425331,-1.076018941111865
2023-09-04,Accessories,66840.3,66840.3,22900.79,257,260.0789883268483,0.3461434807069706,147.18684824902724,448,0,73757.47,67175.93,69977.05,67889.23,80002.94,,69529.66500000001,69627.54000000001,71041.07,3109.325233524732,-0.09378263652481567,-0.04482541061676648,,278118.66000000003,0,False,False,False,89904.48566037737,-0.901460354720156,-1.1419394847295459,-0.534629404617254,-0.6463465483195495,-0.6864216959985656,-0.5335120643431636,-0.8913331591038398,-0.8801623221664655,-0.9682155277969214,-0.930108646947315,-1.02567790109952,-1.0238149645390517,-0.7840535582000996,-1.2879087650910435,-1.2667653575006665,-0.8002313949035127,-1.0004580976258688,-0.9920486206909442,-1.0372118075960524,-1.0702711119158461
2023-09-11,Accessories,71639.66,71639.66,24937.53,249,287.7094779116466,0.3415850172643669,151.66654618473896,472,0,66840.3,73757.47,67208.21,75794.56,75124.55,,68745.47750000001,69496.42375,69944.18333333333,3345.466626539858,0.0718033880757567,0.06593614083755539,,274981.91000000003,0,False,False,False,89904.48566037737,-0.8787496486617061,-1.0717505517702568,-0.5735115431348724,-0.597762961220094,-0.6728048994546755,-0.4691689008042895,-0.9239421789863321,-0.8935056736315089,-0.9720046158321949,-0.9307207600141215,-1.0048830475511639,-0.9770053520732512,-0.8157741116838886,-1.1964212914976633,-1.2416426803932947,-0.7459660203587083,-1.0304654121477743,-1.0043105251034017,-1.0407460214985123,-1.070904267995405
2023-09-18,Accessories,76100.43,76100.43,26263.63,281,270.8200355871886,0.3455088123981616,153.6797153024911,493,0,71639.66,66840.3,67175.93,66436.62,76109.81,,69853.34,68977.06125,69653.77583333333,3400.005124947162,0.06226676676019949,0.13285264528529783,,279413.36,0,False,False,False,89904.48566037737,-0.857641159974808,-1.0260512754771052,-0.41798298906439857,-0.6274602161208173,-0.6666855327745383,-0.4128686327077748,-0.9013169687250202,-0.8936612345831318,-0.96665157393408,-0.9331453913825394,-0.9855552499150417,-0.9465281055464986,-0.6888918977487327,-1.252344021492136,-1.2303525893126814,-0.6984838176320046,-1.0096453506162733,-1.0044534782081078,-1.0357530535546036,-1.0734122525081555
2023-09-25,Accessories,80905.22,80905.22,27531.22,303,267.0139273927393,0.3389287825802292,150.11561056105612,545,0,76100.43,71639.66,73757.47,68781.25,64235.22,,72084.465,70185.03749999999,69652.99416666666,3942.3359676931227,0.06313748818502085,0.09690882835325021,,288337.86,0,False,False,False,89904.48566037737,-0.8349047590041413,-0.9823683363047684,-0.3110571081409477,-0.6341526197572956,-0.6775192295598381,-0.2734584450402145,-0.8802879441931344,-0.8619440528748202,-0.9558710794188022,-0.9275059832465001,-0.9647368690516339,-0.9173955718576017,-0.6016603756683131,-1.264946448309966,-1.2503405112397654,-0.5809088394515952,-0.9902941233947535,-0.9753068990028211,-1.0256977122068704,-1.067578974736329
2023-10-02,Accessories,135670.23,135670.23,45592.39,497,272.9783299798793,0.3369879458094039,150.86259557344064,889,0,80905.22,76100.43,66840.3,69977.05,67889.23,,73871.4025,71700.53375,71042.16083333334,6023.847861372206,0.6769032949913492,1.0297669220515169,,295485.61,0,False,False,False,89904.48566037737,-0.5757551964795414,-0.3599549451520809,0.6318347509113001,-0.6236652170024795,-0.6752486427745353,0.6487935656836461,-0.8576371357496234,-0.8952786733127848,-0.9472368388819008,-0.9204309253698347,-0.7274489051305595,-0.5023026447392945,0.16756304631356891,-1.245197680467232,-1.24615133073262,0.19689486235726644,-0.969450506027867,-1.0059398273571931,-1.017644256425789,-1.0602606929502323
2023-10-09,Accessories,137814.23,137814.23,47786.07,504,273.44093253968254,0.34494021178996537,149.84968253968256,903,0,135670.23,80905.22,71639.66,67208.21,75794.56,,91078.88500000001,79912.18125,76690.5775,29967.366090626543,0.01580302473136519,0.9237141828981321,,364315.54000000004,0,False,False,False,89904.48566037737,-0.565609728377687,-0.284357638449147,0.6658566221142163,-0.6228518078991895,-0.6783275625801286,0.6863270777479893,-0.5994631570914596,-0.8721500175265096,-0.8640926086334894,-0.8820950460660923,-0.7181592985980895,-0.4518861405836452,0.19531853061188426,-1.2436659544605557,-1.251831867110328,0.22854966417506895,-0.7318748963688154,-0.9846856943769657,-0.9400927475355899,-1.020606915956001
2023-10-16,Accessories,140391.45,140391.45,48637.58,510,275.2773529411765,0.34963912991413637,150.501431372549,920,0,137814.23,135670.23,76100.43,67175.93,66436.62,,107622.5275,88737.93375000001,81858.88333333333,33693.073799749385,0.018700681344734793,0.8448180910410101,,430490.11,0,False,False,False,89904.48566037737,-0.5534142510915575,-0.2550134029040286,0.6950182260024301,-0.6196227702719921,-0.6763464622063485,0.7319034852546917,-0.5893558822047554,-0.8506530650428986,-0.7841559635625206,-0.8408922323061613,-0.7069926196113301,-0.43231621358719313,0.21910894572472597,-1.2375853722662953,-1.248176782388503,0.266987637810972,-0.7225740287690651,-0.9649310190089566,-0.8655330646525751,-0.9779876460176262
2023-10-23,Accessories,141786.24,141786.24,47782.14,507,279.65727810650884,0.3360224132971831,153.7160355029586,906,0,140391.45,137814.23,80905.22,73757.47,68781.25,,123695.2825,97889.87375,88021.78583333333,28591.930703594637,0.009935006725836804,0.7524980464795719,,494781.13,0,False,False,False,89904.48566037737,-0.5468140657119934,-0.2844930717919055,0.6804374240583232,-0.6119214056216858,-0.6665751314065674,0.6943699731903485,-0.5772063155146846,-0.8274982414757277,-0.7064945832620434,-0.7981666200298073,-0.7009492192869721,-0.45197646226289273,0.2072137381683051,-1.2230829767631486,-1.2301489013225728,0.23533283599316948,-0.7113938132861225,-0.9436528390845362,-0.7930956001790536,-0.933793227318506
2023-10-30,Accessories,189447.81,189447.81,64292.47,712,266.07838483146065,0.3402091365400257,151.47279494382022,1240,0,141786.24,140391.45,135670.23,66840.3,69977.05,,138915.5375,106393.47,94105.53499999999,2718.0967318003622,0.33615088459923914,0.39638452739410845,,555662.15,0,False,False,False,89904.48566037737,-0.3212781803951535,0.2844761857008235,1.6767922235722965,-0.6357976146232619,-0.673393838991577,1.5898123324396782,-0.5706309769236277,-0.5635794970135657,-0.6329523677659917,-0.75846778499241,-0.49443931629267396,-0.07252589469782343,1.020052921190397,-1.2680441286861237,-1.242729260322256,0.9905259650750294,-0.7053430870177197,-0.7011240841664894,-0.7245002236651679,-0.8927296393665777
2023-11-06,Accessories,223116.59,223116.59,76033.92,800,278.8957375,0.34225940969384816,149.83245,1472,0,189447.81,141786.24,137814.23,71639.66,67208.21,,152359.9325,121719.40875,104061.43166666666,24779.93586964308,0.17772060811893264,0.6189662707544785,,609439.73,0,False,False,False,89904.48566037737,-0.161956569612338,0.6891031125028924,2.1044957472660997,-0.613260447200104,-0.6783799437875581,2.2117962466487935,-0.34594413479587904,-0.5532473198054016,-0.5679908678237084,-0.6869190077054467,-0.3485579176787307,0.19732333705810642,1.3689790095120755,-1.2256045182622393,-1.2519285092358456,1.515091252341471,-0.49858284813421433,-0.6916293054648277,-0.6639083783231284,-0.8187211827907508
2023-11-13,Accessories,210688.72,210688.72,71558.66,787,267.71120711562895,0.3377028726235159,148.06914866581957,1400,0,223116.59,189447.81,140391.45,76100.43,67175.93,,173685.52250000002,140654.02500000002,117053.79666666668,40074.678743034536,-0.05570123673905192,0.5007232990328114,,694742.0900000001,0,False,False,False,89904.48566037737,-0.2207655988376152,0.5348793411254028,2.0413122721749697,-0.6329265701773297,-0.683739795245777,2.0187667560321714,-0.18722229964664028,-0.540827406678338,-0.4649484986018758,-0.5985232061050151,-0.40240587585815585,0.09447015683692066,1.3174331101009185,-1.2626376813936473,-1.2618173121634866,1.3522951287070581,-0.35252460885010795,-0.680215996898831,-0.5677971846913031,-0.7272865406864898
2023-11-20,Accessories,234788.82,234788.82,77884.57,831,282.53768953068595,0.33588984301932434,151.18755716004813,1537,0,210688.72,223116.59,141786.24,80905.22,73757.47,,191259.84,157477.56125000003,129013.19583333335,35792.245195003714,0.11438723439963949,0.6559351598575434,,765039.36,0,False,False,False,89904.48566037737,-0.10672325004960055,0.7528791216062188,2.2551640340218713,-0.6068566846771186,-0.6742608672876796,2.386058981233244,-0.24580993880066276,-0.534105756749152,-0.3800317712026943,-0.5199829308262559,-0.29798402586133693,0.23985611458976683,1.4918961542617577,-1.2135456298660288,-1.2443289076295896,1.6620599750669827,-0.4064378427199353,-0.6740391207862888,-0.48859240619796857,-0.6460462348024554
2023-11-27,Accessories,182247.4,182247.4,61243.26,664,274.4689759036144,0.34015759769232573,152.9493825301205,1194,0,234788.82,210688.72,189447.81,135670.23,66840.3,,214510.485,176713.01124999998,142432.475,19390.886858815044,-0.22378160936283087,-0.03800735410982059,,858041.94,0,False,False,False,89904.48566037737,-0.35535072236123283,0.17939610858307942,1.4434993924665858,-0.6210441658680804,-0.6689055022710142,1.4664879356568365,-0.13219690918449697,-0.30441928881103875,-0.26768779634733264,-0.43018269408287774,-0.5256375326044567,-0.14260471596457489,0.8297296002876633,-1.2402619941426642,-1.2344483820836474,0.8865173305308212,-0.3018894102382448,-0.4629681974076693,-0.38380528220000054,-0.5531588763663212
2023-12-04,Accessories,142583.72,142583.72,48921.64,522,273.1488888888889,0.34415743518197656,153.21216475095787,924,0,182247.4,234788.82,223116.59,137814.23,71639.66,,212710.3825,182535.1575,152049.73333333334,22567.136718642243,-0.2176364655956683,-0.36094523495541053,,850841.53,0,False,False,False,89904.48566037737,-0.5430403679965704,-0.24522429467400636,0.7533414337788579,-0.6233653177340996,-0.6681067314414079,0.7426273458445041,-0.379888408661072,-0.14216565012508306,-0.27638564838528995,-0.40300214402532386,-0.6974938669467136,-0.4257877718042286,0.2666897759504094,-1.2446329418788604,-1.2329746682354374,0.2760318669017727,-0.5298188836164526,-0.31386483208353927,-0.39191807063561385,-0.5250439226952947
2023-12-11,Accessories,154646.38,154646.38,52329.52,574,269.4187804878049,0.339711119253306,150.45479094076654,1023,0,142583.72,182247.4,210688.72,140391.45,76100.43,,192577.16499999998,183131.34375,157961.73833333334,39648.03833012128,0.08460054205346879,-0.2659959204270641,,770308.6599999999,0,False,False,False,89904.48566037737,-0.4859595227290722,-0.1277839434984502,1.006075334143378,-0.629924088465914,-0.6764882336559899,1.0080428954423593,-0.5668714855166087,-0.20205695383778152,-0.3736666348085712,-0.40021886282352476,-0.6452283048501817,-0.3474657758057448,0.47287337359503756,-1.2569837253420812,-1.2484383474593257,0.49987653689909045,-0.7018835460226409,-0.3689020873927841,-0.48265542259512134,-0.5221649588083856
2023-12-18,Accessories,169483.63,169483.63,57584.88,626,270.7406230031949,0.34129094805913013,151.97908945686902,1115,0,154646.38,142583.72,234788.82,141786.24,80905.22,,178566.58,184913.21,164507.23416666666,40993.62100095412,0.09594307994794327,-0.2781443767211744,,714266.32,0,False,False,False,89904.48566037737,-0.41574923980265405,0.05332317410955573,1.2588092345078978,-0.6275998498460689,-0.6718548715267142,1.2546916890080428,-0.5100055244695699,-0.0859158605847619,-0.4413638883234267,-0.39190026299378145,-0.5809408913595613,-0.2266838571670039,0.6790569712396658,-1.2526069649574991,-1.2398899006700883,0.707893805987507,-0.6495546264513699,-0.2621739548424491,-0.545799000232605,-0.5135603850110999
2023-12-25,Accessories,152286.23,152286.23,51468.25,552,275.8808514492754,0.33718013438815514,150.83740942028984,1009,0,169483.63,154646.38,182247.4,189447.81,135670.23,8406.54,162240.2825,188375.38375,171888.76833333334,17289.6755142144,-0.10146938674844286,-0.16439833983914165,17.115209111001672,648961.13,0,False,False,False,89904.48566037737,-0.49712781869016914,-0.15746452240879064,0.8991494532199271,-0.61856161924741,-0.6753252003299999,0.9705093833780161,-0.44005955230877164,-0.33911887467458185,-0.520250351723524,-0.375737187921625,-0.6554544545039171,-0.36726001313030254,0.38564185151461794,-1.2355871248717318,-1.2462925776653966,0.46822173508128795,-0.585189282330849,-0.49485546397074404,-0.6193791422269546,-0.49684166129606194
2024-01-01,Accessories,66613.8,66613.8,22565.41,242,275.26363636363635,0.3405008470472605,150.881652892562,435,0,152286.23,169483.63,142583.72,223116.59,137814.23,62205.12,154749.99,183730.18625,173273.435,11123.235766211805,-0.5625750273022059,-0.5328092155261483,0.07087326573761121,618999.96,0,False,False,False,89904.48566037737,-0.9025321590695357,-1.1534971525398143,-0.6075334143377886,-0.6196468885757082,-0.6751907148425919,-0.5683646112600537,-0.5211317767195022,-0.5302626109096151,-0.5564424329444666,-0.3974231809823411,-1.0266592891030668,-1.0315228741538185,-0.8435295959822039,-1.2376307893053835,-1.2460444550276755,-0.8296251394486149,-0.6597931724707499,-0.6705074528203367,-0.6531367523482459,-0.5192731679771708
2024-01-08,Accessories,60018.15,60018.15,19854.38,201,298.5977611940299,0.3395397999234216,152.09592039800995,390,0,66613.8,152286.23,154646.38,210688.72,140391.45,66143.62,135757.51,164167.3375,167340.06583333333,46720.059209201216,-0.09901326752114425,-0.6119007118045698,-0.09260862952466153,543030.04,0,False,False,False,89904.48566037737,-0.933742959762631,-1.2469230698982507,-0.8068043742405833,-0.5786177391425145,-0.6714997441992967,-0.6890080428954424,-0.9250099484648016,-0.47213129527443237,-0.6482115299119253,-0.4887518709337019,-1.055237177781185,-1.0938294344821662,-1.0060974325866223,-1.1603690338560781,-1.2392346989014522,-0.931372716720123,-1.0314479898116473,-0.6170875427208091,-0.7387329737343161,-0.6137415242606544
2024-01-15,Accessories,77483.4,77483.4,26229.65,252,307.4738095238095,0.3392633784647319,152.1954761904762,483,0,60018.15,66613.8,169483.63,234788.82,141786.24,72536.87,112100.45250000001,145333.51625,160642.29083333333,56831.11695375248,0.2909994726595204,-0.5428266434935339,0.06819332016945312,448401.81000000006,0,False,False,False,89904.48566037737,-0.851096907166589,-1.027222274201516,-0.5589307411907655,-0.5630106951266864,-0.6711971275965182,-0.43967828418230565,-0.9561032542514109,-0.40062891827730934,-0.7625192350500773,-0.576677113495351,-0.9795630637461006,-0.9473090548240638,-0.8038789041274677,-1.130979498984027,-1.238676378214613,-0.7210943903590064,-1.0600605212408887,-0.5513802641334814,-0.8453517371139798,-0.7046894306091326
2024-01-22,Accessories,62393.7,62393.7,21006.5,247,252.60607287449392,0.3387207820918761,144.6255060728745,439,0,77483.4,60018.15,152286.23,182247.4,189447.81,59609.28,89100.39500000002,125670.33875,155283.72083333335,42734.95152842812,-0.19474752011398566,-0.5902866595357965,0.04671118322516232,356401.5800000001,0,False,False,False,89904.48566037737,-0.9225017905698322,-1.207219389781468,-0.583232077764277,-0.6594864182321721,-0.694207327037194,-0.5576407506702413,-0.8737683276119472,-0.4835051236502944,-0.8736524049665193,-0.6684741858085577,-1.044944302408886,-1.0673507034148244,-0.8237042500548357,-1.3126523785914346,-1.2811296680806288,-0.8205809103578142,-0.9842946733647037,-0.6275395492286109,-0.9490095013270972,-0.79964227114241
2024-01-29,Accessories,56079.51,56079.51,19234.47,205,273.5585853658537,0.3436658165748279,150.1380975609756,376,0,62393.7,77483.4,66613.8,142583.72,223116.59,50487.840000000004,66627.2625,110688.62625000002,144695.87833333333,7734.324407834664,-0.10119915953052949,-0.15813975482557674,0.11075280701254009,266509.05,0,False,False,False,89904.48566037737,-0.9523807146528773,-1.2682860428014162,-0.787363304981774,-0.6226449351143175,-0.6774508765353305,-0.7265415549597856,-0.9449044031053706,-0.8963702022948972,-0.9822395444846366,-0.7384159511075877,-1.0723026702592855,-1.1080765877092225,-0.9902371558447277,-1.2432763935085327,-1.250214401478304,-0.9630275185379256,-1.0497551686165476,-1.00694289049895,-1.0502924946333159,-0.8719884704241846
2024-02-05,Accessories,44023.94,44023.94,14420.36,155,284.02541935483873,0.3355747969296873,153.2009677419355,292,0,56079.51,62393.7,60018.15,154646.38,210688.72,43927.51,63993.69,99875.6,130776.12166666666,9362.538958498495,-0.2149728127082423,-0.26648955357670967,0.002195207513469466,255974.76,0,False,False,False,89904.48566037737,-1.0094280098416244,-1.4341870630831624,-1.0303766707168893,-0.6042407610153117,-0.6681407666366255,-0.9517426273458445,-0.9746708462102581,-0.9281553816806376,-0.9949646109384822,-0.7888963046819708,-1.124537512528245,-1.2187174272212538,-1.1884906151184087,-1.208619599055625,-1.2330374623894795,-1.1529563294447407,-1.077146700887848,-1.0361519563308599,-1.0621616057102403,-0.9242042202539563
2024-02-12,Accessories,48562.67,48562.67,16435.44,177,274.3653672316384,0.3400746792070396,151.55045197740114,323,0,44023.94,56079.51,77483.4,169483.63,234788.82,49461.659999999996,59995.1375,86047.795,116887.39,13928.432738324409,0.10309686048091105,-0.3732506575601999,-0.01817549188603851,239980.55,0,False,False,False,89904.48566037737,-0.9879506122493065,-1.3647445642725118,-0.9234507897934386,-0.6212263443605663,-0.6731577873555853,-0.868632707774799,-1.031503383479803,-0.8439883770235075,-1.0142850763069846,-0.8534510805068812,-1.1048719267739926,-1.172405618209016,-1.101259093037989,-1.2406050534146458,-1.2422937504714207,-1.082863553991035,-1.1294448633922898,-0.958806488178249,-1.0801824742336676,-0.9909782379878784
2024-02-19,Accessories,42060.93,42060.93,13850.8,151,278.54920529801325,0.33673728253817736,145.47311258278145,291,0,48562.67,44023.94,62393.7,152286.23,182247.4,56491.24,52764.955,70932.675,101368.54416666667,8119.186075268618,-0.1338834952855763,-0.3258785742791339,-0.25544332183184504,211059.82,0,False,False,False,89904.48566037737,-1.018717028189862,-1.4538149039741413,-1.0498177399756987,-0.6138697660240184,-0.6916308842590614,-0.9544235924932976,-1.0101068388219063,-0.9167073389722169,-1.0492203411557521,-0.9240156555183613,-1.1330429185540398,-1.2318074057536246,-1.2043508918603032,-1.226751923036998,-1.2763761902863462,-1.155217386717441,-1.1097554385783834,-1.0256317503864882,-1.1127678081095855,-1.063968657720465
2024-02-26,Accessories,57829.74,57829.74,19319.2,200,289.14869999999996,0.33852963234624645,154.1753,372,0,42060.93,48562.67,56079.51,66613.8,142583.72,65356.06,47681.7625,57154.5125,89686.33833333333,6225.527675945305,0.3749039785853523,0.031209794807408153,-0.11515871672802802,190727.05,0,False,False,False,89904.48566037737,-0.9440985772294125,-1.2653661275006707,-0.8116646415552855,-0.5952323302853658,-0.6651791195982285,-0.7372654155495979,-1.0407574327686786,-0.9471361309526353,-1.073781640440351,-0.988338676523263,-1.0647192056877721,-1.1061292706907384,-1.0100625017720959,-1.1916558749313322,-1.2275732915757478,-0.9720717476287263,-1.1379605798601005,-1.0535943608017149,-1.1356769842981618,-1.130502953446783
2024-03-04,Accessories,64450.94,64450.94,22477.22,244,264.1431967213115,0.34825457245819874,145.06729508196722,453,0,57829.74,42060.93,44023.94,60018.15,154646.38,54380.02,48119.32,56056.505000000005,82623.50666666667,7022.939615654965,0.11449472191989796,0.4639975431549288,0.18519522427538648,192477.28,0,False,False,False,89904.48566037737,-0.9127668732200845,-1.1565363043204442,-0.5978128797083839,-0.6392003187199344,-0.6928644349184675,-0.5201072386058981,-0.9664198873833196,-1.0052332790801661,-1.0716674217260844,-0.9934646981887819,-1.0360306129765826,-1.0335497110222254,-0.8355994576112566,-1.2744517412107639,-1.2786520629420004,-0.7889261085400118,-1.069554043472218,-1.1069828725892112,-1.133704979134058,-1.135805195724352
2024-03-11,Accessories,58646.53,58646.53,20204.17,208,281.95447115384616,0.34652077273090326,158.04038461538462,363,0,64450.94,57829.74,48562.67,77483.4,169483.63,62340.34,53226.07,56610.60375,75107.22,9892.74371724729,-0.09005935367273155,0.20764632587129173,-0.059252323615816005,212904.28,0,False,False,False,89904.48566037737,-0.9402335040526802,-1.2348688131645345,-0.772782503037667,-0.6078821764883382,-0.6534305437817544,-0.7613941018766756,-0.9352061334281676,-0.9833606285857582,-1.0469922957847344,-0.9908779014707841,-1.0611801862289771,-1.0857903453768252,-0.9783419482883069,-1.21547672760089,-1.2058974388333348,-0.9924212630830279,-1.0408306738120185,-1.0868829486449048,-1.1106896328726266,-1.1331294709973367
2024-03-18,Accessories,64556.66,64556.66,21271.579999999998,228,283.1432456140351,0.32898973131038023,154.32469298245613,414,0,58646.53,64450.94,42060.93,62393.7,152286.23,68835.54,55747.034999999996,54255.995,65870.795,9588.398609641183,0.10077544229812063,0.5348367237719185,-0.06216091280754088,222988.13999999998,0,False,False,False,89904.48566037737,-0.91226660321648,-1.1980843591202897,-0.675577156743621,-0.605791915751157,-0.6647250144606983,-0.6246648793565683,-0.9625693645033238,-1.014693245116266,-1.0348113335546008,-1.0018703359180172,-1.0355725452514835,-1.0612584716756557,-0.8990405645788345,-1.2115405696221744,-1.2267354780190718,-0.8771073421753187,-1.066010733935464,-1.1156761307697844,-1.0993280266870977,-1.1444997995801414
2024-03-25,Accessories,60157.99,60157.99,20105.21,232,259.3016810344827,0.3368331019184978,149.28857758620688,408,0,64556.66,58646.53,57829.74,56079.51,66613.8,71253.45,61370.9675,54526.365000000005,58559.997500000005,3633.0757953136226,-0.06813657955662522,0.040260426555609685,-0.15571821434611233,245483.87,0,False,False,False,89904.48566037737,-0.9330812329625549,-1.238279114334861,-0.6561360874848117,-0.6477133129737112,-0.6800331356122605,-0.6407506702412868,-0.9347077467206013,-0.9387015756750957,-1.0076372516584533,-1.000608120060925,-1.054631273593918,-1.0880647050150782,-0.88318028783694,-1.2904825117547059,-1.2549786102103795,-0.8906736858115198,-1.0403720508070533,-1.0458434062648634,-1.0739818174858604,-1.14319419169988
2024-04-01,Accessories,70290.85,70290.85,23295.76,257,273.50525291828797,0.33291198489411744,150.79474708171207,457,0,60157.99,64556.66,64450.94,44023.94,60018.15,65416.92,61953.03,55036.175,58022.013333333336,3009.6264661142513,0.1684374760526408,0.09061016022419532,0.0745056477743069,247812.12,0,False,False,False,89904.48566037737,-0.8851322553923322,-1.1283282614752619,-0.534629404617254,-0.6227387112887709,-0.6754548796951796,-0.5093833780160858,-0.9554440185610393,-0.9067932679648831,-1.0048248043106809,-0.9982280843095315,-1.0107272239443825,-1.014737520861598,-0.7840535582000996,-1.2434529828835912,-1.2465318331179105,-0.7798818794492111,-1.059453882563114,-1.0165211913677352,-1.0713585502447982,-1.1407323358969574
2024-04-08,Accessories,72945.76,72945.76,24682.82,254,287.188031496063,0.34056404904013715,155.23027559055117,463,0,70290.85,60157.99,58646.53,48562.67,77483.4,70205.45,63413.00750000001,58319.53875,58878.07166666666,5225.8047284248,0.03777034991040784,0.24382056363778037,0.03903272466738694,253652.03000000003,0,False,False,False,89904.48566037737,-0.8725691468483515,-1.0805282176058866,-0.5492102065613609,-0.5986798373858766,-0.6619723435652317,-0.4932975871313673,-0.9076755477548408,-0.9347653727731104,-0.9977703903127295,-0.9828997794315781,-0.9992239267059871,-0.9828592540888075,-0.7959487657565204,-1.1981478557349583,-1.2216568633928806,-0.7663155358130099,-1.0154966114498645,-1.0422262232911086,-1.0647786535009984,-1.1248770798191188
2024-04-15,Accessories,71353.18000000001,71353.18000000001,23607.73,247,288.87927125506076,0.3306486703101781,148.11263157894737,476,0,72945.76,70290.85,64556.66,42060.93,62393.7,68195.25,66987.815,61367.425,58499.935,5743.523105751541,-0.021832386145541394,0.10527991999586095,0.0463071841513889,267951.26,0,False,False,False,89904.48566037737,-0.88010528005248,-1.1175773352817815,-0.583232077764277,-0.5957060755969239,-0.6836076216060151,-0.4584450402144772,-0.895159733776548,-0.9062837913909806,-0.9804974035249325,-0.9686707956117617,-1.006124319229999,-1.007567634277667,-0.8237042500548357,-1.1925479820042912,-1.261573454831614,-0.7369217912679076,-1.003979369659168,-1.0160530066642186,-1.0486675393030325,-1.1101589368811415
2024-04-22,Accessories,68040.15,68040.15,22897.61,250,272.1606,0.3421321397585271,148.25636000000003,448,0,71353.18000000001,72945.76,60157.99,57829.74,56079.51,64133.23,68686.945,65028.956249999996,59246.55833333334,5789.700594460975,-0.04643142744303774,0.13102432444966983,0.0609188091727173,274747.78,0,False,False,False,89904.48566037737,-0.8957826308852631,-1.1420490720145262,-0.56865127582017,-0.6251030581807682,-0.6831707348571461,-0.5335120643431636,-0.9026674967611877,-0.9274814769881051,-0.972287436962887,-0.9515770248347184,-1.0204791443840422,-1.0238880492566107,-0.8118090424984149,-1.247905270924908,-1.2607674088068423,-0.8002313949035127,-1.0108881269921952,-1.0355326700185277,-1.0410098185817935,-1.0924775223239642
2024-04-29,Accessories,82888.03,82888.03,27386.38,294,281.932074829932,0.337397236082447,155.25649659863947,529,0,68040.15,71353.18000000001,70290.85,64450.94,44023.94,70096.18,70657.485,66305.25749999999,60243.27833333333,2057.9162385047775,0.21822232902190852,0.17921507564640327,0.1824899730627263,282629.94,0,False,False,False,89904.48566037737,-0.8255220465008586,-0.9873597269829224,-0.35479951397326853,-0.6079215566719666,-0.6618926403938488,-0.3163538873994638,-0.9182858292788638,-0.8786500846627706,-0.9627660539555991,-0.9456186430757332,-0.9561456728162576,-0.9207243738988767,-0.6373459983375757,-1.215550884198311,-1.221509812870929,-0.6170857558147981,-1.0252603533839868,-0.9906589464574641,-1.032128894232256,-1.086314305363548
2024-05-06,Accessories,73442.53,73442.53,25222.45,266,276.09973684210524,0.3507253343662673,152.5702255639098,482,0,82888.03,68040.15,72945.76,58646.53,48562.67,70967.85,73806.78,68609.89375,63481.95249999999,6389.695650545614,-0.11395493414429081,0.00681012851192464,0.03487043781092414,295227.12,0,False,False,False,89904.48566037737,-0.8702184172826061,-1.0619318067273151,-0.4908869987849332,-0.6181767459531924,-0.6700580137441497,-0.44235924932975873,-0.8482897450228949,-0.8658557746852862,-0.9475490860696709,-0.9348595040455899,-0.9970715023416518,-0.970457145240884,-0.748367935530837,-1.2348623721837622,-1.236574739300545,-0.7233554476317066,-0.960848895353678,-0.9789015850195775,-1.0179355002136736,-1.075185292347546
2024-05-13,Accessories,74762.94,74762.94,25385.68,294,254.2957142857143,0.33943045802362426,143.28931972789115,518,0,73442.53,82888.03,71353.18000000001,64556.66,42060.93,66822.73,73930.9725,70459.39375,65555.27416666667,6372.185889569334,0.0179788196294437,0.047787078305409736,0.11882498664750751,295723.89,0,False,False,False,89904.48566037737,-0.8639702001481053,-1.0563066707124362,-0.35479951397326853,-0.6565154668700205,-0.6982688905322048,-0.34584450402144773,-0.8928178536713858,-0.8735305968766003,-0.9469490046914028,-0.9262251576769384,-0.9913503785722774,-0.9667056928990079,-0.6373459983375757,-1.3070577971593214,-1.2886231595128725,-0.6419573858145001,-1.0018243360782313,-0.9859543810385573,-1.0173757834876596,-1.0662541173852949
2024-05-20,Accessories,76635.39,76635.39,25340.62,267,287.0239325842697,0.3363449448748292,154.25385767790263,493,0,74762.94,73442.53,68040.15,60157.99,57829.74,72206.71,74783.4125,71735.17874999999,68280.44166666667,6136.089932176667,0.025045162750421568,0.126326000163139,0.06133335807710938,299133.65,0,False,False,False,89904.48566037737,-0.8551097142584982,-1.0578595018637593,-0.48602673147023084,-0.5989683778313714,-0.6649403303020948,-0.4128686327077748,-0.8865931583201017,-0.889496461175091,-0.9428301297988694,-0.9202691860186901,-0.9832373544343467,-0.9677412895572506,-0.7444028663453633,-1.198691204589249,-1.2271327308047815,-0.6984838176320046,-0.9960962770356071,-1.000626249826788,-1.0135339659389064,-1.060093393379231
2024-05-27,Accessories,64743.08,64743.08,22391.05,249,260.01236947791165,0.3510724407951721,147.02550200803213,442,0,76635.39,74762.94,82888.03,70290.85,64450.94,70213.42,76932.2225,73794.85375,69847.57916666666,4181.048226600574,-0.15518039381022264,-0.2189091718068339,-0.077910177285197,307728.89,0,False,False,False,89904.48566037737,-0.9113844585506461,-1.1595058440521242,-0.5735115431348724,-0.6464636864049912,-0.68691213507912,-0.5495978552278821,-0.8777660282540525,-0.8179428570120525,-0.9324473702406314,-0.9106536427059826,-1.0347648174297561,-1.0355301230071512,-0.8157741116838886,-1.2881293471463924,-1.2676702063483298,-0.8137977385397137,-0.9879734181096963,-0.9348718959140876,-1.0038496057881203,-1.0501472902214184
2024-06-03,Accessories,68808.84,68808.84,22960.88,243,283.16395061728394,0.34171014181771525,149.92732510288064,449,0,64743.08,76635.39,73442.53,72945.76,58646.53,76669.98,72395.985,73101.3825,69871.92416666668,5267.423218934299,0.06279837165609048,-0.06309273386959846,-0.10253217752241495,289583.94,0,False,False,False,89904.48566037737,-0.8921451682568982,-1.1398686985803448,-0.6026731470230863,-0.6057555094715777,-0.6780915549293033,-0.5308310991957105,-0.9338289229405735,-0.8634617841667696,-0.9543658568734947,-0.9138910965957916,-1.0171485344747866,-1.0224339391685724,-0.8395645267967302,-1.2114720131663734,-1.2513964384111147,-0.7979703376308125,-1.0395633438397278,-0.9767016217660214,-1.0242937389034268,-1.0534960401889992
2024-06-10,Accessories,79693.54,79693.54,26945.25,289,275.7561937716263,0.3415014747376112,144.6953633217993,546,0,68808.84,64743.08,74762.94,71353.18000000001,64556.66,80002.94,71237.5625,72584.2675,70718.78333333334,5466.315766037169,0.15818752357981913,0.06594978742141477,-0.003867357874598243,284950.25,0,False,False,False,89904.48566037737,-0.8406384627306597,-1.0025616889399378,-0.37910085054678005,-0.6187808088901087,-0.6939949841606482,-0.2707774798927614,-0.9146620600938542,-0.8570985798256165,-0.9599631978596,-0.9163052355643914,-0.9699868832509172,-0.9308626951117163,-0.6571713442649438,-1.2359998796279272,-1.2807379003468367,-0.5786477821788951,-1.021925706035455,-0.9708541400750412,-1.029514573084566,-1.0559931715978148
2024-06-17,Accessories,61157.53,61157.53,19584.78,243,251.6770781893004,0.32685166999540566,145.88135802469134,417,0,79693.54,68808.84,76635.39,68040.15,60157.99,75124.55,72470.2125,73626.8125,71980.19,6895.3943332990875,-0.2325911234461413,-0.2019675244035426,-0.1859181852004439,289880.85,0,False,False,False,89904.48566037737,-0.9283513816628685,-1.2562138661343067,-0.6026731470230863,-0.6611198997549846,-0.6903899534636742,-0.6166219839142091,-0.863349254609102,-0.8480750326178617,-0.9540071996236172,-0.911438139249222,-1.0503004278320407,-1.1000255476437775,-0.8395645267967302,-1.3157283782572817,-1.2740867014491868,-0.8703241703572182,-0.97470688441092,-0.962561930009777,-1.0239592068400556,-1.0509587559173499
2024-06-24,Accessories,76984.69,76984.69,26373.46,276,278.93003623188406,0.34386196015549164,152.0020652173913,498,0,61157.53,79693.54,64743.08,82888.03,70290.85,76109.81,68600.7475,72766.485,72063.485,8028.624482219426,0.25879331621142976,0.18907982134924683,0.01149497022788526,274402.99,0,False,False,False,89904.48566037737,-0.8534568168667176,-1.0222663787760444,-0.4422843256379101,-0.6132001386260276,-0.6717850328320158,-0.39946380697050937,-0.9507319730665168,-0.9053854124380207,-0.972703931635297,-0.9154545575382061,-0.9817238938178393,-0.9440039248768409,-0.7087172436761008,-1.2254909515330688,-1.2397610498812224,-0.6871785312685037,-1.0551177868538535,-1.0152274391989369,-1.0413982976162812,-1.0551132492546498
2024-07-01,Accessories,63093.45,63093.45,21337.57,243,259.6438271604938,0.3423020366623136,144.05230452674897,429,0,76984.69,61157.53,68808.84,73442.53,72945.76,64235.22,71661.15,72028.5675,72621.30500000001,8392.875404853901,-0.18044159169829743,-0.08306185658703158,-0.017774828201724935,286644.6,0,False,False,False,89904.48566037737,-0.9191905539540334,-1.195810250649899,-0.6026731470230863,-0.6471117063296166,-0.6959496697005267,-0.5844504021447721,-0.8761193532923335,-0.8857920575845389,-0.9579164802976121,-0.9188995076795899,-1.0419123984111733,-1.059741848873227,-0.8395645267967302,-1.289349629741434,-1.2843442503063542,-0.8431914830848161,-0.9864581228426288,-0.9972220793789425,-1.027605528587672,-1.058676628708668
2024-07-08,Accessories,63334.66,63334.66,22008.22,234,270.6609401709402,0.3428575919243215,147.2434188034188,433,0,63093.45,76984.69,79693.54,74762.94,71353.18000000001,67889.23,70232.3025,70734.9325,71800.27916666666,9459.113117783638,0.003823059287453967,-0.20527234704343655,-0.06708825538307017,280929.21,0,False,False,False,89904.48566037737,-0.9180491414722944,-1.1726987057845026,-0.6464155528554071,-0.6277399587576138,-0.6862497402683847,-0.5737265415549598,-0.9416056318357945,-0.8333374637143416,-0.9648204783420599,-0.9249388116345024,-1.040867274347882,-1.0443285577314079,-0.8752501494659928,-1.2528708032434397,-1.2664481031250012,-0.8341472539940153,-1.0467195892774968,-0.9490188061821246,-1.0340451271517843,-1.0649235497804665
2024-07-15,Accessories,69581.02,69581.02,22981.55,246,282.849674796748,0.33284480630063795,155.4589430894309,447,0,63334.66,63093.45,61157.53,76635.39,68040.15,75794.56,66142.5825,69306.39749999999,71132.06916666667,7293.460112499859,0.09862467091478822,0.13773430679754406,-0.0819787066512424,264570.33,0,False,False,False,89904.48566037737,-0.8884911908506994,-1.1391563812279737,-0.5880923450789793,-0.6063081108525052,-0.6612772701801217,-0.5361930294906166,-0.9404685162689,-0.922664581276049,-0.984581452751392,-0.9316078930023,-1.0138028029578823,-1.0219588885044384,-0.8276693192403094,-1.2125126136502729,-1.2203744689498293,-0.8024924521762128,-1.0456731982916125,-1.031106172302362,-1.0524768737444903,-1.0718218985367247
2024-07-22,Accessories,58373.17,58373.17,19560.11,224,260.59450892857143,0.3415461752759691,146.08946428571429,401,0,69581.02,63334.66,76984.69,64743.08,82888.03,66436.62,68248.455,68424.60124999999,71260.475,6552.785395196574,-0.16107625326561759,-0.241756120600083,-0.12137056340313512,272993.82,0,False,False,False,89904.48566037737,-0.9415270512356668,-1.2570640291281625,-0.6950182260024301,-0.6454400917047105,-0.6897573794248603,-0.6595174262734584,-0.9110218383018693,-0.8463917166202815,-0.9744061613911481,-0.9357245376354862,-1.0623646110618672,-1.1005925287702496,-0.914900841320729,-1.2862018218502353,-1.272919616865643,-0.9065010867204211,-1.0185759187485262,-0.9610150427893991,-1.0429860263817006,-1.0760800637650603
2024-07-29,Accessories,60807.46,60807.46,20239.34,229,265.5347598253275,0.3412319889067728,147.2396069868996,416,0,58373.17,69581.02,63093.45,68808.84,73442.53,68781.25,63595.575,67628.3625,69217.56999999999,4597.799183120262,0.041702206681597076,-0.03623181170153156,-0.1159297046796911,254382.3,0,False,False,False,89904.48566037737,-0.9300079227162342,-1.233656805361782,-0.6707168894289186,-0.6367534881250272,-0.6862613269268492,-0.6193029490616622,-0.9638580420513786,-0.9133351649976773,-0.9968882488224867,-0.9394417591329949,-1.0518172247344761,-1.0849820467867146,-0.895075495393361,-1.2698441285826392,-1.2664694802439451,-0.8725852276299184,-1.0671965945544324,-1.0225328831306637,-1.0639558495202701,-1.0799250746263602
2024-08-05,Accessories,60614.48,60614.48,21048.19,220,275.52036363636364,0.34445486225304267,148.71972727272728,406,0,60807.46,58373.17,63334.66,79693.54,74762.94,69977.05,63024.0775,66628.19,68164.6475,4817.82420298067,-0.0031736237626106556,-0.042949310851277955,-0.1337948656023653,252096.31,0,False,False,False,89904.48566037737,-0.9309211094859616,-1.2057826935830958,-0.7144592952612394,-0.6191954766752034,-0.6817622519709396,-0.646112600536193,-0.9523822779730413,-0.9121727468706338,-0.9996496475178736,-0.9441110404487019,-1.0526533759791759,-1.0663925581711018,-0.9307611180626235,-1.2367807381503992,-1.2581687902075727,-0.8951958003569201,-1.056636422451169,-1.0214646762413784,-1.0665315019117212,-1.0847548748912597
2024-08-12,Accessories,62111.49,62111.49,20972.52,234,265.4337179487179,0.3361139517538507,149.79153846153847,420,0,60614.48,60807.46,69581.02,61157.53,76635.39,67208.21,62344.0325,64243.3075,66985.60916666668,4949.550281492884,0.024697234060244266,-0.10735010783112986,-0.07583478268503219,249376.13,0,False,False,False,89904.48566037737,-0.9238372162009071,-1.2083903885058789,-0.6464155528554071,-0.6369311533378671,-0.6785043013008375,-0.6085790884718498,-0.9532920269971252,-0.8820708352913487,-1.002935533065587,-0.9552448071713489,-1.0461670728657557,-1.0681316526923894,-0.8752501494659928,-1.270178688923663,-1.2521579459937442,-0.8635409985391177,-1.0574735872969712,-0.9938024533444978,-1.069596361391499,-1.0962713944218954
2024-08-19,Accessories,60251.94,60251.94,20550.26,222,271.40513513513514,0.34232260515542895,151.16635135135135,406,0,62111.49,60614.48,58373.17,76984.69,64743.08,67175.93,60476.65,64362.552500000005,65775.28416666666,1551.9624459592646,-0.02993890502385299,0.03218550577260082,-0.1030724844449491,241906.6,0,False,False,False,89904.48566037737,-0.9326366589288938,-1.2229420636491912,-0.7047387606318347,-0.6264314165853523,-0.6743253259156311,-0.646112600536193,-0.9462348014476174,-0.9360827253671513,-1.011958472972215,-0.9546881147503,-1.0542242033822922,-1.0778362919491473,-0.9228309796916763,-1.2504066950007622,-1.244447832318784,-0.8951958003569201,-1.0509794213429122,-1.0434368075755704,-1.0780123705636804,-1.0956955642200172
2024-08-26,Accessories,69567.19,69567.19,23223.01,251,277.16011952191235,0.3359843064256087,145.34294820717133,480,0,60251.94,62111.49,60807.46,63093.45,68808.84,73757.47,60946.3425,62270.95875,65401.02249999999,810.1819952904871,0.1546049803541596,0.14405683118485801,-0.056811601590998184,243785.37,0,False,False,False,89904.48566037737,-0.88855663479839,-1.1308353290797615,-0.5637910085054678,-0.6163122406528047,-0.6920265408067531,-0.4477211796246649,-0.955001118152641,-0.9243516079902571,-1.009688982280247,-0.9644526699814473,-1.0138627261194233,-1.0164095061453784,-0.8078439733129413,-1.2313513329703598,-1.277106167536211,-0.7278775621771069,-1.0590463188919401,-1.0326564694945686,-1.0758955378376027,-1.1057958019768168
2024-09-02,Accessories,72029.65,72029.65,24577.38,270,266.7764814814815,0.3392320163129472,144.87599999999998,488,0,69567.19,60251.94,60614.48,63334.66,79693.54,66840.3,63136.275,63080.176250000004,65464.21833333333,4362.174169215163,0.03539685877782306,0.18832414301005285,0.07763804172033928,252545.1,0,False,False,False,89904.48566037737,-0.8769042050492797,-1.0841618287154182,-0.47144592952612396,-0.6345701286137927,-0.6934459085464613,-0.4262734584450402,-0.9110870358819455,-0.9252816003212417,-0.9991075243587598,-0.9606748575010069,-1.0031932837211277,-0.9852825410760487,-0.7325076587889425,-1.2657326568376643,-1.2797248684403755,-0.7097891039955054,-1.0186359145502542,-1.0335110881484149,-1.0660258448280246,-1.1018881171565866
2024-09-09,Accessories,61939.25,61939.25,20873.12,235,263.5712765957447,0.3363791528399191,147.78621276595746,425,0,72029.65,69567.19,62111.49,69581.02,61157.53,71639.66,65990.0675,64167.05,64825.560833333344,5693.324535046268,-0.14008675594008846,-0.0027730778958933167,-0.13540558400193414,263960.27,0,False,False,False,89904.48566037737,-0.9246522607092389,-1.211815852696769,-0.6415552855407047,-0.6402059444490454,-0.6845998265779505,-0.5951742627345844,-0.8994784723942993,-0.9180673407119164,-0.9853183846225322,-0.9556008134801932,-1.046913361032338,-1.0704161246814998,-0.8712850802805192,-1.2763454292406027,-1.2634040502329564,-0.8522357121756168,-1.0079535384170073,-1.0268815272043037,-1.0531642356743014,-1.0966396393933384
2024-09-16,Accessories,77110.63,77110.63,26049.87,286,269.61758741258745,0.34236321120358115,148.43615384615384,515,0,61939.25,72029.65,60251.94,58373.17,76984.69,76100.43,65947.0075,63211.82875,64890.70416666667,5732.950814501475,0.24493967879817724,0.27980327272449657,0.013274563625987446,263788.03,0,False,False,False,89904.48566037737,-0.8528608652562943,-1.0334177465580374,-0.393681652490887,-0.6295745197940847,-0.6826242211729525,-0.353887399463807,-0.9470467776726574,-0.9270287213683723,-0.9855264447239733,-0.9600602409639435,-0.9811782160908341,-0.9514408694538653,-0.6690665518213647,-1.2563254545855893,-1.2597591036024207,-0.6487405576326006,-1.0517266141765786,-1.0351166091701036,-1.0533583005511833,-1.1012523715433304
2024-09-23,Accessories,72918.53,72918.53,25739.61,278,262.2968705035971,0.34811867145266157,145.77377697841726,499,0,77110.63,61939.25,69567.19,60807.46,63093.45,80905.22,70161.68,65554.01125,64901.199166666665,6317.673397921245,-0.05436474841406436,0.048174146461859246,-0.09871662174579099,280646.72,0,False,False,False,89904.48566037737,-0.8726979999716787,-1.0441097437397833,-0.43256379100850545,-0.64244677406547,-0.6907169641773686,-0.3967828418230563,-0.8755256451770203,-0.8821374836172762,-0.9651617167190693,-0.9491258181666501,-0.9993419099083563,-0.9585714557651465,-0.7007871053051536,-1.2805651226103045,-1.274690028710802,-0.6849174739958035,-0.985911783632968,-0.9938636999813655,-1.034363412027948,-1.0899420489150404
2024-09-30,Accessories,125344.13,125344.13,42917.72,456,274.87747807017547,0.3442243231845388,153.28076754385964,810,0,72918.53,77110.63,72029.65,60614.48,63334.66,135670.23,70999.515,67067.895,65719.95583333333,6433.711347320078,0.7189612846007731,0.740174081090218,-0.07611176011126397,283998.06,0,False,False,False,89904.48566037737,-0.6246185911467801,-0.45212784562942304,0.43256379100850545,-0.6203258832430648,-0.6678982016952749,0.43699731903485256,-0.8952881018246661,-0.8702706118411496,-0.9611134112130093,-0.9420582882075405,-0.7721902325629001,-0.5637735571649858,0.004995209709150553,-1.23890940026041,-1.2325899356397427,0.018271337813952276,-1.0040974958833944,-0.982958610073859,-1.0305874169949136,-1.0826315538386635
2024-10-07,Accessories,137673.37,137673.37,47359.39,491,280.39382892057023,0.3439481092931198,154.07319755600815,884,0,125344.13,72918.53,61939.25,62111.49,69581.02,137814.23,84328.13500000001,75159.10125,70887.41166666667,28082.292653700883,0.0983631223895367,1.222716129110378,-0.001022100547962368,337312.54000000004,0,False,False,False,89904.48566037737,-0.5662762818463565,-0.29906163302629946,0.6026731470230863,-0.6106263044068375,-0.6654894771773384,0.6353887399463807,-0.6481426026173907,-0.9188973846495723,-0.8967113204264238,-0.9042846859892663,-0.7187696222810017,-0.461692363001287,0.1437726312007272,-1.2206441791101132,-1.2281458941862569,0.18558957599376555,-0.7766704602315871,-1.027644298045523,-0.9705173519854571,-1.0435593836984047
2024-10-14,Accessories,142745.14,142745.14,48200.14,498,286.636827309237,0.3387105977131132,151.1320080321285,935,0,137673.37,125344.13,77110.63,60251.94,58373.17,140391.45,103261.66500000001,84604.33625,76561.77416666667,33047.35579277466,0.03683915051981379,0.8511733077527703,0.01676519474654614,413046.66000000003,0,False,False,False,89904.48566037737,-0.542276524031551,-0.2700882022567745,0.6366950182260024,-0.5996490376071777,-0.6744297182200254,0.7721179624664879,-0.5900199263934407,-0.8457847975915519,-0.8052270618932417,-0.8601898330434374,-0.6967944600966802,-0.4423697289485254,0.17152811549904254,-1.1999729511004256,-1.2446404337245067,0.30090349690147467,-0.7231850922998957,-0.9604573131113733,-0.8851868092917275,-0.997948653044403
2024-10-21,Accessories,134332.04,134332.04,46567.81,478,281.02937238493723,0.3448685894075566,149.5555439330544,878,0,142745.14,137673.37,72918.53,69567.19,60807.46,141786.24,119670.29250000001,94915.98625000002,83592.77166666667,32012.909455676832,-0.058937908499021474,0.842220900503617,-0.05257350783827808,478681.17000000004,0,False,False,False,89904.48566037737,-0.5820875490724615,-0.32634059624787626,0.5394896719319563,-0.6095088076950329,-0.6792216464267714,0.6193029490616622,-0.5661105170874053,-0.8659869991187649,-0.7259427910581316,-0.8120501424609525,-0.7332470667750026,-0.47988494184575337,0.09222673178957017,-1.2185398274758334,-1.253481431287462,0.17202323235756448,-0.7011832913360961,-0.9790221740233305,-0.8112356184977101,-0.9481540327148569
2024-10-28,Accessories,178979.27,178979.27,61485.05,656,272.83425304878045,0.34769868416468847,148.45336890243902,1197,0,134332.04,142745.14,125344.13,72029.65,60614.48,189447.81,135023.66999999998,103011.5925,89719.82,7321.517504803136,0.33236471358582786,0.4279030856889747,-0.05525817374188702,540094.6799999999,0,False,False,False,89904.48566037737,-0.37081560513535305,0.18772853299671424,1.4046172539489672,-0.6239185521491325,-0.6825718931092547,1.4745308310991958,-0.60577167116825,-0.6133421346391359,-0.6517573456304941,-0.7742559989482626,-0.5397978132933379,-0.1370477493423718,0.7980090468038743,-1.2456747344256451,-1.2596625595258681,0.8933005023489217,-0.7376800866735309,-0.7468535778004584,-0.7420402791047551,-0.9090606151186188
2024-11-04,Accessories,181014.69,181014.69,60708.15,698,259.33336676217766,0.33619487288492206,148.33436962750716,1214,0,178979.27,134332.04,137673.37,61939.25,62111.49,223116.59,148432.455,116380.295,99583.55249999999,20656.178024688863,0.011372378488302193,0.31481266130116525,-0.1886991012187843,593729.82,0,False,False,False,89904.48566037737,-0.36118394063727616,0.16095546327938565,1.608748481166464,-0.6476575989297544,-0.6829336114525162,1.520107238605898,-0.3952950729686674,-0.5539261399926881,-0.5869679083963463,-0.7118445321277934,-0.5309786664051288,-0.15490294339005606,0.9645419525937663,-1.2903775969587925,-1.2603299215674675,0.9317384759848247,-0.5439963297119621,-0.692253108882699,-0.6816089226216514,-0.8445035883298748
2024-11-11,Accessories,207378.54,207378.54,69588.98,712,291.26199438202246,0.3366679647048544,155.41289325842695,1331,0,181014.69,178979.27,142745.14,77110.63,60251.94,210688.72,159267.785,131264.725,109492.15250000001,24195.452013999922,0.1456448092693472,0.45278879547142536,-0.01571123503906613,637071.14,0,False,False,False,89904.48566037737,-0.2364294633905054,0.4670013903456011,1.6767922235722965,-0.5915164561470998,-0.6614172463992017,1.8337801608579087,-0.38569966744166384,-0.5294847097692504,-0.5346130579795279,-0.6423569278455828,-0.4167483524214261,0.049201758572224044,1.020052921190397,-1.1846585337015665,-1.2206327218614683,1.1962821768907457,-0.5351664920580982,-0.6697925987261099,-0.6327757367780369,-0.7726271630563537
2024-11-18,Accessories,197925.24,197925.24,67164.25,745,265.6714630872483,0.33950275248659767,152.01561073825505,1297,0,207378.54,181014.69,134332.04,72918.53,69567.19,234788.82,175426.135,147548.21375,121752.70250000001,30295.970823798365,-0.04558475529820982,0.47340306899232654,-0.15700739072669656,701704.54,0,False,False,False,89904.48566037737,-0.2811627439909071,0.38344177477641855,1.8371810449574726,-0.6365131183403397,-0.6717438589394165,1.742627345844504,-0.26141483580834485,-0.5700283851750363,-0.45653809420522673,-0.5663378513613759,-0.45770797808998887,-0.006524878914249502,1.1509002043110264,-1.2693914896228145,-1.2396850849943495,1.1194062296189395,-0.42079770555171786,-0.7070503052069637,-0.5599525086459758,-0.6939947288730094
2024-11-25,Accessories,199804.32,199804.32,68756.87,732,272.9567213114754,0.34543002640365544,151.1664344262295,1306,0,197925.24,207378.54,178979.27,125344.13,72029.65,182247.4,191324.435,163174.0525,132449.2066666667,13662.587051766977,0.009493887692140879,0.11635453647788374,0.09633564045358134,765297.74,0,False,False,False,89904.48566037737,-0.272270884755444,0.43832570616168265,1.7739975698663426,-0.623703212225846,-0.6743250733955438,1.7667560321715818,-0.305979715326293,-0.3548683608216514,-0.37971965689120823,-0.49338899812093423,-0.4495662272303649,0.030077694318113437,1.0993543048998693,-1.2452692290539453,-1.2444473664250186,1.1397557450732412,-0.46180698338787485,-0.5093284915445602,-0.4883012863484053,-0.6185380650134954
2024-12-02,Accessories,161473.64,161473.64,54251.63,590,273.6841355932204,0.3415298855511293,152.67486440677965,1047,0,199804.32,197925.24,181014.69,137673.37,61939.25,142583.72,196530.6975,172481.57625,143097.09583333333,11121.803341510598,-0.19184109732962729,-0.10795284073353373,0.13248300717641537,786122.79,0,False,False,False,89904.48566037737,-0.45365273702335057,-0.061545322010003296,1.0838396111786148,-0.622424176072466,-0.6697399463533581,1.0723860589812333,-0.29712133002120517,-0.3450594428491508,-0.35456369999666126,-0.44993704684115554,-0.6156468873619022,-0.30329066056440823,0.5363144805626154,-1.242860683425814,-1.235987912264429,0.5541419114438948,-0.45365536291710096,-0.5003145631560637,-0.4648374523707469,-0.573592337478185
2024-12-09,Accessories,154438.86,154438.86,51177.47,572,269.998006993007,0.3371342189833429,148.78318181818182,1031,0,161473.64,199804.32,207378.54,142745.14,77110.63,154646.38,191645.435,175456.61,151391.62833333333,20525.359613125176,-0.043566120141962705,-0.2552804161896406,-0.0013419001466443703,766581.74,0,False,False,False,89904.48566037737,-0.4869415131863936,-0.1674852113165069,0.9963547995139733,-0.6289056156922255,-0.6815693711902174,1.029490616621984,-0.4778203595707826,-0.21800908366563615,-0.3781686282669025,-0.4360481731693912,-0.6461274555720186,-0.3739428980899957,0.4649432352240903,-1.2550658451164474,-1.2578129295939047,0.5179649950806919,-0.6199373497120638,-0.3835613348567144,-0.4868545881254808,-0.5592259968781033
2024-12-16,Accessories,134032.1,134032.1,45532.54,510,262.8080392156863,0.341349086748041,149.5282156862745,895,0,154438.86,161473.64,197925.24,134332.04,72918.53,169483.63,178410.51499999998,176918.325,157835.6475,23804.88298933873,-0.13213487848848393,-0.32281451319700305,-0.2091737709417718,713642.0599999999,0,False,False,False,89904.48566037737,-0.583506873560554,-0.36201746056279277,0.6950182260024301,-0.6415479695194962,-0.6793047152366875,0.6648793565683646,-0.5109838181656936,-0.263565599897883,-0.4421179733148668,-0.4292241917677942,-0.7345466584649974,-0.5036781542820334,0.21910894572472597,-1.2788725889363899,-1.253634691335263,0.21046120599346752,-0.6504548671436741,-0.42542560328041734,-0.546502361472981,-0.5521674229878913
2024-12-23,Accessories,134441.29,134441.29,46252.89,510,263.61037254901964,0.3474047581802671,146.76015686274508,907,0,134032.1,154438.86,199804.32,178979.27,125344.13,152286.23,162437.23,176880.83250000002,162928.445,27495.776971079387,0.0030529253813078583,-0.32713521909836585,-0.11718025983045222,649748.92,0,False,False,False,89904.48566037737,-0.5815705750099021,-0.3371931836019515,0.6950182260024301,-0.6401372007648143,-0.6877186963493518,0.6970509383378016,-0.6071856525253013,-0.25451010197422763,-0.5192987280164041,-0.429399224604359,-0.7327737041287001,-0.48712262714565896,0.21910894572472597,-1.276215978403987,-1.2691582933806973,0.23759389326586966,-0.7389812537574251,-0.41710403202914925,-0.6184915297713177,-0.5523484730431885
2024-12-30,Accessories,34642.75,34642.75,11622.31,122,283.95696721311475,0.3456158332476997,152.30467213114753,222,0,134441.29,134032.1,161473.64,181014.69,137673.37,66613.8,146096.4725,171313.585,163686.54166666666,13993.392160233901,-0.7423206070099446,-0.7854587906732021,-0.4799463474535307,584385.89,0,False,False,False,89904.48566037737,-1.0538200639005966,-1.5306118123720942,-1.1907654921020656,-0.604361122638995,-0.6708652081392515,-1.1394101876675604,-0.6052566432851472,-0.4392299612416851,-0.5982550601825682,-0.45538978596419116,-1.1651846971860538,-1.2830239347577743,-1.319337898239038,-1.2088462513373068,-1.2380639944337666,-1.3112303385337531,-0.7372061502065194,-0.5868527839340987,-0.6921368407884197,-0.5792325289937992
2022-12-26,Clothing & Apparel,31222.97,31222.97,10211.83,71,439.76014084507045,0.3213287753894122,237.46281690140844,130,0,,,,,,,,,,,,,,,1,True,False,False,239722.78405660376,,,,,,,,,,,,,,,,,,,,
2023-01-02,Clothing & Apparel,160038.76,160038.76,51385.75,351,455.9508831908832,0.3225891499823886,254.60754985754986,627,0,31222.97,,,,,,31222.97,31222.97,31222.97,,4.125673822829795,,,31222.97,1,True,False,False,239722.78405660376,,,,,,,,,,,,,,,,,,,,
2023-01-09,Clothing & Apparel,184116.69,184116.69,58838.74,411,447.97248175182483,0.32601171002664947,248.27116788321166,746,0,160038.76,31222.97,,,,,95630.865,95630.865,95630.865,91086.51863290227,0.1504506158383132,,,191261.73,1,True,False,False,239722.78405660376,,,,,,,,,,,,,,,,,,,,
2023-01-16,Clothing & Apparel,174475.96,174475.96,56197.63,387,450.84227390180877,0.32228025663251375,248.0397416020672,706,0,184116.69,160038.76,,,,,125126.14000000001,125126.14000000001,125126.14000000001,82208.82361588627,-0.052362064514629325,,,375378.42000000004,1,True,False,False,239722.78405660376,,,,,,,,,,,,,,,,,,,,
2023-01-23,Clothing & Apparel,194112.32,194112.32,62454.55,427,454.5955971896956,0.32412992729246204,243.694074941452,780,0,174475.96,184116.69,31222.97,,,,137463.595,137463.595,137463.595,71514.88169404579,0.11254478840523374,5.216971671817255,,549854.38,1,True,False,False,239722.78405660376,-0.29920558831689725,0.22113887035152185,0.2916160388821385,-0.30432167829414786,-0.3930717224635662,0.35656836461126007,-0.41652464016551616,-1.0669225936680353,-0.6399679577296866,-0.6134176520011693,-0.474228746065635,-0.1147661035330915,-0.10999179666958439,-0.6438436984117879,-0.7255413889393728,-0.049560380367053104,-0.5635320993344582,-1.163672414248078,-0.731043907884914,-0.7426930227274817
2023-01-30,Clothing & Apparel,141580.38,141580.38,45517.22,329,430.33550151975686,0.3230595463962217,244.96562310030396,574,0,194112.32,174475.96,160038.76,,,,178185.9325,148793.34,148793.34,14513.298143650616,-0.27062651149602457,-0.11533693462758654,,712743.73,1,True,False,False,239722.78405660376,-0.5477882010027806,-0.36254540936967844,-0.18469015795868773,-0.34697899232415524,-0.3892066376245157,-0.19571045576407506,-0.3239546362969142,-0.446144809391149,-0.44320312560775815,-0.560525009341803,-0.7018411774962883,-0.5040302479527896,-0.49856857684599903,-0.7241714412541556,-0.7184103961180374,-0.51533817854329,-0.47834777820524427,-0.5932072000084646,-0.5475145206743827,-0.6879820549671746
2023-02-06,Clothing & Apparel,132357.63,132357.63,42644.78,278,476.10658273381296,0.32444214325779813,252.45190647482016,525,0,141580.38,194112.32,184116.69,,,,173571.33750000002,147591.18000000002,147591.18000000002,22784.323009830518,-0.06514144120816745,-0.2811209564977515,,694285.3500000001,1,True,False,False,239722.78405660376,-0.5914305125402706,-0.4615337429761185,-0.43256379100850545,-0.266498213871978,-0.36645081813766045,-0.32707774798927614,-0.5716014450244565,-0.33011055586233884,-0.46550022509242517,-0.5661372644542864,-0.7418018671638897,-0.5700464322626495,-0.7007871053051536,-0.5726185499794647,-0.676426431428602,-0.6261299849055988,-0.70623612647858,-0.4865772480755811,-0.568311799135492,-0.6937872462581285
2023-02-13,Clothing & Apparel,116696.35,116696.35,38051.34,276,422.8128623188406,0.32392748189077825,239.0829347826087,494,0,132357.63,141580.38,174475.96,,,,160631.5725,145414.95857142858,145414.95857142858,28722.76262580068,-0.1183254792338001,-0.33116086594393856,,642526.29,1,True,False,False,239722.78405660376,-0.6655401285263767,-0.6198301638312681,-0.4422843256379101,-0.3602062931185853,-0.40708805978796087,-0.4101876675603217,-0.6150794624971015,-0.3765703183511743,-0.5280234210637322,-0.5762969019720844,-0.8096596698667076,-0.6756156979936248,-0.7087172436761008,-0.7490796953454982,-0.7514012096170031,-0.6962227603593044,-0.7462452573813776,-0.5292715567847562,-0.6266293537478294,-0.7042961483047202
2023-02-20,Clothing & Apparel,115394.42,115394.42,38008.33,278,415.0878417266187,0.3273290298882343,238.3887050359712,496,0,116696.35,132357.63,194112.32,31222.97,,,146186.67,141825.1325,141825.1325,33560.92547646545,-0.01115656145200783,-0.4055275832054349,,584746.68,1,True,False,False,239722.78405660376,-0.6717008977828355,-0.6213123490913302,-0.43256379100850545,-0.373789447685408,-0.40919828805565706,-0.40482573726541554,-0.6889100884474945,-0.28194049034590196,-0.5978192380506654,-0.5930559188436334,-0.8153007227738058,-0.6766041802899188,-0.7007871053051536,-0.774658055630075,-0.7552945323395173,-0.691700645813904,-0.8141853188191662,-0.4423112523509117,-0.691730334361746,-0.7216313009016267
2023-02-27,Clothing & Apparel,156263.87,156263.87,51076.409999999996,333,469.26087087087086,0.32502121276797175,253.34822822822824,607,0,115394.42,116696.35,141580.38,160038.76,,,126507.195,152346.56375,138888.38666666666,12664.582419068069,0.35417180484116995,0.10371133344888595,,506028.78,1,True,False,False,239722.78405660376,-0.47830551470665217,-0.17096788144861316,-0.1652490886998785,-0.278535251345755,-0.36372629717013644,-0.10723860589812333,-0.6950476651234492,-0.5350978192491858,-0.6929078020267065,-0.5439368695295191,-0.6382199813099741,-0.37626552122097656,-0.48270830010410454,-0.5952854260536903,-0.6713997527734022,-0.44072328854418413,-0.8198332099358375,-0.6749507789689027,-0.7804227378215174,-0.6708236537823811
2023-03-06,Clothing & Apparel,150093.0,150093.0,49170.77,347,432.54466858789624,0.3281261944916244,245.8851585014409,609,0,156263.87,115394.42,132357.63,184116.69,,,130178.0675,151874.7025,140625.935,19022.20215883253,-0.03949006254612786,0.13399582630786,,520712.27,1,True,False,False,239722.78405660376,-0.5075062445320676,-0.23663892350824758,-0.09720534629404617,-0.3430945421285551,-0.38641155486405343,-0.10187667560321716,-0.5023803304133689,-0.5795432890936796,-0.675170642139863,-0.5461397424521711,-0.6649573666938469,-0.42006211278363453,-0.4271973315074739,-0.7168566554198516,-0.7132535325743147,-0.4362011739987838,-0.6425378072657727,-0.7157940486847378,-0.7638786732659649,-0.6731022563136903
2023-03-13,Clothing & Apparel,165303.89,165303.89,53634.19,386,428.2484196891192,0.32188455329333593,249.05862694300518,672,0,150093.0,156263.87,116696.35,174475.96,,,134611.91,147621.74125,141486.57727272727,21592.828527417798,0.10134310061095464,0.4165300799896483,,538447.64,1,True,False,False,239722.78405660376,-0.43552788665155573,-0.08282317522955177,0.09234507897934387,-0.35064877608210443,-0.3767652629204045,0.06702412868632708,-0.53147113236305,-0.6550167593673154,-0.6537469143106938,-0.5659945899920216,-0.5990510312886779,-0.31748104673097033,-0.2725596332740028,-0.7310819899536884,-0.6954563453282092,-0.2937545658186725,-0.6693076043018136,-0.7851505728380779,-0.7438960188563793,-0.6936396669822081
2023-03-20,Clothing & Apparel,135596.81,135596.81,43800.47,320,423.74003125,0.323896656265685,246.51928125,544,0,165303.89,150093.0,115394.42,194112.32,31222.97,,146763.795,146475.2325,143471.35333333333,21825.88556002027,-0.17971192329472718,0.17507250350580206,,587055.18,1,True,False,False,239722.78405660376,-0.5761026219776936,-0.42170703562431067,-0.2284325637910085,-0.3585760218783799,-0.38448403194288805,-0.2761394101876676,-0.4597637412709698,-0.6612909065093979,-0.5950306480357045,-0.5713470385793098,-0.7277670221602303,-0.5434856532576705,-0.5342541995152617,-0.7460097409443747,-0.7096972970229196,-0.5831698967242954,-0.6033213757736572,-0.7909162152051743,-0.6891293196829134,-0.6991761202084863
2023-03-27,Clothing & Apparel,191359.16,191359.16,61549.65,407,470.1699262899263,0.3255055873149989,260.88815724815726,736,0,135596.81,165303.89,156263.87,141580.38,160038.76,,151814.39250000002,139160.79375,152169.17333333334,12486.493597869106,0.4112364442791834,0.2245899196020169,,607257.5700000001,1,True,False,False,239722.78405660376,-0.31223361861507903,0.189954740106689,0.19441069258809235,-0.2769368296820936,-0.3408074127066834,0.2386058981233244,-0.5998092746857608,-0.46433642899064825,-0.5706268433866484,-0.6054943203634604,-0.4861577447227875,-0.13556307237560597,-0.18929318037905676,-0.5922754474070755,-0.6291149369446124,-0.149046900365861,-0.7321933990270122,-0.6099244318989105,-0.6663670442064126,-0.7344973055163632
2023-04-03,Clothing & Apparel,172267.38,172267.38,55864.87,400,430.66845,0.3251026750289969,252.19555,681,0,191359.16,135596.81,150093.0,132357.63,184116.69,,160588.215,145383.14125000002,154779.20666666667,23831.41140504063,-0.09976935517484509,0.1477376026863344,,642352.86,1,True,False,False,239722.78405660376,-0.40257645676695564,-0.005950796342886218,0.16038882138517618,-0.34639355819929546,-0.3672300568297399,0.09115281501340483,-0.3369336218039471,-0.494074545767021,-0.5282329186449732,-0.5764454403736724,-0.5688793511614441,-0.26621418579869044,-0.2170486646773721,-0.7230690136188899,-0.6778641089313526,-0.27340505036437085,-0.49029123745940884,-0.6372523447005538,-0.6268247594120053,-0.7044497931084557
2023-04-10,Clothing & Apparel,168930.88999999998,168930.88999999998,55920.48,392,430.94614795918363,0.3289343220124897,245.46201530612245,689,0,172267.38,191359.16,165303.89,116696.35,174475.96,,166131.81,150371.86,153791.7641666667,23145.453720430723,-0.01936808930396472,0.021941407428463844,,664527.24,1,True,False,False,239722.78405660376,-0.4183648209773832,-0.004034397312147826,0.12150668286755771,-0.3459052728598,-0.3876977698906627,0.1126005361930295,-0.42693635899446997,-0.4207715555739751,-0.5014470166930786,-0.5531557266006061,-0.5833358247153251,-0.26493612254603016,-0.24876921816116104,-0.7221495263029023,-0.7156265697787704,-0.2553165921827694,-0.5731131208659213,-0.5698903883547891,-0.6018406191157032,-0.6803594335552187
2023-04-17,Clothing & Apparel,157769.93,157769.93,51220.14,343,459.9706413994169,0.32926459844046574,260.48446064139944,612,0,168930.88999999998,172267.38,135596.81,115394.42,194112.32,,167038.56,156901.17750000002,153329.675,23173.2367099333,-0.06606820102587507,0.16352243094804364,,668154.24,1,True,False,False,239722.78405660376,-0.4711787965679027,-0.16601474293597096,-0.1166464155528554,-0.2948705635129573,-0.34203451655131056,-0.0938337801608579,-0.44266528697335983,-0.5639333162535953,-0.4970657232192804,-0.5226737645319939,-0.6316944660048008,-0.3729622298830004,-0.44305760824936835,-0.6260463584952821,-0.6313789153749587,-0.4294180021806832,-0.5875871188779974,-0.7014492271946032,-0.597754034649545,-0.648829573065039
2023-04-24,Clothing & Apparel,167529.38,167529.38,54938.58,388,431.7767525773196,0.3253718015410529,257.1604381443299,657,0,157769.93,168930.88999999998,191359.16,156263.87,141580.38,,172581.83999999997,162198.11625,150301.1425,13969.117667490682,0.06185874583325224,-0.12452907924554013,,690327.3599999999,1,True,False,False,239722.78405660376,-0.42499680558532626,-0.037872056155557464,0.10206561360874848,-0.34444479378697823,-0.3521384429096217,0.02680965147453083,-0.4952804412268625,-0.2952082781268856,-0.47028134330482096,-0.4979451330850991,-0.5894083417168744,-0.2875027527885597,-0.26462949490305554,-0.7193993065561606,-0.6500204276130492,-0.32767042490917514,-0.6360043815860712,-0.4545037173370437,-0.5727713140103776,-0.623250829220445
2023-05-01,Clothing & Apparel,196656.52,196656.52,63297.33,430,457.3407441860465,0.3227606370067279,258.1251162790698,766,0,167529.38,157769.93,172267.38,150093.0,132357.63,,166624.39500000002,163606.305,152463.55916666667,6228.529713656365,0.173862877066697,0.14157723882490103,,666497.5800000001,1,True,False,False,239722.78405660376,-0.28716636259640377,0.25018225778410025,0.30619684082624543,-0.29949479718555544,-0.3492061412054431,0.3190348525469169,-0.4492723050827183,-0.3872137138448342,-0.4990669125345002,-0.49137103769718965,-0.4632051374182889,-0.09539681477069313,-0.09809658911316353,-0.6347542263426149,-0.6446103982674517,-0.08121518218485561,-0.5936669971194741,-0.5390523302665268,-0.599620613370721,-0.6164507318394644
2023-05-08,Clothing & Apparel,192542.92,192542.92,62965.55,458,420.39938864628823,0.3278872829479575,243.61652838427946,793,0,196656.52,167529.38,168930.88999999998,165303.89,116696.35,,172721.68,169426.745,157821.80000000002,16710.88928415839,-0.02091768938044858,0.1397733120331044,,690886.72,1,True,False,False,239722.78405660376,-0.30663203311123044,0.23874865105116774,0.4422843256379101,-0.3644499822513035,-0.39330743828790327,0.3914209115281501,-0.31196073295421245,-0.4032926345226642,-0.46960565532094883,-0.464198453226817,-0.481028703384692,-0.10302198696935531,0.012925348080097791,-0.7570709619572716,-0.7259762792254126,-0.020166635821950774,-0.467310806494757,-0.5538280924821553,-0.5721410763795559,-0.588344017593839
2023-05-15,Clothing & Apparel,193930.76,193930.76,64085.66,421,460.64313539192403,0.33244221431870435,247.13144893111638,787,0,192542.92,196656.52,157769.93,135596.81,115394.42,,178624.6875,172831.62375,164142.3475,18946.335953032125,0.007207951349236907,0.22919975942183668,,714498.75,1,True,False,False,239722.78405660376,-0.3000647353264927,0.2773492214219708,0.2624544349939247,-0.2936880954876058,-0.38262324514785556,0.3753351206434316,-0.3313531238002694,-0.4570785564131634,-0.4410831207353056,-0.4483028584872867,-0.47501541629046484,-0.07727892942687677,-0.1337822117824261,-0.6238196597539375,-0.7062641880925935,-0.033732979458151846,-0.4851559785835317,-0.6032547927144774,-0.5455371185597433,-0.5719019695584238
2023-05-22,Clothing & Apparel,187491.03,187491.03,59280.83,449,417.57467706013364,0.3205443451183913,240.19467706013364,775,0,193930.76,192542.92,167529.38,191359.16,156263.87,,187664.89500000002,180123.36750000002,170687.0425,13531.992666205222,-0.03320633611707602,0.11915313003605688,,750659.5800000001,1,True,False,False,239722.78405660376,-0.33053771820874805,0.11176800302846869,0.3985419198055893,-0.36941676436189935,-0.4037087318467583,0.34316353887399464,-0.3248105489967416,-0.41004666888787583,-0.39740205966937586,-0.41426152776603753,-0.5029177287323225,-0.18770649026628292,-0.02276027458916478,-0.7664238807991228,-0.7451664271236973,-0.060865666730554,-0.4791354020491858,-0.560034728348837,-0.5047942770484707,-0.5366903776626951
2023-05-29,Clothing & Apparel,203473.88,203473.88,67097.24,459,443.2982135076253,0.32892083389444254,248.9068845315904,811,0,187491.03,193930.76,196656.52,172267.38,150093.0,,192655.3075,179639.85125,173289.30583333332,3843.560571356984,0.08524594483266745,0.03466633092053106,,770621.23,1,True,False,False,239722.78405660376,-0.2549064239682047,0.3811325156674495,0.4471445929526124,-0.32418623488947523,-0.3772265095430489,0.43967828418230565,-0.3551688145313291,-0.2696797043137141,-0.373289060807715,-0.4165188117765115,-0.43366661503480025,-0.00806494398457416,0.01689041726557141,-0.6812505307487848,-0.6963073347610182,0.020532395086652454,-0.5070715382936545,-0.4310441740054044,-0.48230324622164816,-0.5390252618075135
2023-06-05,Clothing & Apparel,208234.87,208234.87,67913.11,457,455.656170678337,0.3264543525732136,248.81008752735232,841,0,203473.88,187491.03,192542.92,168930.88999999998,165303.89,,194359.64750000002,183540.66375,177737.7125,6676.615502939343,0.023398531546162005,0.08149845239700304,,777438.5900000001,1,True,False,False,239722.78405660376,-0.23237728582536507,0.4092485465469407,0.4374240583232078,-0.3024568374883906,-0.3775207403442511,0.5201072386058981,-0.27982223877435153,-0.289503605509378,-0.36505392022967986,-0.3983079622257326,-0.4130380125138002,0.010685882592442247,0.008960278894624172,-0.6403320274101527,-0.6968501838364097,0.08836411326765783,-0.43773647685864014,-0.4492613949322493,-0.474622044822087,-0.5201883659262291
2023-06-12,Clothing & Apparel,196770.27,196770.27,63035.42,440,447.2051590909091,0.32201812775469996,244.53140909090908,795,0,208234.87,203473.88,193930.76,157769.93,135596.81,,198282.635,188453.66125,181315.2941666667,9334.408758939413,-0.055056100834600885,0.014641875275484884,,793130.54,1,True,False,False,239722.78405660376,-0.28662809440769765,0.24115646979379823,0.35479951397326853,-0.31731652559765244,-0.390526504255545,0.3967828418230563,-0.2573779129054851,-0.2828154484120933,-0.34609857473032285,-0.3753717512912535,-0.4627122769970816,-0.10141619161845866,-0.058445897258427346,-0.668314220670584,-0.7208455197603174,-0.015644521276550416,-0.4170828678876814,-0.44311529713686026,-0.4569417362712929,-0.4964636618107375
2023-06-19,Clothing & Apparel,216733.61,216733.61,69481.53,468,463.10600427350425,0.32265909765919587,249.98647435897436,865,0,196770.27,208234.87,187491.03,167529.38,191359.16,,198992.5125,193328.70375,186413.08250000002,8994.929835829174,0.10145506229167656,0.15596788817043672,,795970.05,1,True,False,False,239722.78405660376,-0.19216100990374438,0.4632985118012236,0.4908869987849332,-0.2893575531548119,-0.3739449143905836,0.5844504021447721,-0.3114244911079612,-0.31384923177623986,-0.34266854257377893,-0.352612732363491,-0.37621434151484323,0.04673227652765767,0.05257603993483398,-0.6156648403803606,-0.6902528670198889,0.14262948781246212,-0.4668173486172049,-0.47163386581617567,-0.4537424262471681,-0.4729222411479047
2023-06-26,Clothing & Apparel,200383.25,200383.25,64888.55,463,432.79319654427644,0.32611071071433384,247.46529157667385,810,0,216733.61,196770.27,203473.88,196656.52,172267.38,,206303.15749999997,199479.2325,188527.62,8394.573798930434,-0.07543989139478635,-0.015189320614518165,,825212.6299999999,1,True,False,False,239722.78405660376,-0.2695313717665417,0.30501794319484493,0.4665856622114216,-0.342657547352245,-0.3816084741861818,0.43699731903485256,-0.2173130335348563,-0.23682607949475454,-0.3073444937976494,-0.3238991364846861,-0.4470578168246546,-0.058826417200148515,0.032750694007465886,-0.7160337530685642,-0.7043919589580908,0.018271337813952276,-0.3802145584172044,-0.4008532577136316,-0.42079446011030947,-0.44322153913297907
2023-07-03,Clothing & Apparel,177760.93,177760.93,57085.65,399,445.51611528822053,0.32603885406117733,243.34909774436088,738,0,200383.25,216733.61,208234.87,192542.92,168930.88999999998,,205530.5,199945.07375,190870.60916666666,8870.533673994165,-0.11289526444949871,-0.14634407772338998,,822122.0,1,True,False,False,239722.78405660376,-0.37658082416856825,0.03611900420997814,0.15552855407047386,-0.320286426165316,-0.3941203387703987,0.24396782841823056,-0.29439213009109344,-0.21388233305525042,-0.3110778704309344,-0.32172436778757574,-0.5450766841994803,-0.23815746834530913,-0.22101373386284573,-0.673906823357637,-0.7274760619589162,-0.14452478582046063,-0.45114391176060686,-0.37976904761529934,-0.42427671005479306,-0.44097200698462347
2023-07-10,Clothing & Apparel,183186.23,183186.23,60004.29,372,492.43610215053764,0.32855570355458186,259.3983333333333,683,0,177760.93,200383.25,196770.27,193930.76,157769.93,,197912.01499999998,198097.32499999998,191606.4458333333,15997.17942942333,0.030520204861664624,-0.06903502241471737,,791648.0599999999,1,True,False,False,239722.78405660376,-0.35090815248340435,0.13669945497556418,0.024301336573511544,-0.23778548960265578,-0.3453359834776402,0.09651474530831099,-0.4010385884936054,-0.26913153026640596,-0.3478893604896382,-0.33035053848762613,-0.5215697334902407,-0.1710794871954403,-0.3280706018706334,-0.5185497839575942,-0.637470046082795,-0.2688829358189705,-0.5492815997826149,-0.43054042816710497,-0.4586120642942845,-0.4498947252179464
2023-07-17,Clothing & Apparel,183488.51,183488.51,58384.95,417,440.0204076738609,0.32230660126439326,249.23393285371702,730,0,183186.23,177760.93,216733.61,187491.03,167529.38,,194516.005,196754.25874999998,193724.47083333333,17674.302208124038,0.001650124029519029,-0.15339152981394988,,778064.02,1,True,False,False,239722.78405660376,-0.3494777550497157,0.08089471470518328,0.24301336573511542,-0.32994970732926177,-0.37623239107204287,0.2225201072386059,-0.3754625631004914,-0.17292594885463855,-0.3642984219177644,-0.33662061104699137,-0.5202600029572954,-0.20829615591622425,-0.14964248852432058,-0.6921036925699106,-0.6944732089978066,-0.16261324400206206,-0.5257461534258397,-0.34213208141056023,-0.4739173653286574,-0.4563803481780136
2023-07-24,Clothing & Apparel,164146.89,164146.89,53051.21,390,420.88946153846155,0.3248491872976732,244.76251282051282,671,0,183488.51,183186.23,200383.25,203473.88,196656.52,,186204.72999999998,196253.94374999998,195054.39833333332,9811.85305585029,-0.10541052407041729,-0.18083527440542058,,744818.9199999999,1,True,False,False,239722.78405660376,-0.4410028430852524,-0.10291348824771149,0.1117861482381531,-0.36358827117054565,-0.3898240255367319,0.064343163538874,-0.37403755048260295,-0.2517201731723982,-0.40445737964199097,-0.3389563196187307,-0.6040641258586721,-0.33087945196448687,-0.2566993565321083,-0.7554482787744805,-0.719549462646542,-0.29601562309137264,-0.5244348352084646,-0.4145402203529585,-0.5113750188262793,-0.45879635293672605
2023-07-31,Clothing & Apparel,159197.51,159197.51,51723.95,368,432.6019293478261,0.3286328853313988,249.84614130434784,631,0,164146.89,183488.51,177760.93,208234.87,192542.92,,177145.63999999998,191338.07,192345.26250000004,9056.614723165902,-0.03015213995220989,-0.10442913411850385,,708582.5599999999,1,True,False,False,239722.78405660376,-0.4644234479891501,-0.14865273977689356,0.004860267314702308,-0.3429938586749052,-0.37437148035120305,-0.04289544235924933,-0.46521808690712496,-0.3607396783495407,-0.44822967839638933,-0.36190595825731503,-0.6255089918939689,-0.3613833583253176,-0.3439308786125279,-0.7166670589870433,-0.6910398714272101,-0.38645791399937984,-0.6083405473281867,-0.5147239526841976,-0.5522029608957897,-0.48253494636932215
2023-08-07,Clothing & Apparel,180000.1,180000.1,58354.84,386,466.3215025906736,0.3245555339963403,251.81943005181347,708,0,159197.51,164146.89,183186.23,196770.27,193930.76,,172504.785,185208.4,189566.4783333333,12671.141213012306,0.13067157897130421,-0.017392846612979573,,690019.14,1,True,False,False,239722.78405660376,-0.3659850089588529,0.07985708163890863,0.09234507897934387,-0.28370363804480603,-0.36837333677496253,0.16353887399463807,-0.48855052355766415,-0.3345945472826318,-0.47065366265262726,-0.39052217556227986,-0.5353747213919658,-0.2089881624714769,-0.2725596332740028,-0.6050179853371753,-0.6799734341911216,-0.21235650400146602,-0.6298114093061963,-0.49069782260484796,-0.5731185891866001,-0.5121349221632454
2023-08-14,Clothing & Apparel,170490.07,170490.07,54825.53,370,460.783972972973,0.32043411149913065,241.96262162162162,679,0,180000.1,159197.51,183488.51,216733.61,187491.03,,171708.2525,183112.12875000003,188405.59,11849.361199199333,-0.05283347064807187,-0.07084062102853195,,686833.01,1,True,False,False,239722.78405660376,-0.41098673750954284,-0.041767918598013466,0.014580801944106925,-0.2934404561953388,-0.39833476651692096,0.08579088471849866,-0.3904826618573827,-0.3331378259549808,-0.47450240005976063,-0.4003085675899337,-0.5765801490094964,-0.2901009374804,-0.33600074024158066,-0.6233533316261775,-0.7352515844268448,-0.2779271649097712,-0.5395678760403887,-0.48935916509274985,-0.5767084401281938,-0.522257747414441
2023-08-21,Clothing & Apparel,167879.2,167879.2,53399.19,391,429.3585677749361,0.32088252448859245,242.89281329923273,694,0,170490.07,180000.1,164146.89,200383.25,203473.88,,168458.64250000002,177331.68625,186988.84333333335,8975.739964219709,-0.015313912417303843,0.022737622382001943,,673834.5700000001,1,True,False,False,239722.78405660376,-0.4233414475389686,-0.09092160666676662,0.1166464155528554,-0.348696766652266,-0.39550729220891545,0.1260053619302949,-0.43531497873742153,-0.4263472687408808,-0.4902040764704465,-0.42729442469135265,-0.5878926280241558,-0.3228819613933539,-0.25273428734663467,-0.7274061722171185,-0.7300349592213161,-0.24401130581926853,-0.5808232537920931,-0.5750142031672063,-0.5913539386085601,-0.5501713150417629
2023-08-28,Clothing & Apparel,196389.16,196389.16,64449.9,426,461.0074178403756,0.3288194893496371,255.24284037558684,770,0,167879.2,170490.07,159197.51,177760.93,208234.87,,169391.72000000003,173268.68,184022.62,8562.587872471684,0.16982425458305728,0.2336195459338528,,677566.8800000001,1,True,False,False,239722.78405660376,-0.2884315176111947,0.28990144553555003,0.2867557715674362,-0.2930475658289172,-0.3579673043741041,0.3297587131367292,-0.44762317872970203,-0.4501988877849773,-0.48569557207419833,-0.44626247187193985,-0.46436356521797223,-0.06890774152633813,-0.11395686585505801,-0.6226134820356253,-0.6607745432381007,-0.0721709530940549,-0.5921494460449663,-0.5969327049444595,-0.5871487001004578,-0.5697914392328789
2023-09-04,Clothing & Apparel,184191.99,184191.99,59858.18,415,443.8361204819277,0.32506507492151687,252.6007469879518,730,0,196389.16,167879.2,180000.1,183186.23,196770.27,,178689.6325,175597.20875000002,183035.4775,12898.176548389472,-0.06210714481389912,0.02328826483985269,,714758.53,1,True,False,False,239722.78405660376,-0.3461488679693554,0.1316642983062388,0.2332928311057108,-0.32324041558876315,-0.36599839232371334,0.2225201072386059,-0.3132211252180693,-0.3499488662043892,-0.4407693152711139,-0.43539179127888045,-0.517211937470606,-0.17443747715850783,-0.15757262689526783,-0.6794694638604781,-0.675591716185395,-0.16261324400206206,-0.46847063856633775,-0.5048077103216043,-0.5452444213133637,-0.5585470501164249
2023-09-11,Clothing & Apparel,186586.6,186586.6,60090.58,422,442.1483412322275,0.32354341852108853,249.77381516587678,764,0,184191.99,196389.16,170490.07,183488.51,216733.61,,179737.60499999998,175722.92875000002,181987.2875,13206.747042913297,0.013000619625207488,0.09441329926135866,,718950.4199999999,1,True,False,False,239722.78405660376,-0.3348175063222556,0.13967313007648877,0.267314702308627,-0.3262080926518427,-0.37459132783344384,0.3136729222520107,-0.3707211951946839,-0.39577877068897693,-0.43570565376025655,-0.43480487047570826,-0.5068364781894875,-0.1690963172966442,-0.12981714259695248,-0.6850578794788302,-0.6914454849862732,-0.08573729673025597,-0.5213830747891212,-0.5469232095269048,-0.5405213684989597,-0.5579399523514861
2023-09-18,Clothing & Apparel,165390.2,165390.2,52647.71,398,415.55326633165834,0.32106299616642275,237.32701005025123,705,0,186586.6,184191.99,167879.2,164146.89,200383.25,,183761.7375,176110.19,179475.0366666667,11830.353077149659,-0.11360086951581727,-0.014826136888905883,,735046.95,1,True,False,False,239722.78405660376,-0.43511946531206364,-0.11681866733246123,0.15066828675577157,-0.3729710764883369,-0.41242548882224633,0.1554959785522788,-0.3594324911291751,-0.4083608469517937,-0.41626158928829693,-0.4329969506229606,-0.5986770639660017,-0.3401529373528774,-0.22497880304831933,-0.7731169855331231,-0.7612486436870988,-0.21913967581956656,-0.510995038145913,-0.5584855382903411,-0.522385214802503,-0.5560698804510537
2023-09-25,Clothing & Apparel,205485.68,205485.68,66901.35,487,421.9418480492813,0.32357950501739674,246.09735112936346,826,0,165390.2,186586.6,196389.16,159197.51,177760.93,,183139.48750000002,176265.60375,176558.9491666667,12956.09733182377,0.2424295998190944,0.04631884977765566,,732557.9500000001,1,True,False,False,239722.78405660376,-0.2453865299722575,0.37438186998984946,0.583232077764277,-0.36173782579375313,-0.3857665596246421,0.47989276139410186,-0.4593568574577835,-0.2709681422327321,-0.41926821720566204,-0.43227140526045665,-0.4249498098006477,-0.012567008551443581,0.12791235445883273,-0.7519637157223794,-0.7120635311607448,0.054448254177155146,-0.60294695511949,-0.43222818708081306,-0.5251896009994336,-0.5553193925392994
2023-10-02,Clothing & Apparel,338125.13,338125.13,109555.59,805,420.0312173913044,0.3229719849771852,242.90116770186336,1389,0,205485.68,165390.2,184191.99,180000.1,183186.23,,185413.6175,182051.625,178869.345,16398.10154740758,0.6454924255549097,0.8357211407510177,,741654.47,1,True,False,False,239722.78405660376,0.3822670656539195,1.8443071386983887,2.1287970838396113,-0.36509734972480146,-0.3954818975947027,1.9892761394101877,-0.27033818298280704,-0.3297476766908021,-0.4082799283415114,-0.4052595038985328,0.14975555455719958,0.9677389924222908,1.3888043554394436,-0.7582900159253456,-0.7299881067409197,1.327423498707356,-0.429009104919658,-0.486243779401964,-0.514940442651461,-0.5273788853108311
2023-10-09,Clothing & Apparel,356891.71,356891.77,117294.58,823,433.64727825030377,0.3270916395868163,247.95719319562573,1450,0,338125.13,205485.68,186586.6,170490.07,183488.51,,223896.90250000003,201817.25374999997,191780.92,77893.41859618452,0.05550187884585811,0.9127403039660942,,895587.6100000001,1,True,False,False,239722.78405660376,0.4710710482896007,2.1110036489464368,2.216281895504253,-0.3411557877533974,-0.38011325634761256,2.1528150134048256,0.3549525735336363,-0.31820778169805874,-0.22233389534364298,-0.3129841403831628,0.23106812179606176,1.145601224605439,1.4601756007779687,-0.7132057982005566,-0.7016333163623466,1.4653479923420671,0.14639293004009607,-0.4756391655835002,-0.34150212482655123,-0.43193131104473337
2023-10-16,Clothing & Apparel,389321.4,389321.4,127127.47,893,435.97021276595746,0.32790132056073357,248.01993281075028,1587,0,356891.71,338125.13,165390.2,167879.2,164146.89,,266473.18,225117.45875000002,206231.18666666668,95300.8508323226,0.09086703078645342,1.353956884990767,,1065892.72,1,True,False,False,239722.78405660376,0.6245292504575249,2.449858906370588,2.5565006075334145,-0.33707129656039,-0.3799225487180685,2.520107238605898,0.4434222483206349,-0.42035561797377147,-0.016611075658644957,-0.20420769246178572,0.37158074309735667,1.371586755561204,1.737730443761122,-0.705514316313933,-0.7012814651627267,1.7751128387019917,0.22780406617821358,-0.5695081615125595,-0.14961731174870355,-0.31941538376097267
2023-10-23,Clothing & Apparel,329511.27999999997,329511.27999999997,106264.24,737,447.0980732700135,0.3225847068317907,249.16858887381275,1317,0,389321.4,356891.71,205485.68,196389.16,159197.51,,322455.98,252797.73375,224995.72916666666,80796.81766881215,-0.15362659232192233,0.6035729594393147,,1289823.92,1,True,False,False,239722.78405660376,0.34150608598546817,1.73088257567338,1.7982989064398542,-0.3175048180739993,-0.3764310151070769,1.7962466487935658,0.5963027480037514,-0.22713098895959397,0.25389024916622527,-0.07498299285133635,0.11243313047617495,0.8920951606178819,1.1191796508272374,-0.6686687931504288,-0.6948396657838678,1.1646273750729432,0.3684870199986191,-0.39194393131810784,0.10268866106854285,-0.18574824181546226
2023-10-30,Clothing & Apparel,484422.63,484422.63,155989.96,1093,443.2046020128088,0.32328476522613897,247.15135407136322,1955,0,329511.27999999997,389321.4,338125.13,184191.99,180000.1,,353462.38,269437.99875,239188.54333333333,26498.5285653237,0.4701245735806072,0.43267266174507646,,1413849.52,1,True,False,False,239722.78405660376,1.0745509367504946,3.444501018593136,3.5285540704738763,-0.3243508350207168,-0.3825627401207737,3.506702412868633,0.31434504098567123,0.4120734430336023,0.40370898417143875,0.0027016849946487884,0.7836390488128088,2.0349222680458805,2.5307442808558456,-0.681560488309753,-0.7061525577062651,2.6071819150556577,0.10902526288799241,0.19545449445620539,0.24242979433734463,-0.10539294679885165
2023-11-06,Clothing & Apparel,560051.36,560051.36,179806.11,1253,446.9683639265762,0.32259841803193817,246.96646448523543,2252,0,484422.63,329511.27999999997,356891.71,186586.6,170490.07,,390036.755,306966.82875,264557.08749999997,67505.88187785157,0.15612138103457296,0.5692473215474798,,1560147.02,1,True,False,False,239722.78405660376,1.4324282071790233,4.265239137203452,4.306196840826246,-0.31773289022469925,-0.3831247431650674,4.302949061662199,1.0446303010231905,0.5025117033653127,0.580431421994156,0.17790412729269733,1.1113261496758722,2.5822796882013117,3.1651553505316246,-0.6690982745063822,-0.7071894404245785,3.278715925047611,0.7810448319405081,0.2785629478550073,0.40726494485782194,0.07583254487920882
2023-11-13,Clothing & Apparel,565680.16,565680.16,181149.82,1259,449.30910246227165,0.32359586067886903,247.8786656076251,2258,0,560051.36,484422.63,389321.4,165390.2,167879.2,,440826.6675,353649.92374999996,297020.5283333333,101913.43274652715,0.010050506796376757,0.452990151581701,,1763306.67,1,True,False,False,239722.78405660376,1.4590638465688175,4.31154527893324,4.335358444714459,-0.31361709364509116,-0.38035195418042017,4.319034852546917,1.4011603212854717,0.6587940279389252,0.8258414161171586,0.3958430360738084,1.1357148330947002,2.61316165858851,3.1889457656444664,-0.661347841626204,-0.7020737083855751,3.292282268683812,1.109129162382332,0.4221789599415245,0.6361673627900318,0.30126368260528796
2023-11-20,Clothing & Apparel,588627.11,588627.11,192840.82,1311,448.9909305873379,0.32763227527277133,251.85158657513347,2337,0,565680.16,560051.36,329511.27999999997,205485.68,196389.16,,484916.35750000004,403686.16875,330170.60833333334,110028.84814835207,0.040565237430282064,0.7863640662013149,,1939665.4300000002,1,True,False,False,239722.78405660376,1.5676494572310606,4.7144336275820855,4.588092345078979,-0.31417654558498526,-0.36827559160511153,4.53083109919571,1.427695689234297,0.3705623307926769,1.0388768404996092,0.6294360451663791,1.2351402699511653,2.881851417388196,3.3951293632890946,-0.6624013423583145,-0.6797930965960745,3.470905793227126,1.133547410304662,0.15730775960578125,0.8348728960370441,0.5428870719262158
2023-11-27,Clothing & Apparel,453342.64,453342.64,146330.68,1060,427.6817358490566,0.32348608845586113,248.61571698113204,1818,0,588627.11,565680.16,484422.63,338125.13,184191.99,,549695.315,451578.84750000003,362857.1041666667,45236.309187596045,-0.22983051188383075,-0.06415883172097059,,2198781.26,1,True,False,False,239722.78405660376,0.9274795528181455,3.111628606623517,3.3681652490886997,-0.3516451946803721,-0.3781115623639474,3.1394101876675604,1.535872522938334,1.1170975545594313,1.3518800097680976,0.8530218666587055,0.6489744601313249,1.81292674898176,2.3998969977352163,-0.7329583400883616,-0.6979402369029231,2.297417068695733,1.233093372883063,0.8433380705319323,1.1268218140998159,0.7741592499890054
2023-12-04,Clothing & Apparel,415490.71,415490.71,134787.6,910,456.58319780219784,0.32492716611853384,249.78383516483518,1692,0,453342.64,588627.11,560051.36,356891.71,186586.6,,541925.3175,465981.03625,385286.325,60334.60625184005,-0.0834951903046226,-0.2581203445341155,,2167701.27,1,True,False,False,239722.78405660376,0.7483631589708373,2.7138377897967687,2.6391251518833534,-0.3008268155925632,-0.3745608703585997,2.8016085790884717,0.8981125760203843,1.4815609129495393,1.3143364317827895,0.9202581392373463,0.48496814660772597,1.5476365786793498,1.8051366199141734,-0.6372625425479942,-0.6913892916442085,2.0125238523355105,0.6462169998548896,1.1782625364077375,1.0918036160456803,0.8437069480509748
2023-12-11,Clothing & Apparel,400515.86,400515.86,129580.47,918,436.29178649237474,0.32369152985096283,246.06554466230938,1630,0,415490.71,453342.64,565680.16,389321.4,165390.2,,505785.155,473305.91125,404361.66750000004,84367.26321971763,-0.03604135938442532,-0.29197470881778853,,2023140.62,1,True,False,False,239722.78405660376,0.6775017489871358,2.5343927460109623,2.678007290400972,-0.3365058630345618,-0.38586324073950096,2.635388739946381,0.7196704764390949,1.5086867334109733,1.1397120500863382,0.9544541424041896,0.42008453448890215,1.4279631115902545,1.8368571733979624,-0.7044495516917342,-0.7122419055987523,1.8723383014280994,0.4820118742368766,1.2031898733274735,0.9289253952825912,0.8790785296685029
2023-12-18,Clothing & Apparel,411861.63,411861.63,134876.87,938,439.0848933901919,0.32716544094174693,245.35995735607676,1652,0,400515.86,415490.71,588627.11,329511.27999999997,205485.68,,464494.07999999996,474705.21875,423955.4725,85689.17990189866,0.028327891934167182,-0.3003012892151705,,1857976.3199999998,1,True,False,False,239722.78405660376,0.7311902506783567,2.716914159900599,2.7752126366950183,-0.33159465247378883,-0.3880079922229276,2.6943699731903483,0.6490758284273587,1.6192706670802266,0.9401991552160727,0.960986775889592,0.46924392772952805,1.5496882367725877,1.9161585571074349,-0.6952012793159119,-0.7161989228619545,1.9220815614275033,0.41704960876293884,1.3048112409245334,0.7428327945812169,0.885835739783934
2023-12-25,Clothing & Apparel,420515.27,420515.27,136656.96,966,435.31601449275365,0.32437983608800997,246.22630434782607,1706,0,411861.63,400515.86,453342.64,484422.63,338125.13,31222.97,420302.71,484999.0125,441153.4683333333,22931.518214703778,0.02101103712914454,-0.072411829604204,12.468138040679666,1681210.84,1,True,False,False,239722.78405660376,0.7721395177422243,2.7782585718881383,2.9113001215066827,-0.3382215946283618,-0.3853745845931367,2.839142091152815,0.7025622165762961,0.9673195861322085,0.7266724268133131,1.0090431049974378,0.5067387554691006,1.5905993609485976,2.027180494300696,-0.707680435993459,-0.7113403462237502,2.044178654153313,0.4662685941114557,0.7056992519219231,0.5436690050248377,0.9355441328667
2024-01-01,Clothing & Apparel,166014.62,166014.62,53900.53,391,424.58982097186697,0.3259058766810803,244.96393861892582,688,0,420515.27,411861.63,415490.71,560051.36,356891.71,160038.76,412095.86750000005,477010.5925,448019.3133333334,8496.327343100445,-0.6052114350092448,-0.6004372275856662,0.03734007936577366,1648383.4700000002,1,True,False,False,239722.78405660376,-0.43216469236795924,-0.07364472319130592,0.1166464155528554,-0.35708180901465775,-0.3892117578894392,0.10991957104557641,0.7433573277006333,0.784906876975949,0.6870180728174601,0.9717493579207882,-0.5959715527201973,-0.31135985689616513,-0.25273428734663467,-0.7431959972899009,-0.7184198428893072,-0.2575776494554696,0.5038088739136498,0.5380706610726735,0.5066820129358315,0.8969683141632965
2024-01-08,Clothing & Apparel,194945.73,194945.73,62143.49,406,480.16189655172417,0.32199017601678276,252.8427832512315,761,0,166014.62,420515.27,400515.86,565680.16,389321.4,184116.69,349726.845,427756.0,432112.88916666666,122748.3038309122,0.17426844695967159,-0.5132633948628151,0.05881617793585159,1398907.38,1,True,False,False,239722.78405660376,-0.2952618688342636,0.21041930404147893,0.18955042527339003,-0.25936762389515355,-0.36526268232705267,0.30563002680965146,-0.4564132079313116,0.7127413900983018,0.38565938382223003,0.7418054747676188,-0.470617714824858,-0.12191507593684069,-0.1932582495645304,-0.5591909769829607,-0.6742343481266745,-0.09252046854835651,-0.6002381641928873,0.4717540160910599,0.2255943057199857,0.6591194991798551
2024-01-15,Clothing & Apparel,166785.59,166785.59,53211.090000000004,385,433.2093246753247,0.3222337150072136,246.64218181818183,691,0,194945.73,166014.62,411861.63,588627.11,329511.27999999997,174475.96,298334.3125,381414.19625000004,415914.9166666667,136643.49991738432,-0.14445117623248283,-0.5950446027225211,-0.044076960516509,1193337.25,1,True,False,False,239722.78405660376,-0.42851644071567996,-0.09740379795757555,0.08748481166464156,-0.34192585574622875,-0.38411045496156543,0.11796246648793565,-0.3200257631796902,0.7674179321706299,0.1373376112893236,0.5254598759973702,-0.5926310639383231,-0.3272049913848192,-0.27652470245947636,-0.7146559088112665,-0.7090080560662626,-0.25079447763736906,-0.4747323695922275,0.5219991538475678,-0.00602402898200218,0.4353364457288965
2024-01-22,Clothing & Apparel,191080.78,191080.78,61689.43,411,464.9167396593674,0.3242545526305373,250.792603406326,751,0,166785.59,194945.73,420515.27,453342.64,484422.63,194112.32,237065.3025,328684.00625,402354.44249999995,123038.45799333433,0.14566720062566563,-0.545603231007521,-0.01561745282319027,948261.21,1,True,False,False,239722.78405660376,-0.313550920578789,0.1947717560483651,0.21385176184690158,-0.28617367832468404,-0.37149454934735143,0.27882037533512066,-0.4527786903383068,0.8091207968980817,-0.15870596594704595,0.27929024931729096,-0.4873639204067936,-0.13235056236918907,-0.1734329036371623,-0.609669303989652,-0.6857319997529152,-0.11513104127535831,-0.5968936259963484,0.5603221000993627,-0.28215414701110403,0.18070408418105263
2024-01-29,Clothing & Apparel,149038.81,149038.81,48631.659999999996,331,450.2683081570997,0.33051462833008677,256.63821752265864,578,0,191080.78,166785.59,166014.62,415490.71,560051.36,141580.38,179706.68,295901.27375,377909.28833333333,15449.119387465169,-0.22002197185923145,-0.10225490983866359,0.05267982752977485,718826.72,1,True,False,False,239722.78405660376,-0.5124947011637346,-0.2552174144534259,-0.17496962332928312,-0.31193049112297694,-0.35372582046462,-0.18498659517426275,-0.3382459647064474,-0.41734646774414386,-0.435855079181461,0.12624484930872118,-0.6695250020998471,-0.43245227067145414,-0.4906384384750518,-0.6581718101119277,-0.6529491027704677,-0.5062939494524893,-0.49149887529635783,-0.5667428957863974,-0.5406607427747975,0.022397341981446713
2024-02-05,Clothing & Apparel,119890.15,119890.15,39696.86,275,435.96418181818177,0.33553954846942075,251.70883636363635,480,0,149038.81,191080.78,194945.73,400515.86,565680.16,132357.63,175462.7275,262594.78625,343658.2425,21579.520241413586,-0.1955776485332914,-0.3850075608221838,-0.09419540074871402,701850.91,1,True,False,False,239722.78405660376,-0.6504269773959184,-0.5631232238373711,-0.4471445929526124,-0.33708190097171076,-0.3687095049212434,-0.4477211796246649,-0.5364408096544747,-0.27792419379410344,-0.45636128418985317,-0.029245688349112262,-0.7958214490908668,-0.6377973443968357,-0.7126823128615745,-0.7055342854199337,-0.6805936567056884,-0.7278775621771069,-0.6738807766968606,-0.4386204671280796,-0.5597875918088344,-0.13843859596963462
2024-02-12,Clothing & Apparel,121183.29,121183.29,39163.31,271,447.17081180811806,0.32147321704724285,250.5511439114391,493,0,119890.15,149038.81,166785.59,411861.63,588627.11,116696.35,156698.8325,227516.5725,306509.075,29985.641246231797,0.010786040387805063,-0.27341870481736463,0.038449703011276704,626795.33,1,True,False,False,239722.78405660376,-0.6443078026658662,-0.581510109340886,-0.4665856622114216,-0.3173769195403651,-0.37222850615931735,-0.4128686327077748,-0.6738538316689704,-0.4136310765770831,-0.5470258893252655,-0.1930074874900126,-0.7902184818374163,-0.650059718942005,-0.728542589603469,-0.6684279481569431,-0.6870861332261108,-0.6984838176320046,-0.800330323044874,-0.5633286282791118,-0.6443536153341971,-0.30783014198990377
2024-02-19,Clothing & Apparel,133460.28,133460.28,43074.23,296,450.87932432432433,0.32451082898418215,260.3845608108108,517,0,121183.29,119890.15,191080.78,420515.27,453342.64,115394.42,145298.2575,191181.78,267555.42333333334,33352.33466953581,0.10130926466842083,-0.3015504751445959,0.1565574834554393,581193.03,1,True,False,False,239722.78405660376,-0.5862127418301447,-0.4467342902922379,-0.3450789793438639,-0.31085612155422826,-0.34233817891592006,-0.3485254691689008,-0.6677576929343656,-0.29654982266569563,-0.6021119272023508,-0.3626355943719171,-0.737024262386358,-0.5601765479998383,-0.6294158599666284,-0.6561486709528284,-0.6319391654683751,-0.6442184430872002,-0.7947205637501252,-0.4557365328664134,-0.6957342745018517,-0.4832896656636451
2024-02-26,Clothing & Apparel,156233.27,156233.27,50990.86,328,476.3209451219512,0.3262450418904995,254.55469512195123,613,0,133460.28,121183.29,149038.81,166014.62,415490.71,156263.87,130893.13249999999,155299.90625,240898.56000000003,13554.857966686986,0.17063496345129803,0.04827239294248242,-0.00019582261721795557,523572.52999999997,1,True,False,False,239722.78405660376,-0.4784503147644492,-0.17391605510586292,-0.18955042527339003,-0.26612129352378805,-0.3600590378003024,-0.09115281501340483,-0.6098813343936387,-0.4991548059774102,-0.6717155446842892,-0.5301492609378677,-0.6383525661793276,-0.37823168398423995,-0.5025336460314727,-0.5719087734384438,-0.6646337434025223,-0.42715694490798306,-0.7414618610852654,-0.6419208618458453,-0.7606559839675989,-0.6565620595185521
2024-03-04,Clothing & Apparel,171513.87,171513.87,55550.33,359,477.7545125348189,0.3237453460284338,259.9990807799443,653,0,156233.27,133460.28,119890.15,194945.73,400515.86,150093.0,132691.7475,154077.23750000002,219293.77333333335,16843.58845776014,0.09780631231747261,0.4305918376113467,0.14271731526453602,530766.99,1,True,False,False,239722.78405660376,-0.40614208720978606,-0.01679028836102053,-0.038882138517618466,-0.26360060538859414,-0.34350991040928647,0.0160857908847185,-0.502524585362778,-0.6396254778526539,-0.6630248800453308,-0.5358572606575899,-0.5721441885766873,-0.27344313770467393,-0.3796165012817905,-0.5671620801007614,-0.6341009831814841,-0.33671465399997585,-0.6426705528574483,-0.771006718259082,-0.7525498994684547,-0.6624662868919646
2024-03-11,Clothing & Apparel,176546.45,176546.45,56751.82,387,456.1923772609819,0.32467250699119726,244.15687338501294,731,0,171513.87,156233.27,121183.29,166785.59,411861.63,165303.89,145597.6775,151148.255,200210.27416666667,22569.47493553009,0.029342116762918424,0.4568547363254456,0.06801146663880675,582390.71,1,True,False,False,239722.78405660376,-0.38232777757357755,0.02461475158578476,0.09720534629404617,-0.30151400804154777,-0.391664968629438,0.225201072386059,-0.430488566410459,-0.6333936907094798,-0.6006651702220094,-0.5495311451737938,-0.5503388303475931,-0.24582975490591982,-0.26859456408852916,-0.6385565906984806,-0.7229459604015044,-0.16035218672936188,-0.576381915989563,-0.7652800027132487,-0.6943848340597706,-0.6766102475131441
2024-03-18,Clothing & Apparel,158568.03,158568.03,50818.24,350,453.0515142857143,0.32289951472786776,254.91891428571427,614,0,176546.45,171513.87,133460.28,191080.78,420515.27,135596.81,159438.4675,152368.3625,180600.6758333333,19353.190327495144,-0.1018339366212122,0.18812900737208094,0.16940826262800734,637753.87,1,True,False,False,239722.78405660376,-0.46740216499509946,-0.17986478376412696,-0.08262454434993925,-0.30703668940620676,-0.35895193229419,-0.08847184986595175,-0.4067639071523761,-0.5742294946913559,-0.5337883432033034,-0.5438351025882359,-0.6282364273044443,-0.3821989430864555,-0.41530212395105304,-0.6489563202301758,-0.6625911591526801,-0.42489588763528285,-0.5545501248211153,-0.7109109247409938,-0.6320064966863413,-0.6707183883321468
2024-03-25,Clothing & Apparel,157736.53,157736.53,50797.04,354,445.583418079096,0.3245864045620767,256.5582768361582,626,0,158568.03,176546.45,156233.27,149038.81,166014.62,191359.16,165715.405,148304.26875,158771.73916666667,9864.576113504572,-0.00524380608121322,0.00962189423545956,-0.17570431433750022,662861.62,1,True,False,False,239722.78405660376,-0.47133684630419087,-0.18059536566399476,-0.06318347509113001,-0.3201680854825532,-0.3539688136483741,-0.05630026809651475,-0.491518027007143,-0.46448389383326477,-0.5034590293856145,-0.5628082267364769,-0.6318391828229839,-0.3826861745368492,-0.39944184720915854,-0.6736839766981855,-0.6533974196176109,-0.3977632003628807,-0.632542150974429,-0.6100599450650817,-0.6037172931765034,-0.690343764025167
2024-04-01,Clothing & Apparel,171787.73,171787.73,56154.62,387,443.89594315245483,0.3269807424906952,248.88837209302326,683,0,157736.53,158568.03,171513.87,119890.15,194945.73,172267.38,166091.22,149391.48375,158081.89833333335,9400.641824681874,0.0890801896047797,0.001596722177629184,-0.0027843344456739416,664364.88,1,True,False,False,239722.78405660376,-0.4048461740127833,0.004034397312147826,0.09720534629404617,-0.32313522744451556,-0.37728278121875514,0.09651474530831099,-0.4954378959755639,-0.3908449633075785,-0.5016431420882829,-0.5577325895982268,-0.5709575973243635,-0.2595549729330494,-0.26859456408852916,-0.6792713846706998,-0.6964111547112173,-0.2688829358189705,-0.6361492738331942,-0.5423892755554676,-0.6020235520779104,-0.6850936383768382
2024-04-08,Clothing & Apparel,201039.86,201039.86,64478.13,435,462.1605977011494,0.32172716923017564,244.06259770114943,817,0,171787.73,157736.53,176546.45,121183.29,166785.59,168930.88999999998,166159.685,155878.68125000002,156152.065,9454.144478844088,0.17028067138438807,0.13873634955559844,0.19007163225150836,664638.74,1,True,False,False,239722.78405660376,-0.2664242748400685,0.2908742911503268,0.330498177399757,-0.29101989223177377,-0.3919515354526097,0.45576407506702415,-0.4291975317553877,-0.36659239410316513,-0.5013123284597374,-0.5274472637388862,-0.44421283149569707,-0.06825894228838465,-0.07827124318579544,-0.6187951815405444,-0.723474669613324,0.03409873872285353,-0.5751938863249791,-0.5201023196793441,-0.6017149907264071,-0.6537671739879887
2024-04-15,Clothing & Apparel,159598.19,159598.19,52024.98,393,406.1022646310433,0.32766167455056144,239.55312977099237,667,0,201039.86,171787.73,158568.03,133460.28,191080.78,157769.93,172283.0375,165860.7525,159006.5875,20222.944732728247,-0.20613658405850455,0.006496643743382657,0.011588139767825245,689132.15,1,True,False,False,239722.78405660376,-0.4625274189970554,-0.138278821412873,0.12636695018226002,-0.3895890796869322,-0.40565882290979177,0.05361930294906166,-0.2912967300149,-0.4532324227238743,-0.47172511660860306,-0.4808462036420717,-0.6237729100164363,-0.35446490155588206,-0.24480414897568742,-0.804410251830935,-0.7487643003788825,-0.30505985218217335,-0.448295477677271,-0.5997203790569231,-0.57411797147379,-0.6055640786544363
2024-04-22,Clothing & Apparel,166530.43,166530.43,53381.87,363,458.76151515151514,0.3236387963675615,250.4132782369146,654,0,159598.19,201039.86,157736.53,156233.27,149038.81,167529.38,172540.5775,169127.99125000002,156383.03833333333,19995.341948861846,0.043435580315791755,0.05575056076103602,-0.0059628346980095115,690162.31,1,True,False,False,239722.78405660376,-0.4297238649884735,-0.09151847829439452,-0.019441069258809233,-0.2969966094593705,-0.37264757210245175,0.01876675603217158,-0.48666163227893067,-0.45723951477079056,-0.47048071812915226,-0.4655931779396763,-0.5937366311038198,-0.32328002029527936,-0.363756224539896,-0.6300499033957979,-0.6878593002733034,-0.3344535967272757,-0.6280732229116683,-0.6034027057782065,-0.5729572778278959,-0.5897866896737949
2024-04-29,Clothing & Apparel,165398.08,165398.08,52227.53,408,405.38745098039215,0.31933711206791554,243.46735294117644,680,0,166530.43,159598.19,171787.73,171513.87,119890.15,196656.52,174739.0525,170415.13625,157840.67333333334,18230.65166363819,-0.006799658176586787,-0.037195031333145945,-0.15894942105148613,698956.21,1,True,False,False,239722.78405660376,-0.435082176931167,-0.13129866274220137,0.19927095990279464,-0.3908459597414715,-0.3937608821779221,0.08847184986595175,-0.45398156919096144,-0.3895252011572856,-0.4598579840019855,-0.45958417239402727,-0.5986429211957239,-0.3498097727692192,-0.18532811119358314,-0.8067770754366996,-0.7268128727956062,-0.27566610763707106,-0.5980005333549082,-0.5411764770035846,-0.5630490850688809,-0.583571108599566
2024-05-06,Clothing & Apparel,184639.85,184639.85,60025.22,418,441.7221291866029,0.3242130701057493,251.67665071770335,734,0,165398.08,166530.43,201039.86,176546.45,121183.29,192542.92,173141.63999999998,169650.66249999998,161633.00083333332,18845.039455241866,0.11633611466348359,-0.0815759123588724,-0.041045757486175116,692566.5599999999,1,True,False,False,239722.78405660376,-0.3440295818946834,0.1374207322946319,0.24787363304981774,-0.3269575151323199,-0.3688073386141827,0.23324396782841822,-0.45931970945120376,-0.248555895711273,-0.4675764653487886,-0.46315309975128177,-0.5152714322552926,-0.1705984610512544,-0.14567741933884695,-0.6864691126439029,-0.6807741576238019,-0.15356901491126135,-0.602912770960588,-0.4116324000902263,-0.5702483804739504,-0.5872627273155965
2024-05-13,Clothing & Apparel,189725.26,189725.26,62212.48,413,459.383196125908,0.32544557853643835,249.6752784503632,739,0,184639.85,165398.08,159598.19,158568.03,133460.28,193930.76,169041.6375,170662.3375,166921.04750000002,10833.045251213936,0.027542320902015582,0.18876824354962918,-0.021685574789682693,676166.55,1,True,False,False,239722.78405660376,-0.3199652792175137,0.21279679674298316,0.2235722964763062,-0.2959034876138529,-0.3748908467801468,0.24664879356568364,-0.3686098872978744,-0.4482679657869516,-0.48738712340867973,-0.45843011929034333,-0.49323717014881485,-0.12032950528765826,-0.16550276526621505,-0.6279914519321088,-0.6919980905687465,-0.14226372854776045,-0.5194402172503039,-0.5951582796038896,-0.5887264687316945,-0.582377381854696
2024-05-20,Clothing & Apparel,212911.41,212911.41,69250.86,471,452.0412101910828,0.3279163516184686,249.19779193205946,846,0,189725.26,184639.85,166530.43,157736.53,156233.27,187491.03,176573.405,174556.99125,171609.79583333334,12433.664793422296,0.12220908275471598,0.278513542539943,0.13558184623552383,706293.62,1,True,False,False,239722.78405660376,-0.2102477674498769,0.4553492982709158,0.5054678007290401,-0.30881313990404624,-0.376342247491869,0.5335120643431636,-0.3446361761124293,-0.4148607213235547,-0.4509946405921201,-0.44024802171615157,-0.3927753182351821,0.041430876590755505,0.06447124749125484,-0.6523015439510661,-0.6946758915710952,0.09966939963115873,-0.49737924472211037,-0.5644586132294458,-0.554781937087675,-0.5635702263755736
2024-05-27,Clothing & Apparel,187218.36,187218.36,60542.84,429,436.4064335664335,0.3271459645123503,249.64531468531467,754,0,212911.41,189725.26,165398.08,171787.73,171513.87,203473.88,188168.65,181453.85124999998,176332.97416666665,19541.22560703277,-0.12067483842223403,0.13192583614029862,-0.0798899593402358,752674.6,1,True,False,False,239722.78405660376,-0.3318280002923921,0.15525864753093446,0.30133657351154314,-0.3363042753612367,-0.3749819266918306,0.2868632707774799,-0.23533170241170356,-0.4203176433672416,-0.3949679835801637,-0.40805019630598777,-0.5040991639063938,-0.15870219957234818,-0.10206165829863716,-0.7040699431028845,-0.6921661309154482,-0.10834786945725777,-0.3967956107211997,-0.5694732646580031,-0.5025239298108094,-0.5302655151832784
2024-06-03,Clothing & Apparel,210381.75,210381.75,67779.21,460,457.35163043478263,0.32281038182005856,248.48010869565218,840,0,187218.36,212911.41,184639.85,201039.86,176546.45,208234.87,193623.72,183382.68,177641.68166666664,13024.995621425442,0.12372392323060621,0.13941681603402523,0.010309896704620236,774494.88,1,True,False,False,239722.78405660376,-0.22221818948277672,0.404634163698247,0.4520048602673147,-0.29947565554088657,-0.3785237665927916,0.517426273458445,-0.3564542392717012,-0.3275893889648467,-0.3686098224661714,-0.3990455055715659,-0.40373592740539105,0.007608510365662978,0.020855486451045027,-0.634718180821571,-0.6987007442447319,0.08610305599495766,-0.5082544056296732,-0.4842604157875394,-0.47793875823782306,-0.5209512642838623
2024-06-10,Clothing & Apparel,180274.63,180274.63,58910.11,416,433.35247596153846,0.3287000509500405,246.08134615384614,743,0,210381.75,187218.36,189725.26,159598.19,158568.03,196770.27,200059.195,184550.41625,180461.29,13458.724905130648,-0.14310708984976117,-0.04981218631615003,-0.08383197319391789,800236.78,1,True,False,False,239722.78405660376,-0.36468592530306837,0.09899246897568445,0.23815309842041313,-0.3416741481910361,-0.38581520944399084,0.257372654155496,-0.24725706108236592,-0.3030822260468572,-0.3375144768711434,-0.3935939569099111,-0.5341852271376006,-0.1962266055158099,-0.1536075577097942,-0.7141819197609767,-0.7121532889608919,-0.13321949945695974,-0.407769506585185,-0.46173950041570283,-0.4489350503058141,-0.5153123041549015
2024-06-17,Clothing & Apparel,195697.76,195697.76,62760.46,442,442.75511312217196,0.3219604167643,255.7333936651584,768,0,180274.63,210381.75,212911.41,166530.43,157736.53,216733.61,197696.5375,187134.97125,182270.17333333334,16388.22774658411,0.0855535246418202,-0.08084888451962247,-0.09705855035589528,790786.15,1,True,False,False,239722.78405660376,-0.2917032417929214,0.2316809603981532,0.3645200486026732,-0.32514118593366287,-0.3564761850098315,0.32439678284182305,-0.3891884686789093,-0.19134556066669284,-0.3489305186528588,-0.38152802391243607,-0.4673592900111391,-0.10773549159960326,-0.05051575888748011,-0.6830487935707383,-0.6580234622333706,-0.07669306763945526,-0.5383769398546799,-0.35905882728439015,-0.45958318864422276,-0.502831572657437
2024-06-24,Clothing & Apparel,191830.07,191830.07,62635.82,427,449.25074941451993,0.33249212034912157,253.24634660421546,784,0,195697.76,180274.63,187218.36,165398.08,171787.73,200383.25,193393.125,190780.88749999998,185433.60916666666,12963.376048755654,-0.01976358850504989,0.02463278708348904,-0.0426841065807646,773572.5,1,True,False,False,239722.78405660376,-0.3100052592942561,0.22738569020949595,0.2916160388821385,-0.3137196977038887,-0.36403598352971966,0.3672922252010724,-0.31648053280047,-0.3151632591826532,-0.3697240263466131,-0.364507151388189,-0.48411736757157225,-0.11060004480606915,-0.10999179666958439,-0.6615410547395255,-0.6719711169992897,-0.04051615127625239,-0.47146999484360796,-0.4728413944115965,-0.47897801486310426,-0.48522556242415027
2024-07-01,Clothing & Apparel,191202.38,191202.38,62235.71,418,457.42196172248805,0.32651259303066177,256.7725358851675,764,0,191830.07,195697.76,210381.75,184639.85,201039.86,177760.93,194546.0525,194084.88625,187103.80416666667,12425.052737528984,-0.003272114741969312,-0.09116460909750967,0.07561532221956768,778184.21,1,True,False,False,239722.78405660376,-0.3129755059700271,0.2135973353059043,0.24787363304981774,-0.2993519897538014,-0.3533175371739519,0.3136729222520107,-0.3347136512736775,-0.20353627680307543,-0.3641532364579862,-0.34908251250790134,-0.4868370472004744,-0.11979561912762784,-0.14567741933884695,-0.6344853064887805,-0.6521958294696051,-0.08573729673025597,-0.4882483869177118,-0.37026151473329205,-0.47378194581198046,-0.46927066060673545
2024-07-08,Clothing & Apparel,163549.94,163549.94,51675.07,392,417.2192346938776,0.31929712003390237,232.97869897959183,696,0,191202.38,191830.07,180274.63,189725.26,159598.19,183186.23,189751.21,194905.2025,186284.01416666666,6623.055152713578,-0.14462393198243662,-0.09277339800947038,-0.10719304611487446,759004.84,1,True,False,False,239722.78405660376,-0.4438276272193019,-0.15033721351583415,0.12150668286755771,-0.370041750216994,-0.4256429128558395,0.13136729222520108,-0.3376727162800373,-0.3486258752487188,-0.38732126750639023,-0.34525288577941615,-0.6066506140207795,-0.36250674857509335,-0.24876921816116104,-0.7676007880702379,-0.7856344876788838,-0.23948919127386817,-0.4909713634026406,-0.503591944651377,-0.49539157236635034,-0.46530938028603924
2024-07-15,Clothing & Apparel,170763.74,170763.74,53870.89,385,443.5421818181818,0.32112734087881134,254.9894025974026,664,0,163549.94,191202.38,195697.76,212911.41,166530.43,183488.51,185570.0375,191633.2875,186613.32666666666,14814.03327800068,0.044107628532300325,-0.12741086050244022,-0.06934913799234632,742280.15,1,True,False,False,239722.78405660376,-0.40969172339786636,-0.07466615939470611,0.08748481166464156,-0.3237572574864852,-0.35873767119606303,0.045576407506702415,-0.46803223697411106,-0.2743000766178648,-0.4075241280380412,-0.3605277424427233,-0.5753943809965575,-0.312041061622093,-0.27652470245947636,-0.6804427258671102,-0.6621958523440953,-0.3118430240002739,-0.6109301708886675,-0.43529007607070525,-0.5142354814800284,-0.4811093507248678
2024-07-22,Clothing & Apparel,173241.19,173241.19,55522.02,390,444.2081794871795,0.32426477465633663,252.64051282051284,673,0,170763.74,163549.94,191830.07,187218.36,165398.08,164146.89,179336.5325,186364.82875000002,186966.1025,14371.222288153247,0.014508056569854988,-0.09690284740030597,0.05540342555378297,717346.13,1,True,False,False,239722.78405660376,-0.39796836054854756,-0.017765890888627307,0.1117861482381531,-0.3225862121577196,-0.36587751737652874,0.06970509383378017,-0.43402483978301665,-0.2929389098577174,-0.4376435818846236,-0.38512341569303576,-0.564659989343634,-0.2740937755518744,-0.2566993565321083,-0.6782375371400453,-0.6753687046820137,-0.2914935085459723,-0.5796360483648433,-0.4524182759945066,-0.542328941312087,-0.506550565581668
2024-07-29,Clothing & Apparel,193583.89,193584.31,62456.39,414,467.5939371980677,0.32347561297185967,254.63538647342995,755,0,173241.19,170763.74,191202.38,210381.75,184639.85,159197.51,174689.3125,184617.6825,187619.69500000004,11751.2296687246,0.11742415299733278,0.01245544119273001,0.2159982276104695,698757.25,1,True,False,False,239722.78405660376,-0.30170613389015416,0.2212022793466046,0.2284325637910085,-0.28146627495404475,-0.3598137628438867,0.289544235924933,-0.422345610227016,-0.2959638185852326,-0.46009832096077974,-0.3932799260359343,-0.4765183481085235,-0.1147238155204159,-0.16153769608074145,-0.6008048197620233,-0.664181216737187,-0.1060868121845576,-0.5688886442440403,-0.4551980230296027,-0.5632732556907134,-0.5149874776354073
2024-08-05,Clothing & Apparel,181023.63,181023.63,59917.83,396,457.1303787878788,0.3246216327063114,246.347297979798,741,0,193583.89,173241.19,163549.94,180274.63,189725.26,180000.1,175284.69,182517.95,188365.03166666665,12873.486439905146,-0.06488277511109009,0.10684008811009038,0.005686274618736276,701138.76,1,True,False,False,239722.78405660376,-0.3611416363066649,0.13371992143487657,0.14094775212636695,-0.29986468949648337,-0.38500680406567445,0.2520107238605898,-0.3264457684183606,-0.42922403795002895,-0.45722153733222026,-0.40308247682615567,-0.530939930825651,-0.17306656413888574,-0.23290894141926657,-0.635450768427067,-0.7106617995914324,-0.1377416140023601,-0.4806401557545615,-0.5776578170412535,-0.560589979767912,-0.5251270171495596
2024-08-12,Clothing & Apparel,176576.87,176576.87,57711.69,372,474.66900537634405,0.33005690529867265,249.7294623655914,691,0,181023.63,193583.89,170763.74,195697.76,212911.41,170490.07,179653.1125,182611.575,187639.89583333334,10264.478774919813,-0.02456452784644747,0.03404194590725185,0.03570178603363816,718612.45,1,True,False,False,239722.78405660376,-0.38218382928082656,0.05769322555871851,0.024301336573511544,-0.26902595282298164,-0.37472614564176604,0.11796246648793565,-0.38565752236820905,-0.39445992417005993,-0.4361139101030576,-0.40264539076031897,-0.550207025389236,-0.22376943168471927,-0.3280706018706334,-0.5773785206678682,-0.6916942207484538,-0.25079447763736906,-0.535127709522491,-0.5457112523966419,-0.540902163357528,-0.5246749050890888
2024-08-19,Clothing & Apparel,191718.94,191718.94,61672.84,426,450.0444600938967,0.3219129160411728,241.82514084507042,796,0,176576.87,181023.63,173241.19,191830.07,187218.36,167879.2,181106.395,180221.46375000002,184612.0175,8908.287862774425,0.08575341719444918,0.10665910341530216,0.14200532287501955,724425.58,1,True,False,False,239722.78405660376,-0.3105311295695169,0.19420004125030796,0.2867557715674362,-0.3123240904416676,-0.39875266249782404,0.39946380697050937,-0.406620500761493,-0.3825208138975011,-0.42909184544043266,-0.4138035677768697,-0.48459887595494605,-0.13273184396173784,-0.11395686585505801,-0.6589129947264226,-0.736022592920572,-0.013383464003850236,-0.5544181600858614,-0.5347397787518509,-0.5343524399613996,-0.5362166740823271
2024-08-26,Clothing & Apparel,176382.96,176382.96,57237.340000000004,401,439.85775561097256,0.32326784207043835,259.2396259351621,689,0,191718.94,176576.87,193583.89,191202.38,210381.75,196389.16,185725.83250000002,180207.5725,184987.06583333333,8235.70738426145,-0.07999199244477362,-0.0888551728142255,-0.10187018468840137,742903.3300000001,1,True,False,False,239722.78405660376,-0.3831014168366244,0.041346455549174474,0.1652490886998785,-0.3302357037333425,-0.34581840135088104,0.1126005361930295,-0.3352375418791624,-0.2844870539662891,-0.4067713476501168,-0.41386841874415475,-0.5510472061740828,-0.23467123538727944,-0.21308359549189848,-0.6926422507544385,-0.6383600959870578,-0.2553165921827694,-0.48873047899623806,-0.4446514230175717,-0.5135333370886248,-0.5362837544738893
2024-09-02,Clothing & Apparel,196573.12,196573.12,64756.91,455,432.02883516483513,0.3296629701734177,246.62613186813186,802,0,176382.96,191718.94,181023.63,163549.94,180274.63,184191.99,181425.6,178355.145,182153.83333333334,7189.177723478122,0.11446774677100335,0.0858975703890148,0.06721861249232397,725702.4,1,True,False,False,239722.78405660376,-0.287561013734321,0.3004814431335898,0.42770352369380316,-0.3440015487873111,-0.3841592414885827,0.4155495978552279,-0.4075346340046277,-0.3450163599833667,-0.4275494900135743,-0.4225164320763069,-0.4635664961798598,-0.06185184871570668,0.0010301405236769342,-0.7185646344451979,-0.7090980660889207,0.00018287963235084052,-0.5552593593565086,-0.5002749720545745,-0.5329138315307186,-0.5452290662378176
2024-09-09,Clothing & Apparel,229388.67,229388.67,73835.05,503,456.04109343936386,0.322146047995157,244.3082703777336,930,0,196573.12,176382.96,176576.87,170763.74,195697.76,186586.6,185312.9725,182483.04249999998,183512.04083333336,10390.571871873975,0.16693813477651487,0.2990867376910691,0.22939519772588168,741251.89,1,True,False,False,239722.78405660376,-0.1322769112297449,0.6133269510801325,0.660996354799514,-0.3017800152978348,-0.391204771965105,0.7587131367292225,-0.31235389840456274,-0.36644579670079935,-0.4087662313816772,-0.4032454416522514,-0.3213820056730523,0.1467875531275731,0.19135346142641063,-0.639057507433702,-0.7220969081176825,0.2895982105379738,-0.4676726033034413,-0.5199676036494446,-0.5153940343731003,-0.525295584324469
2024-09-16,Clothing & Apparel,200584.32,200584.32,65025.47,450,445.7429333333333,0.32715970411540973,255.37439999999998,796,0,229388.67,196573.12,191718.94,173241.19,191830.07,165390.2,198515.92250000002,189811.15875,186319.61666666667,22308.204917210263,-0.12557006411868554,0.046241545045053956,0.21279447028904963,794063.6900000001,1,True,False,False,239722.78405660376,-0.26857990289003053,0.3097363995028596,0.40340218712029163,-0.3198876046309872,-0.35756740673262627,0.39946380697050937,-0.15765437209468147,-0.2934744578302656,-0.34497136105370996,-0.36903430678756144,-0.4461866129135148,-0.05567963747430363,-0.01879520540369116,-0.6731558048188928,-0.660036741267537,-0.013383464003850236,-0.3253157536005545,-0.4529104190715195,-0.4558903449576465,-0.4899083508167833
2024-09-23,Clothing & Apparel,205738.41,205738.41,66035.9,451,456.1827272727273,0.32121797719185574,249.3780487804878,801,0,200584.32,229388.67,176382.96,193583.89,191202.38,205485.68,200732.2675,193229.05000000002,187049.13749999998,21843.371049064535,0.025695378382517564,0.16643019257642577,0.0012299153887511682,802929.07,1,True,False,False,239722.78405660376,-0.24419060452758315,0.3445572423841572,0.4082624544349939,-0.30153097592926614,-0.37579432643426275,0.4128686327077748,-0.29344424307548256,-0.3673802708064128,-0.3342622815012587,-0.35307796350403425,-0.4238547714335996,-0.03245731320914537,-0.01483013621821754,-0.6385885428303063,-0.6936649897950276,-0.0020781776403493387,-0.450271651756744,-0.5208263408406942,-0.44590161482404056,-0.4734034658447926
2024-09-30,Clothing & Apparel,339150.77,339150.77,110073.7,753,450.39942895086324,0.3265245217617714,252.72374501992033,1342,0,205738.41,200584.32,196573.12,181023.63,163549.94,338125.13,208071.13,194748.365,188260.4733333333,14698.476703233046,0.6484562605495008,0.7253161062916438,0.003033314915102725,832284.52,1,True,False,False,239722.78405660376,0.38712042288525633,1.8621619400257732,1.8760631834750912,-0.31169993717333333,-0.3656245190847918,1.8632707774798927,-0.2691467596702526,-0.27008161829653166,-0.29880188957806864,-0.3459850778846303,0.15419948741352543,0.9796465153828336,1.1826207577948153,-0.6577376552946499,-0.6749019286402674,1.2211538068904477,-0.42791273912279,-0.43141351381124327,-0.4128264767024298,-0.4660667434399415
2024-10-07,Clothing & Apparel,348450.33,348450.33,113213.84,799,436.10804755944935,0.32654508284071065,241.97852315394243,1441,0,339150.77,205738.41,229388.67,176576.87,170763.74,356891.71,243715.5425,214514.2575,202893.87583333332,64847.78811667446,0.02742013529852816,0.5190389743312083,-0.023652496719523186,974862.17,1,True,False,False,239722.78405660376,0.43112620149592884,1.9703755931885638,2.0996354799513974,-0.336828937166996,-0.3982864311305945,2.128686327077748,0.35978766001441964,-0.11193979097219985,-0.12657290489251935,-0.25370848305871413,0.19449298243455923,1.0518151458846938,1.3650139403266017,-0.7050579307333903,-0.7351624067484072,1.4449984768877655,0.15084224993049167,-0.2860887072705175,-0.2521825258583898,-0.3706178955337266
2024-10-14,Clothing & Apparel,364739.96,364739.96,118743.97,793,459.94950819672135,0.32718917190215363,254.66163934426228,1416,0,348450.33,339150.77,200584.32,191718.94,173241.19,389321.4,273480.9575,235998.44,217701.09166666667,81314.00778755835,0.046748786261731956,0.8183871999566068,-0.06313919553356173,1093923.83,1,True,False,False,239722.78405660376,0.5082091872963076,2.1609516725242446,2.0704738760631836,-0.2949077227095288,-0.3597339628203255,2.0616621983914207,0.4036277762669377,-0.2507511942212575,0.01724955828299291,-0.15341009260057842,0.26507332443993187,1.1789119978076181,1.34122352521376,-0.6261163327647433,-0.6640339875251894,1.388472045070261,0.19118458962075974,-0.41364977485223875,-0.11803432341256606,-0.26687148146050116
2024-10-21,Clothing & Apparel,376120.8,376120.8,121236.56,840,447.7628571428571,0.3239125084925495,250.08307142857143,1516,0,364739.96,348450.33,205738.41,176382.96,193583.89,329511.27999999997,314519.86750000005,257626.0675,233659.3225,73288.06367106328,0.031202613500313836,0.8281506112543593,0.1414504535322736,1258079.4700000002,1,True,False,False,239722.78405660376,0.5620636412106309,2.2468498394012117,2.298906439854192,-0.3163359070024278,-0.3736512913244046,2.329758713136729,0.48042057860495213,-0.22591305465650655,0.21554402594750105,-0.05244203260210677,0.3143846703396498,1.2361982355876635,1.5275817769310203,-0.6664676234308179,-0.6897111392016672,1.6145777723402788,0.2618504906836898,-0.3908247077074404,0.06692180795116408,-0.16243237617751077
2024-10-28,Clothing & Apparel,433264.93,433264.93,140449.18,976,443.9189856557377,0.32424556762775225,252.15173155737705,1716,0,376120.8,364739.96,339150.77,196573.12,181023.63,484422.63,357115.46499999997,282593.2975,248870.7316666667,16504.045094851375,0.1519302575130117,0.2774994731694107,-0.10560551227757464,1428461.8599999999,1,True,False,False,239722.78405660376,0.8324712662681059,2.9089438215257335,2.959902794653706,-0.3230947110627194,-0.367363250367927,2.8659517426273458,0.5340722942400259,0.41701611758200785,0.42136019726184953,0.06411688152916534,0.5619809778677811,1.677754495420871,2.0668311861554325,-0.6791950885050403,-0.6781098479524121,2.0667892268803145,0.3112216128916856,0.19999657693175224,0.25889369333326984,-0.04186643973373613
2024-11-04,Clothing & Apparel,569853.42,569853.42,184832.15,1297,439.362698535081,0.3246682503142178,244.02640709329222,2333,0,433264.93,376120.8,348450.33,229388.67,176576.87,560051.36,380644.005,312179.77375,269890.84,36872.720217415655,0.31525397174426284,0.6353935437512717,0.017502073381270078,1522576.02,1,True,False,False,239722.78405660376,1.4788118298760682,4.438443564185151,4.520048602673147,-0.3311061786661867,-0.39206154290200995,4.520107238605898,0.8034619537883275,0.4618317434579192,0.5350469232061568,0.20224063593326522,1.153796896227954,2.69779123343419,3.339618394692464,-0.6942814370967161,-0.7236776308327106,3.4618615641363255,0.5591180621607735,0.24118000240881635,0.3649332478691184,0.10100568565433261
2024-11-11,Clothing & Apparel,566334.53,566334.89,183997.91,1332,425.1760735735736,0.32499798894702314,251.4319069069069,2267,0,569853.42,433264.93,364739.96,200584.32,191718.94,565680.16,435994.7775,354737.8675,302663.88583333336,94141.25988453907,-0.006175079198436739,0.5527076605480792,0.0011567844274404937,1743979.11,1,True,False,False,239722.78405660376,1.4621603437524977,4.409694477197142,4.690157958687728,-0.3560509820273225,-0.36955127865764503,4.343163538873995,1.4473693300895614,0.5403333030733227,0.8024943765548639,0.4009220753639462,1.138550112864594,2.6786182162088843,3.4783958161840407,-0.7412548529155647,-0.6821467099299855,3.3126317841381137,1.151651392916292,0.31331919643024836,0.6143907687826596,0.3065173273635133
2024-11-18,Clothing & Apparel,560259.16,560259.16,179388.01,1334,419.9843778110945,0.3237653505761541,241.91174662668666,2319,0,566334.53,569853.42,376120.8,205738.41,176382.96,588627.11,486393.42,400456.64375000005,333881.8516666667,97191.97470192116,-0.01072752883353234,0.4895723926993669,-0.04819341399345323,1945573.68,1,True,False,False,239722.78405660376,1.433411522604194,4.250830821527285,4.699878493317132,-0.3651797092797361,-0.39848940963463614,4.482573726541555,1.4307805294710565,0.5951788514211591,1.046013806908919,0.6143590852008646,1.1122265135925922,2.5726706566253865,3.486325954554988,-0.7584451067298147,-0.7355368974298491,3.430206762318523,1.13638612706364,0.3637196429036717,0.8415297922797179,0.5272918014098799
2024-11-25,Clothing & Apparel,583406.08,583406.08,189328.28,1294,450.85477588871714,0.3259322404627437,252.8162055641422,2313,0,560259.16,566334.53,433264.93,339150.77,196573.12,453342.64,532428.01,444771.73750000005,365871.535,66227.39301725883,0.041314665877127066,0.34653427869179243,0.28689875719610214,2129712.04,1,True,False,False,239722.78405660376,1.5429433969121122,4.593386545197086,4.50546780072904,-0.3108992858657334,-0.36534346968434683,4.466487935656836,1.4021399349615247,0.8705628428233804,1.2684467252833078,0.8212430369698644,1.2125183882374424,2.8011240608426267,3.3277231871360433,-0.6562299534197017,-0.6743833989467494,3.416640418682322,1.1100306177401813,0.6167844136354766,1.0490006942923555,0.7412879386090173
2024-12-02,Clothing & Apparel,420897.9,420897.9,138405.81,926,454.5333693304536,0.3293623221756151,251.67491360691145,1672,0,583406.08,560259.16,569853.42,348450.33,229388.67,415490.71,569963.2975,475303.65125,398107.615,9798.957641763647,-0.27855071376698703,-0.26139269287881084,0.01301398531870901,2279853.19,1,True,False,False,239722.78405660376,0.773950133628331,2.838526409415684,2.7168894289185905,-0.304431095559818,-0.3688126188550755,2.74798927613941,1.5112594700457365,1.5287981428586144,1.4498121624610194,0.9637805436556142,0.5083966296050704,1.6307925082137447,1.8685777268817514,-0.6440497414358068,-0.6807838995470635,1.9673027068815068,1.2104440684220907,1.2216713006430038,1.218166531436309,0.888725550738569
2024-12-09,Clothing & Apparel,395760.31,395760.31,127377.61,899,440.22281423804225,0.3239365226367112,251.8932146829811,1585,0,420897.9,583406.08,566334.53,364739.96,200584.32,400515.86,532724.4175,484359.59750000003,414066.7175,75192.20402130719,-0.0597237239720132,-0.3011898638778039,-0.011873562260430792,2130897.67,1,True,False,False,239722.78405660376,0.6549983530767934,2.4584790835608215,2.5856622114216283,-0.3295938092945843,-0.36814905595846686,2.514745308310992,0.7451611274160715,1.51184021606009,1.2698789262707186,1.0060580114135982,0.3994795026113427,1.3773356270235384,1.7615208588739637,-0.6914335030266223,-0.6795596412321068,1.7705907241565912,0.5054687577614542,1.2060877736721594,1.0503365578546966,0.9324564187610025
2024-12-16,Clothing & Apparel,431531.0,431531.0,141235.95,935,461.53048128342243,0.32784286445945166,256.8662245989305,1684,0,395760.31,420897.9,560259.16,376120.8,205738.41,411861.63,490080.8625,488237.14125,430331.3833333333,95424.03363514262,0.09038473312293505,-0.22976538214921827,0.04775722856241793,1960323.45,1,True,False,False,239722.78405660376,0.8242662609015721,2.9360570253634255,2.760631834750911,-0.2921278463912353,-0.3530327545452841,2.780160857908847,0.6266571478828317,1.4825623245278308,1.063831030796712,1.0241602313633682,0.554468138569812,1.6958365278843757,1.904263349551014,-0.6208815636493604,-0.6516704120556965,1.994435394153909,0.39641959900827795,1.1791827859479453,0.8581485353074007,0.9511809506101684
2024-12-23,Clothing & Apparel,428065.42,428065.42,137144.05,962,444.97444906444906,0.32223951050062566,249.12341995841996,1713,0,431531.0,395760.31,583406.08,433264.93,339150.77,420515.27,457898.8225,495163.41625,449147.43249999994,85005.09151442345,-0.00803089465183271,-0.26626506874936917,0.017954520414918518,1831595.29,1,True,False,False,239722.78405660376,0.8078670391924185,2.7950443802658103,2.8918590522478738,-0.32123885547644604,-0.37656831363475407,2.8579088471849867,0.7952878366501266,1.5941099361244704,0.9083317621719387,1.056495379995178,0.5394523388464924,1.6017939631737057,2.0113202175588016,-0.6757003375185653,-0.6950929784163239,2.0600060550622143,0.5515961156322124,1.2816897276573984,0.7131089712012193,0.9846277058746534
2024-12-30,Clothing & Apparel,112544.8,112544.8,36415.24,257,437.91750972762645,0.32566511370650897,241.92459143968873,459,0,428065.42,431531.0,420897.9,569853.42,348450.33,166014.62,419063.6575,494513.47750000004,456556.98666666663,16154.223466051286,-0.7370850464865861,-0.7326078367223976,-0.32207898316425376,1676254.63,1,True,False,False,239722.78405660376,-0.6851853795050401,-0.6762124773394689,-0.534629404617254,-0.33364730107687157,-0.39845036566162645,-0.5040214477211796,0.7789503507817197,0.8109647339154138,0.7206854925624793,1.0534611565369956,-0.8276476670681422,-0.7132175553516067,-0.7840535582000996,-0.699066610101113,-0.7354648621957358,-0.7753597649038106,0.5365621134230971,0.562016590386031,0.5380847836857093,0.9814891729246689
2022-12-26,Electronics,61374.770000000004,61374.770000000004,8508.84,60,1022.9128333333334,0.1409968813405666,600.751,101,0,,,,,,,,,,,,,,,2,False,True,False,473181.2506603774,,,,,,,,,,,,,,,,,,,,
2023-01-02,Electronics,340035.51,339869.1194,48830.14,333,1021.1276576576577,0.14268552061738873,561.3052552552552,613,0,61374.770000000004,,,,,,61374.770000000004,61374.770000000004,61374.770000000004,,4.540314204028789,,,61374.770000000004,2,False,True,False,473181.2506603774,,,,,,,,,,,,,,,,,,,,
2023-01-09,Electronics,340559.08,340559.08,47489.37,326,1044.659754601227,0.1398986285714903,580.3954294478527,592,0,340035.51,61374.770000000004,,,,,200705.14,200705.14,200705.14,197042.8989044614,0.0015397509513050966,,,401410.28,2,False,True,False,473181.2506603774,,,,,,,,,,,,,,,,,,,,
2023-01-16,Electronics,369824.15,369678.1594,51323.14,346,1068.8559248554914,0.1394296629128129,590.123612716763,635,0,340559.08,340035.51,,,,,247323.12000000002,247323.12000000002,247323.12000000002,161036.20767447952,0.08593243204673917,,,741969.3600000001,2,False,True,False,473181.2506603774,,,,,,,,,,,,,,,,,,,,
2023-01-23,Electronics,331187.01,331187.01,46521.39,328,1009.7164939024391,0.13922232047671929,562.6865243902439,600,0,369824.15,340559.08,61374.770000000004,,,,277948.3775,277948.3775,277948.3775,145051.9414182978,-0.10447435625823787,4.396142584322515,,1111793.51,2,False,True,False,473181.2506603774,0.34943568732050595,-0.32794029491730387,-0.18955042527339003,0.6717654211906756,0.5765595664128857,-0.1260053619302949,0.504388538449277,-0.9216176772757217,0.03883552805494282,0.04243218397054041,0.11969379855204075,-0.48095179486119094,-0.5025336460314727,1.1942203077751425,1.063406085243043,-0.45655068945308536,0.2839061707405811,-1.030144117393244,-0.09790034031269933,-0.06429660637642802
2023-01-30,Electronics,277785.31,277785.31,37904.26,268,1036.5123507462686,0.14011758110814113,596.1968283582089,469,0,331187.01,369824.15,340035.51,,,,345401.4375,288596.104,288596.104,16840.03601642512,-0.1612433410356282,-0.1830697035142006,,1381605.75,2,False,True,False,473181.2506603774,0.09673734593300458,-0.6248987480686533,-0.48116646415552855,0.7188814464381245,0.6784197806068134,-0.4772117962466488,0.32224479086715313,0.4212797791786268,0.36475959926058926,0.09214083962864786,-0.11168716281223255,-0.6789959810938092,-0.7404377971598898,1.282944224081012,1.251335842659447,-0.7527491921768089,0.11629473250689637,0.20391467884803402,0.20610035137832172,-0.012879083628822667
2023-02-06,Electronics,229419.96,229419.96,32171.22,239,959.916150627615,0.13975499699154523,574.9069456066946,410,0,277785.31,331187.01,340559.08,,,,329838.8875,286794.305,286794.305,38406.31939865491,-0.17411053881862937,-0.3263431414014861,,1319355.55,2,False,True,False,473181.2506603774,-0.13212884607260553,-0.8224673921827391,-0.6221142162818954,0.5841998604122541,0.6137055954025858,-0.6353887399463807,0.0704977473422881,0.4238029219122455,0.28956346057775667,0.08372918423384387,-0.3212464311448803,-0.8107562355450071,-0.8554248035386247,1.0293261036274388,1.131939656198691,-0.8861515712661194,-0.11536671399571127,0.20623332683536102,0.13596230331236153,-0.021579912023420578
2023-02-13,Electronics,249946.34,249946.34,35402.79,240,1041.4430833333333,0.13934828382900066,585.138375,429,0,229419.96,277785.31,369824.15,,,,302054.1075,278597.97000000003,278597.97000000003,61390.00619990762,0.08947076793143904,-0.32414813905473727,,1208216.43,2,False,True,False,473181.2506603774,-0.03499744050518761,-0.7111029322697163,-0.6172539489671932,0.7275513136647834,0.6448057486721123,-0.5844504021447721,-0.15750686433758967,0.5648345866740575,0.15531115808542745,0.04546479096890674,-0.2323089340665402,-0.7364863045002459,-0.8514597343531511,1.299270401218434,1.1893187252081836,-0.8431914830848161,-0.3251800147259295,0.33583470898957746,0.010740521847104709,-0.06115974545635975
2023-02-20,Electronics,228029.72,227815.05880000003,32512.48,234,974.485982905983,0.14316777129011315,574.0243162393162,403,0,249946.34,229419.96,331187.01,61374.770000000004,,,272084.655,275016.51625,275016.51625,44105.80847786115,-0.08768530077295789,-0.31147746404667265,,1088338.62,2,False,True,False,473181.2506603774,-0.1387075007246214,-0.8107070912794884,-0.6464155528554071,0.6098184696427613,0.6110226947490746,-0.6541554959785523,-0.060741115695356965,0.378637862188683,0.010502813280844464,0.028744860079041184,-0.32727011705239006,-0.8029131881506029,-0.8752501494659928,1.0775683594056544,1.126989766067626,-0.9019789721750207,-0.236134705639099,0.16472878829688947,-0.12432724660700525,-0.07845446838713037
2023-02-27,Electronics,273739.41,273489.2194,38451.96,274,999.0489416058393,0.14180576647279317,570.0571167883212,476,0,228029.72,249946.34,277785.31,340035.51,,,246295.33250000002,295848.385,269795.76111111115,23261.981398335163,0.20045496701044052,-0.014564845059661491,,985181.3300000001,2,False,True,False,473181.2506603774,0.07759203371598344,-0.6060242336083871,-0.4520048602673147,0.6530083175733372,0.5989637236870783,-0.4584450402144772,-0.16406075325479655,0.12128906199408726,-0.11410770821121806,0.12599793944848606,-0.12921739558728876,-0.6664084025381178,-0.716647382047048,1.1588989137750116,1.104741241221038,-0.7369217912679076,-0.33121100267923026,-0.07176250078544724,-0.24055580433652582,0.022141943938848926
2023-03-06,Electronics,314742.42,314742.42,43283.31,320,983.5700625,0.13669977411270479,572.49171875,558,0,273739.41,228029.72,229419.96,340559.08,,,245283.85749999998,287561.3725,270190.126,21454.0261637334,0.14978847948857643,0.3719051297890559,,981135.4299999999,2,False,True,False,473181.2506603774,0.2716194264561983,-0.4395290986118428,-0.2284325637910085,0.6257913017860298,0.6063641064926366,-0.2386058981233244,0.051424508786263534,-0.11178900094195579,-0.11899501873386512,0.08731022045073258,0.04844203983572048,-0.5553713427334079,-0.5342541995152617,1.1076467077978247,1.1183947776527334,-0.5515150949064929,-0.13291819730813215,-0.28595013841530537,-0.2451143684643532,-0.017875768173538722
2023-03-13,Electronics,306233.96,306165.8494,43570.0,304,1007.348552631579,0.13980287722144297,551.3084210526316,556,0,314742.42,273739.41,249946.34,369824.15,,,266614.4725,284334.29,274240.33454545453,37119.95793579458,-0.027033089470430927,0.2251988166740111,,1066457.89,2,False,True,False,473181.2506603774,0.2313571552221011,-0.42964935687254435,-0.30619684082624543,0.6676017931584557,0.541973904516241,-0.24396782841823056,0.24472147392258833,-0.012870066426044383,-0.015928369391044677,0.07224466323785661,0.011576253642969018,-0.5487824566714558,-0.5976953064828395,1.186379803761501,0.9995963328116595,-0.5560372094518933,0.04495660082677529,-0.19504834940121227,-0.14898052792109442,-0.03345924393732269
2023-03-20,Electronics,343653.15,343585.1594,48521.58,339,1013.7261061946904,0.14182505675819781,569.6870206489675,599,0,306233.96,314742.42,228029.72,331187.01,61374.770000000004,,280686.37749999994,276385.51625,276906.47000000003,39300.02942693759,0.12219151004676299,0.507054212056218,,1122745.5099999998,2,False,True,False,473181.2506603774,0.4084258112585901,-0.25901092650707935,-0.13608748481166463,0.6788156526908374,0.5978387541235987,-0.128686327077748,0.20461077239155911,-0.11848872390924958,0.05206517407783698,0.03513600372796465,0.17370757447493504,-0.43498219699500795,-0.45891788499126285,1.2074965581861687,1.1026656981953473,-0.45881174672578556,0.008046125109530936,-0.2921068646943157,-0.08556059036139989,-0.07184361219717547
2023-03-27,Electronics,330741.25,330654.9794,46111.25,324,1020.8063271604939,0.139079351999983,566.8947839506172,580,0,343653.15,306233.96,273739.41,277785.31,340035.51,,309592.235,277943.78375,300429.66833333333,28771.35964593798,-0.03757247678364073,0.2082339550596679,,1238368.94,2,False,True,False,473181.2506603774,0.3473263385047024,-0.3420742977669179,-0.20899149453219928,0.6912650351355393,0.5893512802873123,-0.17962466487935658,0.38101284299221777,0.10179141471493097,0.19173437156258094,0.04241073815889889,0.11776239229834956,-0.49037788481706324,-0.5183939227733672,1.2309399187048553,1.087006503761546,-0.501771834907089,0.1703739851281429,-0.08967990990347592,0.044713717044700015,-0.0643187894448156
2023-04-03,Electronics,361914.31,361741.8582,50187.94,359,1008.1178551532033,0.1374918831439204,578.7598885793872,625,0,330741.25,343653.15,314742.42,229419.96,340559.08,,323842.695,284563.27625,299655.14666666667,16662.600254971523,0.09425210795448113,0.14987458633634465,,1295370.78,2,False,True,False,473181.2506603774,0.4948381322860439,-0.20158581072104814,-0.038882138517618466,0.668954482764279,0.6254172646506664,-0.058981233243967826,0.32014338281981297,0.29938953289968934,0.2605906686639018,0.07331368005113521,0.25283023829325557,-0.3966848856894357,-0.3796165012817905,1.1889270457825454,1.1535474171694524,-0.4000242576355809,0.11436098495966465,0.09190334851631116,0.10893837485733646,-0.03235347683124002
2023-04-10,Electronics,352939.9,352939.9,49684.19,335,1053.5519402985076,0.14095197373646678,600.3074626865672,600,0,361914.31,330741.25,306233.96,249946.34,369824.15,,335635.66750000004,301125.07,301434.7491666667,23404.15065652892,-0.02479705762394413,0.1525171800018521,,1342542.6700000002,2,False,True,False,473181.2506603774,0.4523709725901653,-0.21894574619550336,-0.15552855407047386,0.7488427100852818,0.6909147461421832,-0.1260053619302949,0.4670998597226686,0.2583863069255406,0.31757271823757927,0.15063201674952312,0.2139455658300729,-0.40826237829018347,-0.47477816173315734,1.33936410742829,1.2743887673029959,-0.45655068945308536,0.24959256319617354,0.05422333695290607,0.1620875099313153,0.04762288308763793
2023-04-17,Electronics,353420.82,353420.82,48575.03,329,1074.227416413374,0.1383481271091485,576.9667477203648,621,0,352939.9,361914.31,343653.15,228029.72,331187.01,,347312.1525,313999.265,300027.72833333333,13327.63613121388,0.0013626115947784623,0.02842304806459639,,1389248.61,2,False,True,False,473181.2506603774,0.45464669951159425,-0.2571689641227427,-0.18469015795868773,0.7851970711459691,0.6199667109298015,-0.06970509383378017,0.4247925701629734,0.4387135933369023,0.37399191595183656,0.21073488717264394,0.2160293146983543,-0.4337537761920106,-0.49856857684599903,1.4078227957654699,1.1434912706489173,-0.40906848672638163,0.21066075386973895,0.21993552363454508,0.21471165354347801,0.10979194934507872
2023-04-24,Electronics,364369.45,364369.45,51369.55,357,1020.6427170868348,0.13924563741146853,573.9285154061625,656,0,353420.82,352939.9,330741.25,273739.41,277785.31,,349754.07,329673.15249999997,301880.54583333334,13328.582439772545,0.030979018157447635,0.10167525217976281,,1399016.28,2,False,True,False,473181.2506603774,0.5064559235899558,-0.16086586361242078,-0.04860267314702309,0.6909773542300102,0.6107314919777025,0.024128686327077747,0.4270597299757129,0.37648969459898557,0.3857909313434038,0.2839080548494633,0.26346796431103936,-0.36952839728850356,-0.3875466396527377,1.230398188445333,1.1264525036377753,-0.32993148218187535,0.2127470287046605,0.16275472460563348,0.22571700465805164,0.18548063904561296
2023-05-01,Electronics,360493.13,360215.5088,50176.0,349,1032.9316045845271,0.13836221135594015,581.4140401146132,631,0,364369.45,353420.82,361914.31,314742.42,229419.96,,358161.12,341001.9075,309095.8908333333,5841.272091575126,-0.010638433051947671,-0.003926841135405756,,1432644.48,2,False,True,False,473181.2506603774,0.4881130686866999,-0.2019972799608795,-0.08748481166464156,0.7125853041820814,0.6334850053712433,-0.04289544235924933,0.47867391516359353,0.5267161778269379,0.42641266092586344,0.3367960757175861,0.24667249435117738,-0.396959298119516,-0.41926719313652666,1.2710879947908458,1.1684322136379723,-0.38645791399937984,0.26024318450160794,0.30080570695340564,0.2636063015273263,0.24018682612832482
2023-05-08,Electronics,372624.1,372624.1,52653.46,369,1009.8214092140921,0.14059279173581335,564.3657452574525,665,0,360493.13,364369.45,352939.9,306233.96,249946.34,,357805.825,346720.74624999997,320018.65499999997,5573.995462841807,0.03365104350254877,0.055772101709101074,,1431223.3,2,False,True,False,473181.2506603774,0.5455171587891036,-0.11662051422282725,0.009720534629404616,0.6719498971901369,0.5816638411272035,0.04825737265415549,0.4604001130232814,0.48346748638163983,0.4246959234957305,0.3634943371903983,0.29923403267076554,-0.34002078731326585,-0.3399658094270543,1.1945676934693026,1.072823354943872,-0.3095819667275737,0.24342735470017857,0.2610622195802807,0.2620050409506474,0.2678029112633076
2023-05-15,Electronics,372911.96,372886.4094,51422.75,361,1032.9971191135735,0.13867834107657637,578.5574792243767,647,0,372624.1,360493.13,353420.82,343653.15,228029.72,,362726.875,355019.51375,330241.8016666667,8005.110695036119,0.000772521154697392,0.05514994843823873,,1450907.5,2,False,True,False,473181.2506603774,0.5468793203785627,-0.1590325165806769,-0.02916160388821385,0.7127005005059986,0.6248020073174018,0.0,0.5175881020309127,0.48578509396697106,0.4484737721301222,0.4022369341235741,0.30048128366723814,-0.3683057221394023,-0.3716863629108432,1.27130492032623,1.152412281510215,-0.3502809976361769,0.2960526092834546,0.2631919905565881,0.2841834655298451,0.30787738788593116
2023-05-22,Electronics,382513.36,382513.36,52437.67,363,1053.7558126721763,0.13871836590246373,579.1438292011019,655,0,372911.96,372624.1,364369.45,330741.25,273739.41,,367599.66000000003,358676.865,342315.32166666666,6175.288222386813,0.025747095909715467,0.04979536566526077,,1470398.6400000001,2,False,True,False,473181.2506603774,0.5923134143305894,-0.12405694196681277,-0.019441069258809233,0.749201185500381,0.6265843168505807,0.021447721179624665,0.5189451356824458,0.5385477736995368,0.47201841080640783,0.41931119067092243,0.3420826027721154,-0.34498020593026907,-0.363756224539896,1.340039150421835,1.1557006016935356,-0.3321925394545755,0.29730137222527575,0.3116783799858674,0.30614436708807896,0.3255386173599281
2023-05-29,Electronics,352348.51,352192.3688,49586.54,353,998.1544192634561,0.14194216632092302,570.337790368272,612,0,382513.36,372911.96,360493.13,361914.31,314742.42,,372135.6375,365148.37875000003,351379.81750000006,9020.095664912615,-0.07885959852487234,-0.022592996432414636,,1488542.55,2,False,True,False,473181.2506603774,0.4495724985319769,-0.22231090291824396,-0.06804374240583232,0.6514354498903305,0.5998168783167616,-0.0938337801608579,0.5642081902986777,0.5198673515187763,0.49393564115440397,0.4495232973197418,0.21138316825207032,-0.41050663070202076,-0.40340691639463216,1.1559370556824755,1.106315291932239,-0.4294180021806832,0.3389531213727772,0.2945119618063779,0.3265873284228931,0.3567893454333876
2023-06-05,Electronics,360814.4,360698.4094,50392.18,357,1010.6845938375351,0.13819252945631075,573.7989635854342,622,0,352348.51,382513.36,372624.1,352939.9,306233.96,,370099.4825,363952.65375,354513.6583333334,12694.947846684587,0.024027035051177092,-0.0316933338450196,,1480397.93,2,False,True,False,473181.2506603774,0.4896333273327274,-0.19454741226684924,-0.04860267314702309,0.6734676627442813,0.6103376973937674,-0.06702412868632708,0.4220046311260106,0.5783278607290941,0.4840972153334591,0.4439410838503413,0.2480645054942216,-0.3919909162824348,-0.3875466396527377,1.1974257890597224,1.1257259616683082,-0.4068074294536814,0.20809525009650365,0.3482343851209755,0.3174106872387847,0.35101522854680317
2023-06-12,Electronics,407934.19,407934.19,57198.15,396,1030.1368434343435,0.13771328768175928,578.119191919192,705,0,360814.4,352348.51,372911.96,353420.82,343653.15,,367147.0575,364936.96625,359062.0283333333,13272.238099106507,0.13059287545064713,0.09391554510614242,,1468588.23,2,False,True,False,473181.2506603774,0.7126054945020753,0.039995912876729926,0.14094775212636695,0.7076711848956528,0.6234697592176149,0.1554959785522788,0.4619146485656562,0.5797150904544405,0.46983149668512314,0.4485363231366313,0.4522269630467464,-0.2355719240920404,-0.23290894141926657,1.2618342450104618,1.1499543143422417,-0.21913967581956656,0.2448210532700349,0.34950918316064933,0.30410455639511563,0.35576844139083164
2023-06-19,Electronics,411474.45,411474.45,56325.92,386,1065.9959844559585,0.1359765432595055,577.9379015544041,711,0,407934.19,360814.4,382513.36,364369.45,330741.25,,375902.61500000005,371751.1375,364418.7816666667,24847.359622791264,0.008678507677917446,0.07571262347542596,,1503610.4600000002,2,False,True,False,473181.2506603774,0.7293581040647019,0.009937636908721728,0.09234507897934387,0.7707234770307075,0.6229186966129237,0.17158176943699732,0.6840474238146181,0.6259853172485009,0.5121371674148891,0.48034811810165284,0.46756633917671014,-0.25561805088340567,-0.2725596332740028,1.3805676538857516,1.148937616483903,-0.2055733321833655,0.44923100108628605,0.39202931759448084,0.34356452360995393,0.3886738513159414
2023-06-26,Electronics,337590.43,337590.43,47475.51,350,964.5440857142856,0.14020359427875803,580.2338571428571,590,0,411474.45,407934.19,352348.51,360493.13,361914.31,,383142.8875,377639.2625,371146.54833333334,30898.44199409916,-0.17955919255739938,-0.04188489402154705,,1532571.55,2,False,True,False,473181.2506603774,0.3797368502648982,-0.29505997405400414,-0.08262454434993925,0.5923373089610338,0.6298976404101252,-0.15281501340482573,0.7007369671870078,0.48061751143801285,0.5471211857802275,0.5078366883703289,0.14743878561461013,-0.4590236216796019,-0.41530212395105304,1.0446496862130545,1.1618136076175343,-0.4791612621800872,0.4645889719485493,0.25844322835995615,0.3761953315826607,0.4171074142111044
2023-07-03,Electronics,362799.93,362799.93,49972.41,354,1024.858559322034,0.1380007939584967,576.6771186440678,637,0,337590.43,411474.45,360814.4,372624.1,352939.9,,379453.3675,374776.42500000005,369119.55833333335,36223.48971014679,0.0746748063918754,0.005502912300617613,,1517813.47,2,False,True,False,473181.2506603774,0.4990289109522586,-0.2090132784983371,-0.06318347509113001,0.6983902065358937,0.6190863345602945,-0.02680965147453083,0.3524318832902031,0.5214155877928748,0.5292939236931604,0.4944716001993832,0.2566674870513181,-0.4016383288263869,-0.39944184720915854,1.2443572880111562,1.1418669964525014,-0.37289157036317877,0.14407335265875904,0.2959347171951293,0.35956722557816123,0.40328286562987015
2023-07-10,Electronics,339234.1,339118.06940000004,47215.5,323,1050.2603715170278,0.140833136470252,602.6775232198142,572,0,362799.93,337590.43,407934.19,372911.96,353420.82,,379949.75,373548.40375,369941.22750000004,35895.05030454969,-0.0649554425217227,-0.16840973785502023,,1519799.0,2,False,True,False,473181.2506603774,0.3875147427812111,-0.3040202853646009,-0.21385176184690158,0.7430550378075942,0.6981189444031093,-0.20107238605898123,0.4712748619545543,0.7484911569586747,0.5316923768585948,0.48873861246185146,0.1545605428763754,-0.46499933155775663,-0.5223589919588407,1.3284653750315212,1.2876803477524335,-0.5198602930886904,0.25343446355237265,0.5046063489669453,0.36180434607859996,0.397352791209155
2023-07-17,Electronics,387588.4,387336.9694,54788.76,375,1033.5690666666667,0.1408400832390379,571.20984,702,0,339234.1,362799.93,411474.45,382513.36,364369.45,,362774.7275,369338.67125,368759.0008333333,34448.38453108905,0.14253962086948224,-0.0580498983594242,,1451098.91,2,False,True,False,473181.2506603774,0.6163286458770614,-0.0430350646573597,0.038882138517618466,0.71370617446182,0.6024676200814578,0.14745308310991956,0.3601804954697875,0.7655520681914056,0.44870498894396815,0.46908557730404166,0.36407193333953464,-0.2909460082554461,-0.31617539431421254,1.2731986991715099,1.1112058496515118,-0.2259228476376671,0.1512037430727896,0.5202845137273675,0.28439912947598983,0.37702413075942587
2023-07-24,Electronics,393515.41,393416.2194,56198.73,383,1027.4553785900782,0.13943165787975306,571.3762402088773,689,0,387588.4,339234.1,337590.43,352348.51,360493.13,,356803.21499999997,369973.05124999996,370693.91333333333,23533.61507585087,0.015292021123439081,0.1656592575802578,,1427212.8599999999,2,False,True,False,473181.2506603774,0.6443754233464514,0.005554490123618258,0.07776427703523693,0.7029562781830637,0.6029734215488024,0.1126005361930295,0.588133015084601,0.4094966635778162,0.41985144745518455,0.4720471651112029,0.389752712637116,-0.2585412097596122,-0.2844548408304236,1.2529556312827388,1.1121390417502244,-0.2553165921827694,0.36096910789490294,0.19308655687608475,0.25748643003075217,0.3800875310149286
2023-07-31,Electronics,375309.29,375122.2994,53057.67,365,1028.2446301369862,0.14127571637230318,598.5110410958904,643,0,393515.41,387588.4,362799.93,360814.4,372624.1,,370784.46,375118.91375,373445.77,24888.058869510416,-0.046265329228148855,0.03448005075414429,,1483137.84,2,False,True,False,473181.2506603774,0.5582235531419107,-0.10269086753671404,-0.009720534629404616,0.7043440448078606,0.6854542200847692,-0.010723860589812333,0.6160742088001999,0.5309840802425602,0.4874069340546599,0.4960705007102597,0.31086852827007666,-0.3307309842678103,-0.35582608616894873,1.2555689266365788,1.2643142220504007,-0.3593252267269777,0.3866810180032967,0.3047277059803486,0.32049777674655194,0.4049367325932939
2023-08-07,Electronics,332199.57,332199.57,46830.67,343,968.5118658892128,0.14049023246677694,562.0009912536443,595,0,375309.29,393515.41,339234.1,407934.19,372911.96,,373911.80000000005,376930.775,373669.5358333333,24330.000467065678,-0.11486451614347193,-0.020736506147229772,,1495647.2000000002,2,False,True,False,473181.2506603774,0.35422714962517654,-0.3172820699177218,-0.1166464155528554,0.5993139856908636,0.5744757729564663,-0.13941018766756033,0.5302466624101241,0.41741769422694996,0.5025178183472965,0.5045291314777309,0.12408105787597629,-0.4738437315131825,-0.44305760824936835,1.0577874260588842,1.059561534140635,-0.4678559758165863,0.3077012084766327,0.200365606740152,0.3345922229162736,0.4136861512637848
2023-08-14,Electronics,378996.53,378960.4594,54116.16,370,1024.314945945946,0.14102548019658678,565.9062432432432,678,0,332199.57,375309.29,387588.4,411474.45,382513.36,,372153.1675,367463.9475,370276.83666666667,27693.819222496324,0.14087001978961022,-0.02216751068917433,,1488612.67,2,False,True,False,473181.2506603774,0.5756716761847664,-0.06621380927297967,0.014580801944106925,0.6974343534836145,0.5863464442736256,0.08310991957104558,0.327018215428385,0.6504425059698261,0.4940203437456315,0.4603334744637944,0.3268447450568234,-0.30640411549765534,-0.33600074024158066,1.2425573266229506,1.0814626502796247,-0.2801882221824714,0.12068731016398744,0.414504309060004,0.32666633346914803,0.3679711511340475
2023-08-21,Electronics,312875.37,312875.37,43946.8,323,968.6543962848297,0.14060582859202017,544.9272755417957,571,0,378996.53,332199.57,393515.41,337590.43,352348.51,,370005.2,363404.2075,369983.7675,26400.587239921042,-0.17446376092150506,-0.20492219097595188,,1480020.8,2,False,True,False,473181.2506603774,0.2627844935179673,-0.4166642974447036,-0.21385176184690158,0.5995646015139571,0.5225773377421007,-0.2037533512064343,0.547629100961081,0.6790054339710201,0.4836416550335493,0.44138067569295397,0.040352413027675726,-0.5401226071191743,-0.5223589919588407,1.0582593592747338,0.9638101122797125,-0.5221213503613906,0.32369679198806184,0.44075227935503003,0.31698577033784126,0.34836679955727073
2023-08-28,Electronics,416062.79,416062.79,57069.84,397,1048.017103274559,0.13903051084950419,584.7725944584383,727,0,312875.37,378996.53,375309.29,362799.93,360814.4,,349845.19,360314.82499999995,366694.3391666667,32538.984355295204,0.3298035892055038,0.10858644079926716,,1399380.76,2,False,True,False,473181.2506603774,0.7510702575677163,0.035574169312010455,0.14580801944106925,0.7391106264097815,0.6436938970951448,0.21447721179624665,0.23591980061231738,0.591268093433194,0.38623121087065215,0.426957967625773,0.4874468770671919,-0.23852082349770193,-0.22894387223379295,1.3210376766020067,1.1872673845665398,-0.1693964158201626,0.03685716759351323,0.36012584259388364,0.22612766865204814,0.33344827258629645
2023-09-04,Electronics,375903.18,375688.2388,54124.3,384,978.91453125,0.14613523534664405,563.7087760416667,677,0,416062.79,312875.37,332199.57,339234.1,407934.19,,360033.565,366972.6825,371298.37166666664,46538.495638950844,-0.09652295510492537,0.1315582979231429,,1440134.26,2,False,True,False,473181.2506603774,0.5610338572701806,-0.0659332933925587,0.08262454434993925,0.6176053300071204,0.5796668725200929,0.08042895442359249,0.7223673840030805,0.3835175027455387,0.43546006214841226,0.45804001559988755,0.31344175794524864,-0.30621703700679664,-0.28048977164495,1.092231751396478,1.0691389936957405,-0.28244927945517156,0.48449360946843667,0.16921294553670038,0.2720451266177432,0.36559884852911084
2023-09-11,Electronics,398242.87,398242.87,56976.33,391,1018.5239641943734,0.142985408139614,589.8101278772378,690,0,375903.18,416062.79,378996.53,387588.4,411474.45,,370959.46749999997,371556.3175,368629.12083333335,42806.17848644485,0.05942937221228073,0.05078236468286379,,1483837.8699999999,2,False,True,False,473181.2506603774,0.6667458965893587,0.03235168282820655,0.1166464155528554,0.6872518822155819,0.6590063285651344,0.11528150134048257,0.5330463869821692,0.6090373178217346,0.48825254664646084,0.47943860560663215,0.4102360350708803,-0.24066992788101876,-0.25273428734663467,1.2233827735101377,1.215518469196421,-0.25305553491006927,0.31027755747794605,0.3764549134054115,0.3212865089560485,0.38773307191278067
2023-09-18,Electronics,396420.29,396348.6994,55666.3,393,1008.7030279898219,0.13901743043855755,574.3055470737913,690,0,398242.87,375903.18,312875.37,393515.41,337590.43,,375771.0525,372888.12625000003,367526.4891666667,45034.39806540228,-0.004576554000828681,0.26702300024447423,,1503084.21,2,False,True,False,473181.2506603774,0.6581213969377364,-0.012793798600280893,0.12636695018226002,0.669983411165596,0.6118775432477619,0.11528150134048257,0.6383604670725408,0.29039200889945493,0.511501475192505,0.485656122797387,0.40233908960728454,-0.2707778437753266,-0.24480414897568742,1.1908646149404643,1.128566941928264,-0.25305553491006927,0.4071891707752725,0.08363505253919482,0.3429715914138369,0.39416433277382795
2023-09-25,Electronics,424636.57,424535.1794,60190.68,419,1013.4524343675417,0.14139832588572684,585.2610739856802,726,0,396420.29,398242.87,416062.79,375309.29,362799.93,,396657.2825,373251.23624999996,372428.9775,16430.426501649763,0.07117768871013141,0.02060693771726152,,1586629.13,2,False,True,False,473181.2506603774,0.791641624872902,0.14312271725463852,0.25273390036452004,0.6783344466300423,0.6451787129094619,0.21179624664879357,0.6297684348603162,0.7876637948571271,0.6124209162636366,0.48735129311905256,0.5245956842947855,-0.1667957574766247,-0.14171235015337333,1.2065904018192077,1.1900068356662736,-0.17165747309286278,0.39928265245906297,0.5406041372851951,0.43710265628795447,0.39591777907852777
2023-10-02,Electronics,663171.23,663096.2488000001,92119.52,643,1031.370497667185,0.13923560095222487,570.3043856920684,1165,0,424636.57,396420.29,375903.18,332199.57,339234.1,,398800.7275,379417.14625,377582.0308333333,19981.375719081912,0.5617383825420406,0.7642075547219367,,1595202.91,2,False,True,False,473181.2506603774,1.9203943227351714,1.2434355751686927,1.3414337788578372,0.7098403591944984,0.5997153391759521,1.388739946380697,0.7627860179947442,0.5941301161580804,0.6227777528668298,0.5161366959943878,1.5581279304498714,0.567012498305924,0.7464631473927172,1.2659190046635278,1.1061279545478482,0.820946669622516,0.5216874493049051,0.3627559051513137,0.4467628371989712,0.4256927566462451
2023-10-09,Electronics,691938.37,691687.5182,97581.24,677,1022.0655391432791,0.14144102103733225,572.4671344165436,1211,0,663171.23,424636.57,398242.87,378996.53,387588.4,,470617.74,420788.60375,404576.7916666667,129014.85431242474,0.043378148355440516,0.737478363391666,,1882470.96,2,False,True,False,473181.2506603774,2.0565212356323648,1.4316541494208845,1.5066828675577157,0.6934791484560641,0.606289378269518,1.5120643431635388,1.8872894595183074,0.7017875955682716,0.9697878528656557,0.7092783525669463,1.6827713127560646,0.6925371094967052,0.8812754996988204,1.235109302771322,1.1182569057961507,0.9249553041667242,1.5564725661945862,0.46168800068010374,0.7704311996896085,0.6254741707450991
2023-10-16,Electronics,705038.48,704737.3082000001,99925.07,680,1036.821294117647,0.14227301797753922,585.1775882352941,1206,0,691938.37,663171.23,396420.29,312875.37,393515.41,,544041.615,459906.33375,429939.2891666666,155042.93564019195,0.018932480937572604,0.7785125983334507,,2176166.46,2,False,True,False,473181.2506603774,2.1185113233822643,1.512425836891043,1.5212636695018227,0.7194246716005344,0.6449249439068113,1.4986595174262736,2.0229039145949415,0.6930043775010815,1.3245620953343367,0.8918985363871093,1.7395319785359504,0.7464044533823839,0.8931707072552412,1.2839671682617186,1.1895386376805799,0.9136500178032233,1.6812670439760617,0.45361664164741955,1.1013414472993548,0.8143724085153579
2023-10-23,Electronics,739115.07,738648.2676,101470.64,722,1023.705083102493,0.13815738297435198,567.3794459833796,1307,0,705038.48,691938.37,424636.57,416062.79,375309.29,,621196.1625,508926.72250000003,455899.545,132201.32856258765,0.048332950564627275,0.7405827058182952,,2484784.65,2,False,True,False,473181.2506603774,2.2797627025170466,1.5656883589183457,1.7253948967193196,0.696362011841506,0.5908244921840481,1.769436997319035,2.0846606369904928,0.828981805260025,1.69736244320928,1.1207490449534514,1.8871803521685535,0.7819256945514909,1.0597036130451332,1.2405380062408504,1.0897245458996607,1.1420168023459414,1.7380965162951691,0.5785734207444926,1.4490652689778336,1.0510902612559958
2023-10-30,Electronics,1004854.96,1004236.0964,137728.2,971,1034.8660762100926,0.13826401941486027,583.9988362512873,1742,0,739115.07,705038.48,663171.23,375903.18,332199.57,,699815.7875,549308.2575000001,486216.69333333336,31499.13979145488,0.359537913359012,0.5152270100740046,,2799263.15,2,False,True,False,473181.2506603774,3.53725131137214,2.815175013134105,2.9356014580801943,0.7159867484606437,0.6413419286740271,2.935656836461126,2.24530497576452,1.9785071678575794,2.077241847593028,1.3092692720893397,3.0385884762738953,1.6152192580674567,2.0470058402280644,1.2774932349592443,1.182928056809088,2.1255767159705194,1.885923872564282,1.6349324736251476,1.8033919723251493,1.2460913720044475
2023-11-06,Electronics,1162132.52,1161953.5388,163240.6,1127,1031.173487133984,0.1405183051733427,575.0918456078083,2035,0,1004854.96,739115.07,691938.37,398242.87,378996.53,,785236.72,627927.23,542271.3091666667,147756.2381663807,0.1565176729584934,0.6795318346054433,,3140946.88,2,False,True,False,473181.2506603774,4.281493134188141,3.694368299086445,3.6938031591737546,0.7094939491763226,0.6142676301049836,3.721179624664879,3.498059694324469,2.1171392519303702,2.489984250778039,1.6763000586329948,3.720046801267803,2.2015609399082843,2.6655566331619487,1.2652666819495737,1.13297659732548,2.788066496871672,3.0387277591604733,1.762328755425391,2.188371135092443,1.6257398168543513
2023-11-13,Electronics,1063687.64,1063299.3082,147225.09,1076,988.5572862453531,0.13912255271490873,575.4436059479553,1874,0,1162132.52,1004854.96,705038.48,396420.29,312875.37,,902785.2575,723413.43625,607532.6416666666,218762.3863332106,-0.084710545747399,0.5086944474293089,,3611141.03,2,False,True,False,473181.2506603774,3.8156492023640296,3.1424512366735566,3.445929526123937,0.6345604992507806,0.6153368649178508,3.289544235924933,4.2394997747489604,2.1802701558326287,3.057962900023449,2.122075121185577,3.2935009988721764,1.833482630186792,2.4633381047027942,1.1241599331356162,1.1349493110154465,2.424036275966943,3.7210121630652306,1.8203430489969517,2.7181445316925066,2.086839581385486
2023-11-20,Electronics,1122021.65,1121597.5488,157067.02,1078,1040.836410018553,0.14016321488515057,585.3321057513915,1930,0,1063687.64,1162132.52,739115.07,424636.57,416062.79,,992447.5474999999,806821.855,670100.3308333333,180923.03033147196,0.05484129720638675,0.5180608480895945,,3969790.1899999995,2,False,True,False,473181.2506603774,4.091687372936913,3.481618025247462,3.4556500607533414,0.7264845802745157,0.645394625927644,3.4396782841823055,3.775409539978155,2.344489076788762,3.491198969527505,2.511465322617872,3.5462528647122737,2.0596759239874416,2.4712682430737414,1.2972616417031366,1.1904051902294472,2.550655483238153,3.2939492923780493,1.971252415115076,3.122238848223157,2.489616105408705
2023-11-27,Electronics,969420.68,969418.1694,135644.37,964,1005.6231120331951,0.14058188281070763,576.7878423236515,1707,0,1122021.65,1063687.64,1004854.96,663171.23,375903.18,,1088174.1925,893994.99,728930.2358333333,68695.39126592781,-0.13600537030635718,-0.03526307916119542,,4352696.77,2,False,True,False,473181.2506603774,3.3695753050978032,2.743363292360439,2.9015795868772782,0.6645678949229846,0.6194228978373544,2.841823056300268,4.050408548520016,3.625119503448285,3.9537371829348382,2.9184310115236416,2.885057450638928,1.5673273942337766,2.0192503559297488,1.1806666874340783,1.142487947974287,2.046439711426013,3.5470075496413496,3.1480907769406055,3.553664291238801,2.910572320976655
2023-12-04,Electronics,812412.29,812266.1794,114133.2,828,981.1742632850242,0.1398944760451654,567.8153140096618,1457,0,969420.68,1122021.65,1162132.52,691938.37,398242.87,,1079315.6225,932276.17125,778390.0275,83673.12495749095,-0.16196104873686,-0.30092973389988253,,4317262.49,2,False,True,False,473181.2506603774,2.6266072022673317,2.002058035427363,2.240583232077764,0.6215786902260224,0.592149386478049,2.1715817694369974,3.3310149143000087,4.383057759412675,3.9109337697248203,3.097145787578591,2.2047653958830544,1.0729444433485615,1.4800009467053368,1.0997139631845794,1.0921689454647348,1.4811753932509684,2.885010619807636,3.844599931295702,3.5137400623395743,3.09543089221504
2023-12-11,Electronics,800978.51,800653.1288000001,112642.43,817,980.3898531211751,0.14117188098236028,574.8278335373317,1427,0,812412.29,969420.68,1063687.64,705038.48,396420.29,,991885.565,947335.41125,812904.1458333334,135161.95975041972,-0.014073863899818684,-0.24697958321674196,,3967542.26,2,False,True,False,473181.2506603774,2.572502234788963,1.9506839986883981,2.187120291616039,0.6201994363622753,0.6134651209402133,2.091152815013405,2.590843758866774,3.9086408072688106,3.4884835460263877,3.1674494881509903,2.155224669493677,1.038682649513491,1.4363851856651269,1.097116698162138,1.1314959863346903,1.4133436750699628,2.2038938999195885,3.408633350180195,3.1197060784908683,3.168151469256688
2023-12-18,Electronics,828063.83,827491.3570000001,114611.98,814,1017.2774324324324,0.13908932577815816,593.8910073710074,1392,0,800978.51,812412.29,1122021.65,739115.07,424636.57,,926208.2825000001,959327.915,846617.3308333332,151484.00357667066,0.03381528925164301,-0.26198943665659213,,3704833.1300000004,2,False,True,False,473181.2506603774,2.7006707283004006,2.0185574694848514,2.172539489671932,0.6850600649391404,0.6714108492681502,1.997319034852547,2.536942472740794,4.189758964257063,3.171139791745658,3.223436204130905,2.2725809967352997,1.0839480600381617,1.4244899781087061,1.2192553749961197,1.2384045252000562,1.3342066705254567,2.1542931191618115,3.6669675459500284,2.82370854615673,3.226062877327356
2023-12-25,Electronics,815403.06,815341.7094,113907.35,804,1014.1829104477613,0.14036464611375005,577.7926368159204,1426,0,828063.83,800978.51,969420.68,1004854.96,663171.23,61374.770000000004,852718.8275000001,970446.51,880236.2691666665,78589.37311302932,-0.015289606358002472,-0.15887593815308332,12.285639359626114,3410875.3100000005,2,False,True,False,473181.2506603774,2.6407596097463353,1.9942749258950445,2.123936816524909,0.6796188664431078,0.6224771399684087,2.0884718498659516,2.6646284683724852,3.454357721636857,2.816048675578591,3.2753430980821117,2.2177239203835746,1.0677538196187775,1.3848392862539698,1.2090090853859459,1.1481229546088423,1.4110826177972626,2.271791708348785,2.9911688333525834,2.4925027394520956,3.279754208649015
2024-01-01,Electronics,344610.33,344610.33,48971.36,345,998.8705217391305,0.14234134197392254,570.355884057971,619,0,815403.06,828063.83,812412.29,1162132.52,691938.37,340035.51,814214.4225000001,946765.0225,892922.255,11130.378976221313,-0.5773742497360753,-0.5758184185027531,0.01345394779504061,3256857.6900000004,2,False,True,False,473181.2506603774,0.41295521385081635,-0.24351087335035387,-0.10692588092345079,0.6526945961277609,0.599871877134739,-0.07506702412868632,2.6049428887701827,2.6977166261851173,2.6300005935946,3.1647866419588935,0.1778548811823742,-0.4246450761573617,-0.43512746987842116,1.1583081467242158,1.1064167634891418,-0.413590601271782,2.216868133031205,2.2958517077209604,2.3189692369964434,3.1653970806528755
2024-01-08,Electronics,298889.61,298889.61,42954.56,303,986.4343564356435,0.14298599857292274,574.4571287128713,519,0,344610.33,815403.06,800978.51,1063687.64,705038.48,340559.08,697263.9325,844574.74875,863978.2516666666,235362.65887257436,-0.13267367812218522,-0.6268444080977903,-0.12235606814535682,2789055.73,2,False,True,False,473181.2506603774,0.19660348514101184,-0.4508582872713508,-0.3110571081409477,0.630827682827115,0.6123383011758102,-0.34316353887399464,0.3855251943803033,2.642615954021329,2.0649116290569607,2.6877138011560717,-0.020245631495438714,-0.5629268776068488,-0.6016603756683131,1.117130687985604,1.1294170297307593,-0.6396963285417999,0.1745263192928486,2.245216814612991,1.7918911496034642,2.671923593601471
2024-01-15,Electronics,309517.34,309295.5494,41743.26,318,973.3249685534591,0.13686678161001525,543.891823899371,576,0,298889.61,344610.33,828063.83,1122021.65,739115.07,369824.15,571741.7075,748974.995,830132.5124999998,289314.6009336729,0.03555737517941848,-0.6262156022440927,-0.16306888016912902,2286966.83,2,False,True,False,473181.2506603774,0.24689420142371818,-0.49260139365389677,-0.23815309842041313,0.6077770204043594,0.519429908038519,-0.1903485254691689,0.1699879345584592,2.7731431583029655,1.4584051992702145,2.2414086448244714,0.025802610124583434,-0.5907657198644879,-0.5421843378862088,1.0737241180797064,0.9580031767125716,-0.5108160639978897,-0.02381433522453023,2.365165097944937,1.226181555070674,2.210275511909469
2024-01-22,Electronics,356479.72,356479.72,49888.2,351,1015.6117378917378,0.13919768576139863,569.9824786324787,632,0,309517.34,298889.61,815403.06,969420.68,1004854.96,331187.01,442105.085,647411.95625,794332.7016666665,249630.9194225689,0.15172778365179784,-0.562817779957804,0.07636987332323208,1768420.34,2,False,True,False,473181.2506603774,0.4691215000604573,-0.21191527386568992,-0.07776427703523693,0.6821312201370762,0.5987368484385449,-0.040214477211796246,0.22008932846315743,2.712129483288131,0.8320185567287269,1.7672640355677651,0.22928303551093454,-0.40357369488476713,-0.4113370547655794,1.2137400841852657,1.104322661594458,-0.38419685672667964,0.022289727096316613,2.309096436870946,0.6419289962025103,1.7198309221424373
2024-01-29,Electronics,266178.6,266033.9294,36634.15,266,1000.6714285714285,0.14135098321299938,593.5281954887218,453,0,356479.72,309517.34,344610.33,812412.29,1162132.52,277785.31,327374.25,570794.3362499999,740301.4316666666,27534.5527677788,-0.25331348442486434,-0.22759541189609733,-0.041783023011548126,1309497.0,2,False,True,False,473181.2506603774,0.041814068846961795,-0.6686685299951254,-0.4908869987849332,0.6558611890929863,0.670308021431165,-0.5201072386058981,0.44148003928118823,0.4433263514432971,0.2776546652162696,1.4095765151450967,-0.1619771670270109,-0.7081864309739794,-0.748367935530837,1.164271139734468,1.236369833151578,-0.7889261085400118,0.2260168159718602,0.22417442861479533,0.1248545566101714,1.3498469430068545
2024-02-05,Electronics,245248.88999999998,245248.88999999998,34121.11,229,1070.9558515283843,0.14020492343700003,588.6023580786026,430,0,266178.6,356479.72,298889.61,800978.51,1063687.64,229419.96,307766.3175,502515.125,665638.6050000001,37347.00276159005,-0.07863032565352734,-0.17946665994846722,0.06899543527075847,1231065.27,2,False,True,False,473181.2506603774,-0.05722590558683709,-0.7552714327141824,-0.6707168894289186,0.7794445723690795,0.655335108796327,-0.5817694369973191,0.015781232183585462,0.22299305800819924,0.1829117849329213,1.0908166558799826,-0.2526622280058831,-0.7659426632427301,-0.895075495393361,1.3969902983858653,1.2087451529803293,-0.8409304258121159,-0.16571768087010452,0.02169862708464593,0.036484584326766475,1.0201288667926103
2024-02-12,Electronics,218213.87,218178.0394,29904.93,212,1029.3107075471698,0.1385789428582523,588.3756132075472,365,0,245248.88999999998,266178.6,309517.34,828063.83,1122021.65,249946.34,294356.1375,433048.9225,597435.3758333334,49310.907990255175,-0.11023503511065835,-0.2949866072123779,-0.12695713007840004,1177424.55,2,False,True,False,473181.2506603774,-0.18515637808823543,-0.9005669418927206,-0.7533414337788579,0.706218563337598,0.6546458795623826,-0.7560321715817694,-0.08288590040456809,0.27420928453829324,0.11811560724727539,0.7665153564477641,-0.3698006134524579,-0.8628415074182549,-0.9624816715464124,1.2590988217046104,1.207473540862051,-0.9878991485376275,-0.25651267229322566,0.06876389968306566,-0.023953059209362127,0.684678848684659
2024-02-19,Electronics,235173.74,235103.7894,33248.19,237,992.2942616033755,0.13917634357696923,541.0132489451477,426,0,218213.87,245248.88999999998,356479.72,815403.06,969420.68,228029.72,271530.26999999996,356817.6775,522118.06083333335,59939.966830030695,0.07772131991426567,-0.34028858640261495,0.0313293372460397,1086121.0799999998,2,False,True,False,473181.2506603774,-0.1049017978192994,-0.7853534870553465,-0.6318347509113001,0.6411313443759747,0.5106799945286096,-0.5924932975871313,-0.2103347710704007,0.5005262772048688,0.007824099873100407,0.41063161844098606,-0.2963162295243602,-0.7860046480388486,-0.863354941909572,1.136533453819603,0.9418597871041309,-0.8499746549029166,-0.3737930554912685,0.276738435785372,-0.12682577556126096,0.31656066177726794
2024-02-26,Electronics,261741.73,261741.73,35977.090000000004,267,980.3061048689138,0.13853794013150209,558.3625468164794,479,0,235173.74,218213.87,266178.6,344610.33,812412.29,273739.41,241203.775,284289.0125,460930.81583333336,20041.63909758732,0.11297175441441731,-0.01666877051723903,-0.04382883706807128,964815.1,2,False,True,False,473181.2506603774,0.02081867563004259,-0.691311744293578,-0.48602673147023084,0.620052179090714,0.5634161081424253,-0.450402144772118,-0.1303823139189233,0.06535502070501555,-0.13870942604548164,0.07203328631560392,-0.1812014098141936,-0.7232873883700038,-0.7444028663453633,1.0968393988405418,1.039156706386666,-0.7301386194498071,-0.300219592161521,-0.12316322042367699,-0.2635026803090112,-0.03367788750280148
2024-03-04,Electronics,324299.68,324299.68,44192.25,303,1070.2959735973598,0.13795004636640978,576.825808580858,573,0,261741.73,235173.74,245248.88999999998,298889.61,800978.51,314742.42,240094.5575,273930.4375,415041.6025,18240.487485316808,0.23900640528355943,0.32232883908261534,0.030365338107268824,960378.23,2,False,True,False,473181.2506603774,0.31684464869086715,-0.4082057442691106,-0.3110571081409477,0.7782842875743223,0.6195383026720852,-0.19839142091152814,-0.005135122632912125,-0.035507606457056626,-0.14406901512049985,0.023674527496650274,0.08985210743297518,-0.5344815241239316,-0.6016603756683131,1.3948053727585368,1.1427008672457344,-0.5175992358159902,-0.18496522771119792,-0.2158511703956717,-0.2685017550320228,-0.08369910712140055
2024-03-11,Electronics,340161.9,340132.8294,48020.04,319,1066.3382445141067,0.14047606811389798,590.5308463949843,576,0,324299.68,261741.73,218213.87,309517.34,828063.83,306233.96,259857.255,277106.69625,375318.36666666664,46546.839537965876,0.04891222834385789,0.5588463739724703,0.11079091293467247,1039429.02,2,False,True,False,473181.2506603774,0.3919051183898404,-0.2762947022646144,-0.2332928311057108,0.7713252840053786,0.6611970739150235,-0.1903485254691689,0.28977644313140477,-0.1657924093797519,-0.04857833127004661,0.038502815252238275,0.1585805507778801,-0.44650889801531374,-0.5382192687007352,1.3817009131403808,1.2195603440876512,-0.5108160639978897,0.08641686662733059,-0.3355766984250556,-0.1794342804107022,-0.06836105758280613
2024-03-18,Electronics,316041.78,316041.78,44750.2,316,1000.1322151898735,0.13986893665414946,563.9716455696203,561,0,340161.9,324299.68,235173.74,356479.72,815403.06,343653.15,290344.2625,280937.26625,334659.8725,49988.86143271326,-0.07090776480258365,0.34386509310095614,-0.08034662275029336,1161377.05,2,False,True,False,473181.2506603774,0.2777680344006135,-0.3889780003525404,-0.24787363304981774,0.6549130726939782,0.5804659087343869,-0.23056300268096513,0.36455434324958436,-0.08406088779979627,0.09873076935899941,0.05638573937733458,0.05407195734692878,-0.521658373758498,-0.550114476257156,1.1624857471935646,1.0706131971726083,-0.5447319230883924,0.1552286241171221,-0.26046932321099225,-0.04203397021588896,-0.04986336043484734
2024-03-25,Electronics,331194.71,331097.3594,46090.7,336,985.6985416666668,0.13954128511209798,573.0669940476191,587,0,316041.78,340161.9,261741.73,266178.6,344610.33,330741.25,310561.2725,275882.52375,293046.43250000005,34050.573570286244,0.04794597094093067,0.26534928152266746,0.001371041561946118,1242245.09,2,False,True,False,473181.2506603774,0.3494721239363569,-0.34278247975004467,-0.15066828675577157,0.629533875824241,0.6081127526729869,-0.16085790884718498,0.25084693506847844,0.04397324501024577,0.19641662981967042,0.03278779531172572,0.11972716141132253,-0.4908501775673271,-0.4708130925476837,1.114694327455698,1.1216209897226854,-0.4859444339981877,0.05059334304898242,-0.1428120538089576,0.049081021808554295,-0.07427254651574804
2024-04-01,Electronics,380381.06,380232.3094,53311.87,363,1047.8817079889807,0.13909267678387635,587.9762258953168,647,0,331194.71,316041.78,324299.68,245248.88999999998,298889.61,361914.31,327924.5175,284009.5375,291928.4641666667,10243.47901241626,0.1485118829343619,0.17293072876297622,0.051025199860154746,1311698.07,2,False,True,False,473181.2506603774,0.5822233109567162,-0.0939307770203734,-0.019441069258809233,0.7388725564823716,0.6534318745444332,0.0,0.32228109031520713,0.345447044067832,0.28031348342039786,0.07072856398449866,0.3328436904543982,-0.3248888033862021,-0.363756224539896,1.3205893684902013,1.2052337294662965,-0.3502809976361769,0.11632813580937687,0.13422800742220845,0.12733452861759545,-0.03502746313003879
2024-04-08,Electronics,345190.68,345190.68,47838.84,351,983.4492307692308,0.1396875254081926,555.6215384615384,635,0,380381.06,331194.71,340161.9,218213.87,309517.34,352939.9,341944.86250000005,300901.05875,298719.41833333333,27489.729568878625,-0.09251349160234212,0.014783489861739385,-0.02195620274160004,1367779.4500000002,2,False,True,False,473181.2506603774,0.4157014463195248,-0.28253910982386277,-0.07776427703523693,0.6255788394299725,0.5550843514860685,-0.032171581769437,0.5541560717161594,0.4218888668079831,0.34805789593641623,0.14958622560436258,0.1803694442192766,-0.45067334795924535,-0.4113370547655794,1.1072466211564331,1.0237848065760038,-0.37741368490857913,0.32970300944043224,0.20447440136673886,0.19052209309201304,0.04654114009371396
2024-04-15,Electronics,362545.0,362545.0,50892.05,367,987.8610354223433,0.14168085593498803,572.651416893733,636,0,345190.68,380381.06,316041.78,235173.74,356479.72,353420.82,343202.0575,316773.16,301692.19666666666,27495.999189003476,0.050274590264140384,0.1471426341162867,0.02581675861654098,1372808.23,2,False,True,False,473181.2506603774,0.49782257504591265,-0.1773211870646339,0.0,0.6333362588188857,0.6068495359039174,-0.029490616621983913,0.3882610884943418,0.3056512949226373,0.3541324922957121,0.2236847494166398,0.25556291643876095,-0.3805025962301553,-0.34789594779800154,1.1218545730156304,1.1192903837755628,-0.3751526276358789,0.177043930538891,0.09765760954886323,0.1961880799218244,0.12318699750507484
2024-04-22,Electronics,330204.44,330204.44,46420.9,327,1009.7995107033639,0.1414834988835082,573.7282262996943,579,0,362545.0,345190.68,331194.71,261741.73,266178.6,364369.45,354827.8625,332694.5675,302197.63666666666,21322.29894808282,-0.08920426429822503,-0.0029899934090131808,-0.09376474893819997,1419311.45,2,False,True,False,473181.2506603774,0.34478613853653245,-0.3314033220454984,-0.19441069258809235,0.6719113923275992,0.6101226794970674,-0.18230563002680966,0.4700730673711273,0.3786749693549624,0.4103068110981943,0.2980134582738697,0.1154364810657492,-0.48326131790128846,-0.5064987152169462,1.1944951851839958,1.1253292585837251,-0.5040328921797892,0.25232855395479603,0.1647628880151744,0.24858381647499087,0.2000709531837962
2024-04-29,Electronics,400633.14,400451.8388,56734.0,365,1097.6250410958905,0.14132200155284852,595.2427397260274,690,0,330204.44,362545.0,380381.06,324299.68,245248.88999999998,360493.13,354580.295,341252.40625,307533.12333333335,21690.72902686973,0.21328816777872528,0.05324155729520297,0.11134750334909294,1418321.18,2,False,True,False,473181.2506603774,0.678056721234797,0.02400064925297129,-0.009720534629404616,0.826337874431222,0.675519667479612,0.11528150134048257,0.3176127455847702,0.6157095236566316,0.40911059839119174,0.3379655231208921,0.4205926898313127,-0.24623930511563757,-0.35582608616894873,1.4852948059417665,1.2459852004996195,-0.25305553491006927,0.11203225420582977,0.3825863527504728,0.24746806737124052,0.24139647639276138
2024-05-06,Electronics,357436.98,357436.98,48805.36,376,950.6302659574468,0.13832448542867418,559.8971276595745,641,0,400633.14,330204.44,345190.68,340161.9,218213.87,372624.1,359643.315,350794.08875,320481.81083333335,30354.085661727473,-0.1078197375284532,0.03547691380311879,-0.04075721350283035,1438573.26,2,False,True,False,473181.2506603774,0.47365128121492617,-0.24923146747196095,0.04374240583232078,0.5678721878502441,0.568080725136798,-0.0160857908847185,0.6496287114491465,0.4461231233848818,0.43357442688163556,0.38251063890607784,0.2334306888454832,-0.42846019034440713,-0.312210325128739,0.9985795572824696,1.047762817684684,-0.36384734127237806,0.4175583801025372,0.22674452881046192,0.27028632916759904,0.28747294886734814
2024-05-13,Electronics,383801.92,383595.3694,53179.15,383,1002.0937859007832,0.13931571807611817,576.1713838120104,682,0,357436.98,400633.14,362545.0,316041.78,235173.74,372911.96,362704.89,352953.47375,332083.73666666663,28997.74611267209,0.07376108649977953,0.05863250079300486,0.029202495945691798,1450819.56,2,False,True,False,473181.2506603774,0.5984109163722524,-0.09850449540482943,0.07776427703523693,0.6583621661743072,0.617549068340091,0.0938337801608579,0.4459927678063965,0.5297555438919646,0.4483675435808844,0.3925916759611039,0.34766572562355175,-0.3279390561265917,-0.2844548408304236,1.1689807152999074,1.1390307755576854,-0.2711439930916707,0.23016949718386448,0.30359873959302835,0.28408438247554296,0.2979005483514576
2024-05-20,Electronics,394298.8,394066.65880000003,54491.95,369,1068.560433604336,0.1382936314373379,589.3356910569106,671,0,383801.92,357436.98,330204.44,331194.71,261741.73,382513.36,368019.12,361423.49124999996,344469.41833333333,30847.48929211888,0.027349732903889645,0.19410508229386614,0.0308105316896643,1472076.48,2,False,True,False,473181.2506603774,0.6480824467868953,-0.05326355586961407,0.009720534629404616,0.7752326312452917,0.6575641979241764,0.064343163538874,0.5702827379330114,0.3739027468158165,0.4740451848461313,0.43213374940989524,0.3931470152777278,-0.2977674783871146,-0.3399658094270543,1.389058816267211,1.2128577712618769,-0.29601562309137264,0.34454301220968686,0.1603774428169959,0.308034809569661,0.33880198561873376
2024-05-27,Electronics,381435.61,381435.61,54710.96,366,1042.1737978142075,0.14275706755029646,593.9679781420765,650,0,394298.8,383801.92,400633.14,380381.06,324299.68,352348.51,384042.71,369311.5025,355515.8408333333,19046.894745423895,-0.032622949904995924,-0.04791797802847764,0.08255207322999603,1536170.84,2,False,True,False,473181.2506603774,0.5872134711184748,-0.045716162384233476,-0.004860267314702308,0.7288361526654618,0.6716448148936266,0.00804289544235925,0.6197672769314944,0.7133065756127486,0.5514690065101164,0.4689587406466189,0.3374128856823908,-0.2927340557479289,-0.35186101698347516,1.301689874154956,1.2388361864093667,-0.3434978258180764,0.39007943529292755,0.4722733946573524,0.3802506948589768,0.3768929337549621
2024-06-03,Electronics,380776.61,380584.6594,53954.11,380,1002.0437105263157,0.14292607045686317,551.6405789473685,696,0,381435.61,394298.8,357436.98,345190.68,340161.9,360814.4,379243.32749999996,369443.32125,360277.1683333333,15575.3107152489,-0.0017276834745449943,0.0652971888918712,0.05532542492760806,1516973.3099999998,2,False,True,False,473181.2506603774,0.5840950646450037,-0.07179828082362089,0.06318347509113001,0.6582741170172515,0.5429835543939754,0.13136729222520108,0.559127446124636,0.5051394208402639,0.5282790387951877,0.4695741333178179,0.3345575448685393,-0.31012844835314163,-0.2963500483868445,1.1688149104383898,1.001459113663827,-0.23948919127386817,0.33427774354832246,0.2809776950484097,0.35862060721447553,0.3775294821840267
2024-06-10,Electronics,361446.47000000003,361446.47000000003,50213.979999999996,366,987.5586612021859,0.13896697492074492,550.7522131147541,658,0,380776.61,381435.61,383801.92,362545.0,316041.78,407934.19,385078.235,373891.5625,363661.72750000004,6282.7937901719015,-0.05076504042619623,-0.05824736364007754,-0.11395887165035123,1540312.94,2,False,True,False,473181.2506603774,0.4926243002912811,-0.20068843559498423,-0.004860267314702308,0.632804584408392,0.540283216787991,0.029490616621983913,0.5560207790769037,0.6321950328564077,0.5564725233829643,0.49034064085165063,0.2508031629573645,-0.39608641837961256,-0.35186101698347516,1.1208533799894602,0.9964770527556408,-0.325409367636475,0.33141894142694395,0.397735750450737,0.38491764868232203,0.3990098935806486
2024-06-17,Electronics,370984.52,370984.52,52900.42,380,976.275052631579,0.14186064059644996,577.7890526315789,654,0,361446.47000000003,380776.61,394298.8,330204.44,331194.71,411474.45,379489.3725,373754.24625,367445.45166666666,13543.882927848994,0.026388554852949664,-0.05912845791059973,-0.09840205145179726,1517957.49,2,False,True,False,473181.2506603774,0.5377586202674439,-0.10810992431757376,0.06318347509113001,0.6129642490388787,0.6224662452362961,0.01876675603217158,0.46489436182948046,0.6827806785153782,0.5294678949879209,0.4896995832336219,0.2921299967199695,-0.33434500056849037,-0.2963500483868445,1.0834921585035624,1.1481028540781373,-0.3344535967272757,0.2475630305945565,0.44422154926505564,0.35972949464207526,0.3983467979040279
2024-06-24,Electronics,383059.74,383052.1094,55277.51,359,1067.018774373259,0.1420864262705529,584.3210027855152,676,0,370984.52,361446.47000000003,381435.61,400633.14,380381.06,337590.43,373660.8025,378851.75625000003,370761.2691666666,9441.658655116984,0.03254912091749795,0.004257940154040796,0.13468779313442036,1494643.21,2,False,True,False,473181.2506603774,0.5948988998070313,-0.026192050338471384,-0.038882138517618466,0.7725218817560061,0.642321208128309,0.0777479892761394,0.5098587709867233,0.620791518747522,0.5013050323437785,0.5134971863467146,0.34444997927268023,-0.2797132548884675,-0.3796165012817905,1.3839542194861705,1.1847348049270106,-0.28471033672787177,0.2889399616625598,0.38725646416830733,0.3334610153237236,0.4229625068425648
2024-07-01,Electronics,366978.69,366814.9888,51793.74,373,983.8570777479893,0.14337266745703653,557.3665683646113,663,0,383059.74,370984.52,380776.61,357436.98,345190.68,362799.93,374066.835,376655.08125,370984.4925,9910.7298651825,-0.041980527632582865,-0.03623625936477559,0.011518083809994195,1496267.34,2,False,True,False,473181.2506603774,0.5188029204136884,-0.1462476779470926,0.02916160388821385,0.6262959700169985,0.5603886638513559,0.04289544235924933,0.5667839425620161,0.6176157236075127,0.503266926517917,0.5032420618215143,0.27477338079834435,-0.3597794015836676,-0.3241055326851598,1.1085970456425716,1.0335711411518516,-0.31410408127297407,0.34132336765969495,0.38433805970730217,0.3352909421031617,0.41235483516902977
2024-07-08,Electronics,342062.61,341999.0994,48214.86,361,947.5418559556787,0.1412203865716222,553.7096121883657,631,0,366978.69,383059.74,361446.47000000003,383801.92,362545.0,339234.1,370617.355,377847.795,372800.16,9170.473802566245,-0.06789516851782329,-0.05362857742116012,0.00833792947112344,1482469.42,2,False,True,False,473181.2506603774,0.40089933139164796,-0.2695809302961114,-0.02916160388821385,0.5624417362522282,0.5492727294878154,-0.04289544235924933,0.4909744309870002,0.5244616042331566,0.48659950527501916,0.5088102173425487,0.16681602094221343,-0.4420314248471199,-0.3716863629108432,0.9883535050941745,1.0130624973704863,-0.38645791399937984,0.2715623056657743,0.29873386121283424,0.31974465990374246,0.4181144108279281
2024-07-15,Electronics,343262.07,343214.1994,47501.27,326,1052.9511349693253,0.13855283460025278,596.44,575,0,342062.61,366978.69,370984.52,394298.8,330204.44,387588.4,365771.39,372630.38125000003,371093.2941666667,17220.41029803068,0.0035065510375424935,-0.07472670288237371,-0.11436443918342243,1463085.56,2,False,True,False,473181.2506603774,0.4065752097356081,-0.2941722481228441,-0.19927095990279464,0.747786294564646,0.6791589417777301,-0.19302949061662197,0.37351469700420525,0.5704265402501011,0.46318445721463375,0.4844528464498401,0.17201308785053276,-0.45843158950214247,-0.5104637844024199,1.3373747774339866,1.2526995780554626,-0.5130771212705899,0.16347407750122714,0.3409734479644129,0.29790463201011586,0.3929196906053255
2024-07-22,Electronics,366153.5,366139.5094,52894.2,377,971.2294429708223,0.1417741910194899,576.2987002652519,639,0,343262.07,342062.61,383059.74,381435.61,400633.14,393515.41,358840.77749999997,366250.79,372181.43,19807.29492268305,0.06668790991093188,-0.044134734702216405,-0.0695319911360015,1435363.1099999999,2,False,True,False,473181.2506603774,0.5148980982014826,-0.1083242742900822,0.04860267314702309,0.6040923897230708,0.6179360681479708,-0.021447721179624665,0.37916920816820077,0.6286183839383316,0.4296966741259383,0.45466987778646123,0.2711979654930603,-0.3344879524374267,-0.30824525594326535,1.0667856112241778,1.1397447813212758,-0.3683694558177784,0.1686774444094346,0.39444898046155824,0.266669414603486,0.3621128532755629
2024-07-29,Electronics,359976.46,359798.1494,49953.06,364,988.9463186813188,0.13925197935315167,571.3901373626373,641,0,366153.5,343262.07,366978.69,380776.61,357436.98,375309.29,354614.2175,364340.52625,369308.12666666665,13813.632451478707,-0.016870083175498762,-0.019080753708069498,-0.04085385149938592,1418456.87,2,False,True,False,473181.2506603774,0.48566817176310617,-0.2096801067890186,-0.014580801944106925,0.6352445476162374,0.6030156642888276,-0.0160857908847185,0.48708430870912733,0.5511219948089724,0.409274507327354,0.44575185730904626,0.24443384649337369,-0.40208304243794923,-0.35979115535442235,1.1254480606804844,1.112216978636067,-0.36384734127237806,0.26798255616267813,0.32323349023751097,0.2476209509240979,0.3528882521534783
2024-08-05,Electronics,372798.9,372575.76820000005,50623.79,357,1044.2546218487396,0.138103494138669,623.3182352941176,612,0,359976.46,366153.5,342062.61,361446.47000000003,383801.92,332199.57,352863.66000000003,361740.5075,369519.75,12056.325901035822,0.035620218055369524,0.08985574307580713,0.12221367414774198,1411454.6400000001,2,False,True,False,473181.2506603774,0.546344317289199,-0.1865658050107925,-0.04860267314702309,0.732494933137305,0.7608598659719984,-0.0938337801608579,0.4579644200588629,0.43104860213509555,0.4008160500345406,0.4336137321657706,0.2999914129048496,-0.38666791268688305,-0.3875466396527377,1.3085797026296733,1.40343590809393,-0.4294180021806832,0.24118599310374064,0.2128917618266433,0.23973145427494805,0.3403328467134226
2024-08-12,Electronics,341538.67,341538.67,49212.21,358,954.0186312849162,0.14379063823010668,569.6927374301677,604,0,372798.9,359976.46,343262.07,370984.52,394298.8,378996.53,360547.7325,363159.56124999997,368602.8316666667,12657.490729604067,-0.08385279570299176,-0.005020653752976667,-0.0988343085885246,1442190.93,2,False,True,False,473181.2506603774,0.39842003262425724,-0.235210842662468,-0.04374240583232078,0.5738300606380811,0.5978561312431289,-0.11528150134048257,0.5184121466438775,0.43682893481891305,0.43794445003061694,0.4402385505454589,0.1645458733458411,-0.4191097131938082,-0.3835815704672641,1.0097987932815353,1.102697758582062,-0.44750646036228464,0.29681090763067325,0.2182036122284602,0.2743624014106886,0.3471854108237703
2024-08-19,Electronics,370259.01,370199.4194,51828.94,370,1000.7000270270271,0.1406174303325986,556.6595675675676,675,0,341538.67,372798.9,366153.5,383059.74,381435.61,312875.37,360116.88249999995,359478.82999999996,364206.1541666666,13446.734633174457,0.08409103425975162,0.011212537911012843,0.18340734203526465,1440467.5299999998,2,False,True,False,473181.2506603774,0.5343254866095258,-0.14503463630202876,0.014580801944106925,0.6559114746861612,0.5582396158244863,0.07506702412868632,0.3710447317037669,0.5471453113619551,0.43586264104998707,0.42305514502914643,0.2889864787930234,-0.3589704135150892,-0.33600074024158066,1.1643658322459185,1.0296061968646062,-0.2869713940005719,0.16120117798153813,0.3195791075710817,0.27242062592985666,0.3294112800950464
2024-08-26,Electronics,342539.2,342303.9388,48292.72,345,992.8672463768116,0.14138492871860464,583.6888695652174,610,0,370259.01,341538.67,359976.46,366978.69,380776.61,416062.79,361143.26,357878.73875,363274.7708333333,14196.856614288075,-0.07486599718397124,-0.04844000077116151,-0.1767127264613112,1444573.04,2,False,True,False,473181.2506603774,0.403154568631696,-0.2668977648846155,-0.10692588092345079,0.6421388421100074,0.6403997327134576,-0.09919571045576407,0.5064385615636576,0.517377460661434,0.4408219584389075,0.41558515742495716,0.16888100861819763,-0.44024199839770206,-0.43512746987842116,1.1384306670111488,1.1811897268859701,-0.43394011672608357,0.28579263309339237,0.2922238707094621,0.27704635336069705,0.32168449182291
2024-09-02,Electronics,401733.6,401516.6988,57399.26,379,1059.9831134564643,0.14238081509417075,600.6335356200527,679,0,342539.2,370259.01,372798.9,342062.61,361446.47000000003,375903.18,356783.945,354823.80250000005,360088.32,17062.505974081156,0.1728105863504088,0.07761476764014041,0.06871561980401442,1427135.78,2,False,True,False,473181.2506603774,0.6832641288035314,0.0469264471164673,0.0583232077764277,0.7601508506925032,0.6919058997550966,0.08579088471849866,0.3757614442701822,0.5791702415947599,0.41975833741907764,0.4013232608493155,0.4253608056917239,-0.23094989027181928,-0.3003151175723181,1.3606584020030315,1.2762174229710725,-0.2779271649097712,0.16554156840111767,0.34900849301139103,0.25739958306889643,0.3069323046656931
2024-09-09,Electronics,369794.19,369744.9594,52813.58,373,991.4053351206435,0.14281614294509906,576.567855227882,649,0,401733.6,342539.2,341538.67,343262.07,370984.52,398242.87,364017.62,362282.67624999996,363445.5808333333,28449.22855012161,-0.07950395485963824,0.08273007563096746,-0.07143550366639329,1456070.48,2,False,True,False,473181.2506603774,0.5321259453394213,-0.11110255319420231,0.02916160388821385,0.6395683160747107,0.6187542099998342,0.005361930294906166,0.6548165154238769,0.42852367632985044,0.45471047755591504,0.4361448339650452,0.28697248863051283,-0.3363408109058579,-0.3241055326851598,1.1335901242102664,1.14125423426097,-0.34575888309077657,0.422332275978853,0.2105714752814247,0.29000065711161654,0.34295096186092977
2024-09-16,Electronics,414302.16,414203.8494,56541.67,384,1078.911875,0.13952560543415155,589.3725000000001,710,0,369794.19,401733.6,370259.01,366153.5,383059.74,396420.29,371081.5,365599.19125000003,363346.38666666666,24197.43636927931,0.12035875955757969,0.11895227073609904,0.04510836213756875,1484326.0,2,False,True,False,473181.2506603774,0.7427389070527124,0.017372686196292376,0.08262454434993925,0.7934339068002442,0.6576760849076824,0.16890080428954424,0.5042473005968489,0.5669302259374633,0.488842191196603,0.4516279046581131,0.47981835097145376,-0.2506595515710258,-0.28048977164495,1.4233335336381359,1.2130642001785519,-0.20783438945606567,0.2837762015272935,0.3377605016510534,0.3218364908902823,0.3589663042399135
2024-09-23,Electronics,391176.36,391020.2894,55825.25,387,1010.7916279069767,0.14375405962920573,569.5331524547803,684,0,414302.16,369794.19,342539.2,359976.46,366978.69,424636.57,382092.2875,371617.77375,365949.9216666667,32346.802913069256,-0.05581868074257679,0.14199005544474907,-0.0787972877606844,1528369.15,2,False,True,False,473181.2506603774,0.6333069731768419,-0.007316157421790359,0.09720534629404617,0.6736558642243661,0.5973710458260993,0.09919571045576407,0.7140673973501991,0.4333453429632855,0.5420448285444155,0.47972551263502816,0.3796179858834901,-0.26712475702815275,-0.26859456408852916,1.1977801901850291,1.1018027871207312,-0.26662187854627034,0.47685583590400166,0.21500235724708416,0.3714604370250143,0.38802984213244746
2024-09-30,Electronics,611973.91,611817.5594,84936.92,603,1014.8821061359868,0.1396999744583301,578.8954726368158,1082,0,391176.36,414302.16,401733.6,372798.9,342062.61,663171.23,394251.57749999996,375517.76125,367966.3941666667,18846.991672209835,0.5644450242340822,0.5233326512893124,-0.07720075552734695,1577006.3099999998,2,False,True,False,473181.2506603774,1.678127169302132,0.9959130490370359,1.1470230862697448,0.680848284927142,0.6258293952342675,1.1662198391420913,0.6050474264663636,0.7186098161586887,0.6007968747787908,0.497932510693104,1.3362981924289035,0.40193756360789745,0.5878603799737725,1.21132419626615,1.154307788637478,0.633278915988401,0.3765340057088955,0.4771468201097919,0.4262605094082643,0.40686275411573575
2024-10-07,Electronics,692860.6,692490.1576,95908.53,667,1038.7715142428785,0.14146822161173445,578.7987556221889,1200,0,611973.91,391176.36,369794.19,341538.67,343262.07,691938.37,446811.655,405414.6375,390459.00249999994,111598.10886480572,0.13217342876594196,0.8736384149247991,0.001332821014102814,1787246.62,2,False,True,False,473181.2506603774,2.060885253844852,1.3740102036789965,1.4580801944106927,0.7228538069774704,0.6255354075749637,1.482573726541555,1.6459343351234579,0.5646902060634433,0.8547600669851091,0.6375053600487203,1.6867671867450758,0.6540938585821705,0.8416248078440841,1.2904245533782877,1.1537653881533085,0.9000836741670222,1.3343739212402708,0.33570203008570526,0.6631407920126962,0.5512337909438061
2024-10-14,Electronics,719678.74,719346.0788,100317.95,689,1044.526473149492,0.14029930438923477,600.876023222061,1206,0,692860.6,611973.91,414302.16,370259.01,366153.5,705038.48,527578.2575000001,449329.87875,419592.2133333333,148186.62873734353,0.03870640068146458,0.7370866229613673,0.020765192844509617,2110313.0300000003,2,False,True,False,473181.2506603774,2.1877894441065444,1.525965035797651,1.5650060753341435,0.7329729381074185,0.6926429816718572,1.4986595174262736,2.0272515042025745,0.7791791208095479,1.2450133765347153,0.842522610016492,1.8029658660980117,0.7554338633932656,0.9288563299245037,1.3094798310411724,1.2775773221908906,0.9136500178032233,1.685267761852236,0.5328071259859849,1.027143596711753,0.763299053508397
2024-10-21,Electronics,724490.76,724336.5788,101477.73,706,1026.1908781869688,0.13917065841296988,575.1824787535411,1254,0,719678.74,692860.6,391176.36,342539.2,359976.46,739115.07,603922.4025,493007.345,449052.6500000001,149036.0560607143,0.0066863445208900085,0.8520821657014244,-0.01978624248589589,2415689.61,2,False,True,False,473181.2506603774,2.2105600576398867,1.5659326903178767,1.6476306196840826,0.7007328660613487,0.6145431248198701,1.6273458445040214,2.1536779561289348,0.6677332888689884,1.6138979690367332,1.0464298131025087,1.8238155733864334,0.7820886412959857,0.9962625060775553,1.2487687366972031,1.1334848787516267,1.022180766892832,1.8016072998240507,0.4303937149323986,1.3712150574662327,0.9742161083808284
2024-10-28,Electronics,927188.05,926884.4782,130104.24,924,1003.4502705627706,0.1406182134939917,570.2918722943722,1661,0,724490.76,719678.74,611973.91,401733.6,372798.9,1004854.96,687251.0025000001,540751.2899999999,479428.8416666666,52078.35742863258,0.2797789857250905,0.5150777424482034,-0.07729166207230531,2749004.0100000002,2,False,True,False,473181.2506603774,3.1697293160481648,2.5524425989210475,2.707168894289186,0.6607473172054709,0.599677302595596,2.7184986595174263,2.1763628483399042,1.7317815228841278,2.0165305043118837,1.2693212746520348,2.702070269887348,1.4400007161550064,1.8606475885108043,1.1734721794960998,1.1060577779300604,1.942431076881805,1.8224822815905388,1.4082033581782445,1.7467643955932866,1.204770056033214
2024-11-04,Electronics,1172070.65,1171867.7088,166178.39,1094,1071.3625685557586,0.14193986630203767,591.8837751371115,2024,0,927188.05,724490.76,692860.6,369794.19,341538.67,1162132.52,766054.5375,606433.0962500001,525627.9375,108319.93280889741,0.26411319688600376,0.6916399200647287,0.008551632304377721,3064218.15,2,False,True,False,473181.2506603774,4.328520643939578,3.795608685860638,3.5334143377885785,0.7801597161258931,0.6653095287466457,3.6916890080428955,3.131921257304454,2.121583582054757,2.397298536964467,1.5759552110030286,3.76310711720462,2.2690790381465984,2.5347093500413194,1.3983369814834516,1.227147728867947,2.76319486687197,2.7018016179329876,1.7664128831129065,2.1019199533648325,1.5219453485206003
2024-11-11,Electronics,1059660.89,1059372.1582,148409.87,1051,1008.2406184586107,0.14055029898861582,575.3503235014272,1877,0,1172070.65,927188.05,719678.74,414302.16,370259.01,1063687.64,885857.0499999999,706717.6537499999,594838.9358333334,213916.4842088148,-0.09590698308160861,0.4724082164772574,-0.003785650832607179,3543428.1999999997,2,False,True,False,473181.2506603774,3.7965945084838326,3.1832804264530603,3.324422843256379,0.6691703414707478,0.6150533172068846,3.297587131367292,4.286350246656517,2.2508232158576265,2.9761680888375075,2.0441312612230615,3.276053739961438,1.8607119734791273,2.364211375065954,1.1893335280718738,1.1344261719963553,2.4308194477850438,3.764124677673023,1.8851779505057158,2.641851672790492,2.0062161941785708
2024-11-18,Electronics,1196580.73,1196118.6782,167237.87,1146,1044.136762652705,0.1410084311249293,595.0754712041885,2051,0,1059660.89,1172070.65,724490.76,391176.36,342539.2,1122021.65,970852.5874999999,787387.4949999999,652289.0925,192333.3609070584,0.12921099692562965,0.651616274581611,0.06645066073368566,3883410.3499999996,2,False,True,False,473181.2506603774,4.444503029580391,3.8321198609206393,3.7861482381530984,0.7322876974856007,0.6750112266287412,3.7640750670241285,3.756426578620862,2.2740128816082,3.3868550408647717,2.4207364793126174,3.8693053444804417,2.2934286597061817,2.7408929476859476,1.3081894583652043,1.2450471387988773,2.824243413234875,3.2764808835127064,1.9064881487370453,3.0249136449330476,2.3957682170932832
2024-11-25,Electronics,1114292.02,1113982.1682,155536.42,1111,1002.9631143114311,0.14018866207909136,570.299891989199,1975,0,1196580.73,1059660.89,927188.05,611973.91,401733.6,969420.68,1088875.0799999998,888063.04125,723459.2200000001,123177.61495380689,-0.06876987731534001,0.2017972190215349,0.14944114870749403,4355500.319999999,2,False,True,False,473181.2506603774,4.055110547095431,3.428871390533416,3.6160388821385174,0.6598907345490052,0.5997016798090528,3.5603217158176945,4.4018960097419235,3.2508339263351664,3.957123776626172,2.890737851129703,3.5127616234148977,2.0244987325736368,2.6021155261943707,1.1718591536196135,1.1061027533294119,2.6524030605096613,3.870451640797692,2.8041401599201397,3.5568230846989874,2.8819271346271793
2024-12-02,Electronics,797636.55,797432.4488,111448.59,790,1009.6665189873419,0.14089412735710705,587.9576962025317,1379,0,1114292.02,1196580.73,1172070.65,692860.6,369794.19,812412.29,1135651.0725,950852.8049999999,782839.0883333333,61290.36288691062,-0.2841763777506008,-0.3194637627006528,-0.018187489507328847,4542604.29,2,False,True,False,473181.2506603774,2.5566879863851977,1.909542588530932,2.0558930741190764,0.6716775486745928,0.6533755504216247,1.9624664879356568,4.013969418304291,4.430950725960142,4.183139051697234,3.1838703564680646,2.1407444953111896,1.0112450837239593,1.3293283176573392,1.1940548355452258,1.2051298127523973,1.3048129259803543,3.5134757095177216,3.888611286266945,3.7676353751204164,3.185136848544267
2024-12-09,Electronics,800023.99,799575.5076,112971.88,744,1075.301061827957,0.14101978010021987,595.4436290322581,1364,0,797636.55,1114292.02,1059660.89,719678.74,414302.16,800978.51,1042042.5475,963949.7987500001,818492.6183333333,172382.06957545324,0.0029931426788303295,-0.2450188569288425,-0.0011916923963416481,4168170.19,2,False,True,False,473181.2506603774,2.5679854193913036,1.9620373103351663,1.8323207776427703,0.7870848967436027,0.6761303043685369,1.9222520107238605,2.521187758011144,3.8892354459941023,3.730835307915179,3.245013357509192,2.1510888881376258,1.0462542722178414,1.1469351351255528,1.4113777492965636,1.247111811545093,1.2708970668898516,2.1397953917907007,3.3908007475043944,3.345755977089011,3.2483818026728195
2024-12-16,Electronics,833379.84,832899.9976,117758.3,801,1040.4242696629212,0.1396777296904316,588.6322347066167,1425,0,800023.99,797636.55,1196580.73,724490.76,391176.36,828063.83,977133.3225,973992.955,850636.1041666666,208611.66470652272,0.04169356221430309,-0.3035322907130553,0.006419807033474667,3908533.29,2,False,True,False,473181.2506603774,2.7258262366418835,2.1269840941637357,2.109356014580802,0.7257599005035119,0.6554259238403151,2.0857908847184987,2.532442661162036,4.549067558957473,3.417202703689317,3.291899591462686,2.295614411484682,1.1562587231043349,1.372944078697549,1.2958970013920448,1.2089127046522115,1.4088215605245626,2.1501523243197807,3.9971550295318825,3.0532199631983428,3.296879875471941
2024-12-23,Electronics,750245.93,749785.4876,103621.67,755,993.7032185430464,0.1401298998982361,569.0386622516556,1330,0,833379.84,800023.99,1114292.02,927188.05,611973.91,815403.06,886333.1000000001,987604.09,887486.3941666667,152845.9544804162,-0.09975512486599136,-0.3267061806652801,-0.07990788015929207,3545332.4000000004,2,False,True,False,473181.2506603774,2.3324342440637857,1.639815886468951,1.8857837181044959,0.6436087591169551,0.5958679595498534,1.8310991957104559,2.689689277313935,4.152509007674255,2.978468298110408,3.3554428485918972,1.9354085750081103,0.8313619901524564,1.1905508961657625,1.141198659277391,1.0990296274380604,1.1940211196180455,2.294853044714899,3.6327366101777687,2.6439971578030264,3.362607600867895
2024-12-30,Electronics,233963.98,233883.7894,33301.52,215,1088.204558139535,0.14124539165414662,565.4798604651163,417,0,750245.93,833379.84,797636.55,1172070.65,692860.6,344610.33,795321.5774999999,965486.325,899009.0625,34194.13752413545,-0.6881502842674535,-0.7066784615123267,-0.3210767071317915,3181286.3099999996,2,False,True,False,473181.2506603774,-0.11062641605199497,-0.7835156600402545,-0.7387606318347509,0.8097735333317129,0.5850503819893165,-0.6166219839142091,2.2977782321756304,2.6265106727981036,2.538712919483784,3.2521865934362126,-0.30155792467301723,-0.7847789851497214,-0.9505864639899916,1.4541025904342775,1.0790714451107153,-0.8703241703572182,1.9342105587262963,2.230416828311776,2.2338220554154846,3.2558016376405625
2022-12-26,Home & Furniture,55404.81,55404.81,12858.43,59,939.0645762711864,0.22713671273781216,525.2713559322034,106,0,,,,,,,,,,,,,,,3,False,False,True,391725.0158490566,,,,,,,,,,,,,,,,,,,,
2023-01-02,Home & Furniture,279429.02999999997,279429.02999999997,65143.99,327,854.5230275229356,0.23785235474059382,499.6877981651376,564,0,55404.81,,,,,,55404.81,55404.81,55404.81,,4.043407422568546,,,55404.81,3,False,False,True,391725.0158490566,,,,,,,,,,,,,,,,,,,,
2023-01-09,Home & Furniture,276089.82,276089.82,64611.93,335,824.1487164179105,0.23784963946870843,497.95274626865677,546,0,279429.02999999997,55404.81,,,,,167416.91999999998,167416.91999999998,167416.91999999998,158409.04511202697,-0.011950118425419043,,,334833.83999999997,3,False,False,True,391725.0158490566,,,,,,,,,,,,,,,,,,,,
2023-01-16,Home & Furniture,285308.65,285308.65,67680.15,341,836.6822580645162,0.23946962707261238,521.379853372434,571,0,276089.82,279429.02999999997,,,,,203641.21999999997,203641.21999999997,203641.21999999997,128387.35341972783,0.03339069147859197,,,610923.6599999999,3,False,False,True,391725.0158490566,,,,,,,,,,,,,,,,,,,,
2023-01-23,Home & Furniture,291393.74,291393.74,67469.49,330,883.0113333333333,0.234376262610724,534.6268787878788,542,0,285308.65,276089.82,55404.81,,,,224058.0775,224058.0775,224058.0775,112500.07685678541,0.021328095029715888,4.259358167639236,,896232.31,3,False,False,True,391725.0158490566,0.16113281817242603,0.3939607756781015,-0.1798298906439854,0.44897562278455444,0.4912675465614711,-0.28150134048257375,0.10596438234515064,-0.9503875861589545,-0.22155511952270074,-0.2091533884060707,-0.052724028379088746,0.0004903346667972561,-0.4946035076605254,0.7746861190617912,0.906044266135588,-0.5876920112696958,-0.08272977871217285,-1.0565822932597424,-0.34077573359265767,-0.32453110114160433
2023-01-30,Home & Furniture,220293.26,220293.26,52324.909999999996,248,888.2792741935484,0.23872311767679047,539.5113306451613,425,0,291393.74,285308.65,279429.02999999997,,,,283055.31,237525.21000000002,237525.21000000002,6739.804982316859,-0.24400139824554912,-0.21163073142400401,,1132221.24,3,False,False,True,391725.0158490566,-0.17531664631756597,-0.1279428106002611,-0.5783718104495748,0.458238414268273,0.5061146608364817,-0.5951742627345844,0.13465079901508273,0.12921033359884618,0.06351153581163212,-0.14628240349256744,-0.36079095163923364,-0.34757172566358985,-0.8197391808693621,0.7921288284593685,0.9334368512201254,-0.8522357121756168,-0.05633210314194672,-0.06448322949463793,-0.07488417155149926,-0.2594987591046665
2023-02-06,Home & Furniture,192828.04,192828.04,44419.53,245,787.053224489796,0.23346280817112716,500.1760408163266,398,0,220293.26,291393.74,276089.82,,,,268271.3675,234653.21833333335,234653.21833333335,32598.26224299832,-0.12467571636099983,-0.3015749729562647,,1073085.47,3,False,False,True,391725.0158490566,-0.30528283727858085,-0.4003733549199609,-0.5929526123936817,0.2802493638961145,0.38654842081742286,-0.6675603217158177,-0.20053208155236713,0.11311830493500613,-0.007922476641919796,-0.15969022767092964,-0.4797933243667173,-0.5292580352538613,-0.831634388425783,0.456958670840106,0.7128398825234622,-0.9132842585385216,-0.3647724719659676,-0.07927103732503697,-0.14151315392709918,-0.2733675128571006
2023-02-13,Home & Furniture,205997.27,205929.8394,48938.85,217,949.2961751152073,0.23863770345181876,551.4007834101383,379,0,192828.04,220293.26,285308.65,,,,247455.9225,228678.19285714286,228678.19285714286,48598.27351657422,0.06829520229526764,-0.2779844915322407,,989823.69,3,False,False,True,391725.0158490566,-0.2429656717510692,-0.24463121380151928,-0.7290400972053463,0.5655264125995519,0.5422546554616242,-0.7184986595174263,-0.33000900709518677,0.15754488385848514,-0.10849989415800015,-0.1875844907274021,-0.42273317276429223,-0.42539224099001743,-0.9426563256190443,0.9941622413921387,1.0001143118624383,-0.9562443467198251,-0.4839191020116843,-0.038445127465783026,-0.23532520156224587,-0.3022207153073651
2023-02-20,Home & Furniture,213675.14,213675.14,49513.01,229,933.0792139737991,0.2324800551876005,522.964847161572,408,0,205997.27,192828.04,291393.74,55404.81,,,227628.0775,225843.0775,225843.0775,43965.113840125865,0.03727170753282327,-0.2667133480630023,,910512.31,3,False,False,True,391725.0158490566,-0.20663377568055344,-0.2248448504228329,-0.6707168894289186,0.5370116032008954,0.455818836799615,-0.6407506702412868,-0.267926438225676,0.1868696171642811,-0.20430536192528176,-0.20082015873965112,-0.3894661992067104,-0.41219654242595716,-0.895075495393361,0.9404661677255423,0.8406422102005116,-0.8906736858115198,-0.4267897808266746,-0.011497094382903115,-0.32468628606667527,-0.3159113945681423
2023-02-27,Home & Furniture,222173.56,222173.56,51332.65,267,832.1107116104869,0.23525549178480362,501.48423220973785,448,0,213675.14,205997.27,220293.26,279429.02999999997,,,208198.42750000002,245626.86875,224491.08444444445,11795.101515045475,0.03977261931359899,0.008535440439711994,,832793.7100000001,3,False,False,True,391725.0158490566,-0.16641901400790324,-0.1621374896551154,-0.48602673147023084,0.3594754066809318,0.390524888940986,-0.5335120643431636,-0.23173131572829744,-0.15577159503045881,-0.298186805259369,-0.10846000402886576,-0.3526439147161911,-0.37037645580357575,-0.7444028663453633,0.606148776592203,0.7201763749483903,-0.8002313949035127,-0.39348248030517474,-0.3263680473595479,-0.41225276621323115,-0.22037611418403866
2023-03-06,Home & Furniture,221746.98,221746.98,51746.25,285,778.0595789473684,0.2357121868591865,492.71399999999994,451,0,222173.56,213675.14,192828.04,276089.82,,,208668.5025,238469.935,224259.332,12456.708131467212,-0.0019200304482674957,0.1499726906937393,,834674.01,3,False,False,True,391725.0158490566,-0.16843760252604173,-0.14788425032561733,-0.3985419198055893,0.2644355448824784,0.3638662906701856,-0.5254691689008043,-0.19166794490615924,-0.2881295801522923,-0.2959154663790871,-0.14187197750006994,-0.35449221712039863,-0.3608708459977807,-0.6730316210068382,0.42717975915828943,0.6709918729743942,-0.7934482230854121,-0.3566155590238918,-0.4479987310780433,-0.41013420961777575,-0.2549367130023619
2023-03-13,Home & Furniture,236554.26,236554.26,56887.82,274,863.3367153284672,0.240282328337344,518.7178832116789,449,0,221746.98,222173.56,205997.27,285308.65,,,215898.23750000002,231677.08000000002,224030.93636363634,7671.566142600528,0.06677556555674391,0.14833686873617324,,863592.9500000001,3,False,False,True,391725.0158490566,-0.09836913847976006,0.029301503396258033,-0.4520048602673147,0.4143811030401841,0.44290947441294265,-0.5308310991957105,-0.1936789343283468,-0.22466557919377092,-0.26098236378985007,-0.17358425806347969,-0.2903346588106449,-0.24270411918641274,-0.716647382047048,0.7095413777912516,0.8168247328770404,-0.7979703376308125,-0.3584661019813085,-0.38967833717819034,-0.37755089255635865,-0.2877391874539441
2023-03-20,Home & Furniture,264055.72,264055.72,60046.15,311,849.0537620578777,0.23228677384236812,505.6488424437299,532,0,236554.26,221746.98,213675.14,291393.74,55404.81,,223537.48500000002,225582.78125,225074.54666666666,9517.85129568483,0.11625857002110207,0.23578119569735612,,894149.9400000001,3,False,False,True,391725.0158490566,0.031768541177155406,0.13814200961369957,-0.27217496962332927,0.38926692248505873,0.4031839233345321,-0.30831099195710454,-0.12387424716211684,-0.1876650598741596,-0.22407055213671595,-0.20203534553660232,-0.17117526400259386,-0.1701174349070685,-0.5699398221845242,0.6622490087520341,0.7435320028697662,-0.6103025839966976,-0.2942307704549876,-0.35567662236936204,-0.34312196488430197,-0.31716835663938747
2023-03-27,Home & Furniture,272601.61,272601.61,65314.61,327,833.6440672782874,0.23747793029821904,511.63746177370035,541,0,264055.72,236554.26,222173.56,220293.26,279429.02999999997,,236132.63,222165.52875,242462.12249999997,19846.740187349034,0.032363964696542125,0.22697592818875467,,944530.52,3,False,False,True,391725.0158490566,0.0722079322205124,0.3197005716975672,-0.19441069258809235,0.3621715557452616,0.4213873406553607,-0.28418230563002683,0.00577352149725775,-0.14671021778954899,-0.16321251343802032,-0.21798870683108215,-0.13414729965102207,-0.04903444400416924,-0.5064987152169462,0.6112258793969372,0.7771168900440641,-0.5899530685423959,-0.17492692798305143,-0.3180410732957725,-0.2863575602457473,-0.33367015710853565
2023-04-03,Home & Furniture,318093.77,318093.77,75245.87,356,893.5218258426967,0.24039232263628318,539.6826123595506,604,0,272601.61,264055.72,221746.98,192828.04,276089.82,,248739.6425,228704.0725,241893.17083333337,23671.805299887026,0.16688147953344812,0.4344897504353835,,994958.57,3,False,False,True,391725.0158490566,0.2874781086031901,0.6619457980599256,-0.053462940461725394,0.46745656307769257,0.5066353004621885,-0.11528150134048257,0.04606067605954157,-0.14876595480142327,-0.1022971325829417,-0.18746367223574187,0.06296289937517643,0.1792118868466537,-0.39151170883821135,0.8094874714935933,0.9343974193804688,-0.44750646036228464,-0.13785407751102202,-0.31993019768875514,-0.229539670588001,-0.3020957433590992
2023-04-10,Home & Furniture,285765.22,285765.22,66549.34,328,871.2354268292682,0.23620741330950532,515.0412195121951,565,0,318093.77,272601.61,236554.26,205997.27,285308.65,,272826.33999999997,244362.28875,245393.5,33871.218288731034,-0.10163213822138062,0.20803244042191404,,1091305.3599999999,3,False,False,True,391725.0158490566,0.13449850375048097,0.3622511089251087,-0.18955042527339003,0.42826966397193705,0.43173363571250956,-0.21983914209115282,0.2605204551220083,-0.07740800660603936,0.014086534979343245,-0.11436366541349363,-0.07711149860303375,-0.020657119063382686,-0.5025336460314727,0.7356948470460577,0.7962055669689595,-0.5356876939975916,0.059495062874547595,-0.2543556422906479,-0.12098458501364186,-0.22648272961186414
2023-04-17,Home & Furniture,325253.54,325168.3494,74285.36,346,940.0391329479768,0.23342760837136853,523.7352023121388,638,0,285765.22,318093.77,264055.72,213675.14,291393.74,,285129.07999999996,254333.28249999997,245431.5475,23721.294703186,0.13818448585170717,0.23176100862348292,,1140516.3199999998,3,False,False,True,391725.0158490566,0.32135834095002513,0.6288452687843546,-0.10206561360874848,0.5492494547470782,0.45816046105695196,-0.024128686327077747,0.10811675104618702,0.055124623152931915,0.07353171222978305,-0.0678143203596091,0.09398502911537335,0.1571368547514792,-0.43116240069294753,0.9635111956251733,0.8449624532131944,-0.37063051309047856,-0.08074913639873182,-0.13256446846947162,-0.06553800527812223,-0.1783331271632236
2023-04-24,Home & Furniture,279278.17,279278.17,62536.35,329,848.8698176291792,0.2322631901568223,534.7868389057751,538,0,325253.54,285765.22,272601.61,222173.56,220293.26,,300428.535,268280.5825,248253.1975,25283.01117746918,-0.1413524046502307,0.024492005017872076,,1201714.14,3,False,False,True,391725.0158490566,0.10380160130172396,0.2239578137198799,-0.18469015795868773,0.3889434870227334,0.4917537722873546,-0.29222520107238603,0.2942731433289008,0.09630822850809845,0.14745661142379426,-0.0027016849946487884,-0.10521884098011361,-0.11288612557827042,-0.49856857684599903,0.6616399492921372,0.9069413414405832,-0.5967362403604966,0.09055479832914859,-0.09471869684692304,0.0034143136010458177,-0.11098207198560618
2023-05-01,Home & Furniture,307555.72000000003,307555.72000000003,72944.87,376,817.967340425532,0.2377720341325964,512.0405319148936,615,0,279278.17,325253.54,318093.77,221746.98,192828.04,,302097.675,275418.65875,253168.60666666666,22945.936705796765,0.10125227474814813,-0.03312875319752406,,1208390.7,3,False,False,True,391725.0158490566,0.23761176059444591,0.5826500927959625,0.04374240583232078,0.3346066578397158,0.4226125402523673,-0.08579088471849866,0.07753540890355912,0.31554006558932596,0.15552167035829179,0.030622252690317524,0.017303226744814916,0.12632888838646397,-0.312210325128739,0.5593185786026303,0.7793773551812545,-0.4226348303625827,-0.108890551120262,0.10674491875969475,0.010936873949370342,-0.07651253541754012
2023-05-08,Home & Furniture,331548.99,331548.99,75582.44,382,867.9292931937173,0.23448919464700005,526.6168062827225,637,0,307555.72000000003,279278.17,285765.22,236554.26,205997.27,,299463.1625,286144.75125,262729.24666666664,21021.42248153591,0.07801275814346731,0.16021463353727938,,1197852.65,3,False,False,True,391725.0158490566,0.3511485868277397,0.6735444749485361,0.07290400972053462,0.42245638183836237,0.4669195817723691,-0.02680965147453083,0.21084183193178777,0.15974514605434845,0.14279206195146532,0.08069675813892271,0.12126219956539118,0.18694714577396637,-0.28841991001589723,0.7247478888768811,0.8611228299044843,-0.37289157036317877,0.013780040575317395,-0.036423191312883206,-0.000936473564717893,-0.024716585821007175
2023-05-15,Home & Furniture,335153.68,335153.68,78768.77,390,859.3684102564102,0.2370576236291753,518.0964102564103,658,0,331548.99,307555.72000000003,325253.54,264055.72,213675.14,,310909.105,298019.09249999997,273191.88999999996,23406.04557384616,0.010872269585257888,0.03043822367006377,,1243636.42,3,False,False,True,391725.0158490566,0.3682060809565055,0.7833499006563692,0.1117861482381531,0.4074035033666856,0.44102040266951986,0.029490616621983913,0.3239512420628103,0.3500438027207141,0.19809730945818682,0.1361318353230626,0.13688074050360444,0.26017734328967973,-0.2566993565321083,0.6964018999555048,0.8133394388660958,-0.325409367636475,0.1178650347707758,0.13845220966678257,0.05064865003168613,0.03262421940485058
2023-05-22,Home & Furniture,353618.29,353618.29,83184.58,398,888.4881658291457,0.236307210075113,523.7562814070352,696,0,335153.68,331548.99,279278.17,272601.61,222173.56,,313384.14,306906.33749999997,283315.1016666667,25826.74528901768,0.05509296511379502,0.26618664824393545,,1253536.56,3,False,False,True,391725.0158490566,0.45558113308718795,0.9355249411872953,0.15066828675577157,0.45860571521461496,0.45822453451696055,0.13136729222520108,0.34094452224534466,0.1284833222865218,0.2100563441346934,0.17762172534364468,0.21688492038957005,0.3616642070143604,-0.22497880304831933,0.7928204907600647,0.8450806672763743,-0.23948919127386817,0.13350250885106696,-0.06515131826093111,0.06180325668643976,0.07554043461295554
2023-05-29,Home & Furniture,374156.53,374112.0194,85328.37,390,959.375717948718,0.2336910732487473,544.0659487179487,686,0,353618.29,335153.68,307555.72000000003,318093.77,221746.98,,331969.17,317033.4225,294268.82916666666,18929.858186204016,0.0580802537108589,0.21654876066034467,,1327876.68,3,False,False,True,391725.0158490566,0.5527686605070725,1.0094029681268135,0.1117861482381531,0.5832496000831346,0.5199591897583671,0.10455764075067024,0.4279906458208049,0.2647560170685737,0.29985669775955587,0.22489977865252586,0.3058738049368819,0.4109341084784933,-0.2566993565321083,1.0275366738640663,0.9589796893382629,-0.26209976400087,0.21360367158009078,0.0600767971659231,0.14556316283596607,0.1244437965986747
2023-06-05,Home & Furniture,323227.08,323227.08,74376.09,363,890.4327272727273,0.23229654549159545,527.6456473829201,614,0,374156.53,353618.29,331548.99,285765.22,236554.26,,348619.3725,324041.26749999996,306969.625,19577.694983087764,-0.13611803060072214,-0.0251000915430325,,1394477.49,3,False,False,True,391725.0158490566,0.31176907542312043,0.6319719525473269,-0.019441069258809233,0.4620249007478481,0.47004691761921275,-0.08847184986595175,0.5248123050414689,0.3803822845328113,0.3803082263514157,0.2576157348719487,0.08520470446341964,0.15922206746347087,-0.363756224539896,0.7992591393831516,0.866892692767113,-0.42489588763528285,0.3027004304289238,0.1663318293390664,0.22060309544681536,0.15828445072321398
2023-06-12,Home & Furniture,305717.97000000003,305717.97000000003,71555.29,388,787.9329123711341,0.23645435175653223,485.12801546391756,653,0,323227.08,374156.53,335153.68,325253.54,264055.72,,346538.895,328724.0,314192.36,22255.452034274527,-0.0541696877625476,-0.08782750050663313,,1386155.58,3,False,False,True,391725.0158490566,0.22891547607756946,0.5347632061724518,0.10206561360874848,0.2817961476645367,0.34080741270668324,0.0160857908847185,0.28471997715963304,0.39775369118416243,0.3702556401996275,0.2794769591794599,0.009340552115595374,0.0943927054224003,-0.26462949490305554,0.4598714104630266,0.6284487723509734,-0.33671465399997585,0.08176382997271675,0.182295324599371,0.2112266994901664,0.18089721269072914
2023-06-19,Home & Furniture,324714.36,324714.36,75398.17,368,882.3759782608695,0.2322147156444705,533.560054347826,618,0,305717.97000000003,323227.08,353618.29,279278.17,272601.61,,339179.96749999997,326282.05375,317664.2141666667,30583.355915748554,0.062136975461402955,-0.08173765559468094,,1356719.8699999999,3,False,False,True,391725.0158490566,0.31880692607541794,0.6671942708594484,0.004860267314702308,0.44785845732835106,0.48802475395430844,-0.0777479892761394,0.20217828509268299,0.4867367241130978,0.334698296907756,0.2680767917092628,0.09164884905465642,0.18271213920019003,-0.3439308786125279,0.7725823912130299,0.9000613881999934,-0.41585165854448214,0.005807713415130226,0.2640664933318758,0.17806113146250255,0.1691051341791517
2023-06-26,Home & Furniture,294990.61,294990.61,68281.7,353,835.6674504249291,0.2368740989601056,506.3593201133144,603,0,324714.36,305717.97000000003,374156.53,307555.72000000003,318093.77,,331953.98500000004,331961.5775,322006.9433333333,29427.619274965047,-0.0915381444787351,-0.2115850283302554,,1327815.9400000002,3,False,False,True,391725.0158490566,0.17815330784197703,0.4219506777956343,-0.06804374240583232,0.36572933603861285,0.4053435399012176,-0.11796246648793565,0.29173133340659996,0.5857128133033046,0.29978332589145623,0.2945915120479936,-0.03713937024082138,0.019157044870773906,-0.40340691639463216,0.6179255150161166,0.7475164458704155,-0.44976751763498485,0.08821578629909571,0.3550208047691975,0.14549472634838034,0.19653136846599123
2023-07-03,Home & Furniture,329906.12,329825.6494,74956.09,367,898.926757493188,0.2346414498039183,526.2714986376022,633,0,294990.61,324714.36,323227.08,331548.99,285765.22,,312162.505,330390.93875,320081.68,14333.874716080538,0.11836142852140275,0.02066361518966775,,1248650.02,3,False,False,True,391725.0158490566,0.3433744799338527,0.6519595705625805,0.0,0.47696022991654297,0.46586996101308353,-0.03753351206434316,0.1516072140438792,0.3402780639962478,0.20415356889028916,0.2872590227332998,0.11414390857472004,0.1725519845025452,-0.34789594779800154,0.8273837718877928,0.8591863036932178,-0.3819357994539795,-0.040728552935083775,0.12947796095047237,0.056297533373161415,0.18894680535231645
2023-07-10,Home & Furniture,269282.95,269282.95,62294.41,332,811.0932228915663,0.23467406361900803,490.25466867469873,563,0,329906.12,294990.61,305717.97000000003,335153.68,325253.54,,313832.265,330185.58,323760.0883333333,16305.812385323194,-0.18375885236684908,-0.11917853569418901,,1255329.06,3,False,False,True,391725.0158490566,0.05650394006990598,0.21562022009468962,-0.1701093560145808,0.3225196737521424,0.356390738797887,-0.225201072386059,0.31620640125445226,0.25589969306470084,0.21222162358100807,0.2863003103367964,-0.1485265186878908,-0.11844653959281108,-0.48667336928957816,0.5365576483470734,0.6571996513397516,-0.540209808542992,0.11073811482973013,0.05193825725968296,0.06382288796727474,0.18795513467035982
2023-07-17,Home & Furniture,302015.18,302015.18,69136.61,348,867.8597126436781,0.22984354309500354,519.2166379310345,599,0,269282.95,329906.12,324714.36,353618.29,279278.17,,304723.51,321951.73875,319095.8725,28193.146718414733,0.1215532955205667,-0.06990506979734434,,1218894.04,3,False,False,True,391725.0158490566,0.21139376999880727,0.4514120821360146,-0.09234507897934387,0.42233403609769493,0.4444255234046904,-0.128686327077748,0.030415802516859932,0.347445433640911,0.16820935025768086,0.24786082004374924,-0.006703040315544946,0.038805112760213714,-0.4232322623220003,0.7245175003159118,0.8196218084723076,-0.45881174672578556,-0.15225072735644526,0.136064432250569,0.022771113289535173,0.14819418478382332
2023-07-24,Home & Furniture,243917.84,243917.84,56525.76,305,799.7306229508197,0.23099170275964695,497.1810491803279,513,0,302015.18,269282.95,294990.61,374156.53,307555.72000000003,,299048.71499999997,315501.35,320990.62333333335,24922.869953495054,-0.19236562877402386,-0.17313354482707088,,1196194.8599999999,3,False,False,True,391725.0158490566,-0.0635244714996045,0.016824405157287874,-0.30133657351154314,0.3025404452913754,0.37744463919122545,-0.35924932975871315,0.18472254051351333,0.20420333835585242,0.1407895076344187,0.21774733495050586,-0.2584294531808104,-0.25102520498497694,-0.5937302372973658,0.49893487807943676,0.6960436143620197,-0.6532626721780009,-0.010255327414944454,0.0044317697349355156,-0.0028043254704671248,0.11704546864390133
2023-07-31,Home & Furniture,305123.52,305123.52,69691.39,347,879.3185014409222,0.23047185977803922,519.5609221902017,597,0,243917.84,302015.18,329906.12,323227.08,331548.99,,286280.5225,299221.51375000004,315687.4666666667,37568.987846195945,0.2509274434375117,-0.07512015842567565,,1145122.09,3,False,False,True,391725.0158490566,0.2261025220136014,0.47053058338170833,-0.09720534629404617,0.4424823965484436,0.44547203340996805,-0.13404825737265416,-0.089160754993163,0.37246510917368053,0.07909532679907358,0.14174531007490235,0.006764896050657461,0.051555408234244135,-0.4271973315074739,0.7624587620616595,0.8215525954138239,-0.4633338612711859,-0.26228688862655014,0.15905632230287284,-0.06034862889634715,0.038430672263503815
2023-08-07,Home & Furniture,323371.52,323343.3694,73245.21,356,908.3469662921349,0.2318748848508177,533.1348033707865,610,0,305123.52,243917.84,269282.95,305717.97000000003,335153.68,,280084.8725,296958.56875000003,313485.3441666667,29055.166065181707,0.059805288035481574,0.2008614730342193,,1120339.49,3,False,False,True,391725.0158490566,0.3124525695521465,0.5930002327868271,-0.053462940461725394,0.4935240889561776,0.48673213197007226,-0.09919571045576407,0.19937592056077935,0.08031523260621161,0.04915878319726707,0.13118080564494383,0.0858305397094784,0.13323148715114627,-0.39151170883821135,0.8585750796311034,0.8976765303057608,-0.43394011672608357,0.0032289350827273667,-0.10941549828631505,-0.08827148199560583,0.027502984929115553
2023-08-14,Home & Furniture,279804.75,279804.75,64789.16,328,853.063262195122,0.23104607905557822,508.04783536585364,552,0,323371.52,305123.52,302015.18,324714.36,353618.29,,293607.015,299165.2625,312503.4975,34439.64283669759,-0.13472667599175092,-0.07354077367899192,,1174428.06,3,False,False,True,391725.0158490566,0.10629339262312074,0.30159282361805867,-0.18955042527339003,0.3963169567794295,0.4104760664655179,-0.2546916890080429,0.28540089823455633,0.23805553147672598,0.11449594855378172,0.14148270246410488,-0.10293725468913031,-0.061110659363102976,-0.5025336460314727,0.6755248878059689,0.7569858395860604,-0.565081438542694,0.08239042387015517,0.03554032273135906,-0.027329240485071578,0.038159036818466996
2023-08-21,Home & Furniture,271620.58,271620.58,61950.22,324,838.3351234567901,0.2342651184222724,522.0746604938272,525,0,279804.75,323371.52,243917.84,294990.61,374156.53,,288054.40750000003,293551.56125,306352.3691666667,34422.60147260161,-0.02924957492680158,0.11357406247939883,,1152217.6300000001,3,False,False,True,391725.0158490566,0.06756567075970922,0.20375894725905133,-0.20899149453219928,0.3704199921595812,0.45311296445850613,-0.32707774798927614,0.08001781972904459,-0.04192208615525001,0.0876664994197172,0.11527527288712085,-0.13839794456545712,-0.12635692605087837,-0.5183939227733672,0.6267584625941585,0.8356499378330471,-0.6261299849055988,-0.10660619903972249,-0.2217457716973726,-0.052353998749392665,0.011050657229628474
2023-08-28,Home & Furniture,304319.6,304319.6,68772.62,351,867.0074074074073,0.22841777659390133,510.7416239316239,615,0,271620.58,279804.75,305123.52,329906.12,323227.08,,294980.0925,290630.3075,297807.7066666667,23698.94597631902,0.12038491339647361,-0.0026347362536983665,,1179920.37,3,False,False,True,391725.0158490566,0.2222983500376484,0.4388684733750279,-0.07776427703523693,0.4208354001233086,0.4186642906178509,-0.08579088471849866,0.04143589066676961,0.2530349716368122,0.12113047349424957,0.10163746985482969,0.0032816402280904594,0.03043967051357106,-0.4113370547655794,0.7216954275271716,0.7720929252209815,-0.4226348303625827,-0.14210987515159237,0.04930571472274129,-0.021140988836512088,-0.0030559815107781526
2023-09-04,Home & Furniture,337742.73,337742.73,78211.01,384,879.5383593749999,0.23214899928377494,516.58703125,663,0,304319.6,271620.58,323371.52,269282.95,305717.97000000003,,294779.1125,287431.9925,296232.0833333333,23587.396551397684,0.10982904157339846,0.044441792523967294,,1179116.45,3,False,False,True,391725.0158490566,0.38045753813426025,0.764128704407769,0.08262454434993925,0.4428689798935193,0.4364323909033554,0.04289544235924933,0.19558606961538771,0.34097413660629783,0.12015936529202831,0.08670621302538725,0.1480986769741694,0.24735855962120692,-0.28048977164495,0.76318673493657,0.8048746624559722,-0.31410408127297407,-0.0002585432198807152,0.13011761852307874,-0.022046775156896566,-0.01850053995867853
2023-09-11,Home & Furniture,286156.16,286156.16,66749.09,327,875.0952905198776,0.23526721902957598,512.0372171253823,577,0,337742.73,304319.6,279804.75,302015.18,324714.36,,298371.915,295989.46499999997,298900.8133333333,29697.416111186547,-0.15273924623040747,0.02269943594595869,,1193487.66,3,False,False,True,391725.0158490566,0.13634844278953834,0.36913477564674135,-0.19441069258809235,0.4350565876429501,0.4226024643912248,-0.1876675603217158,0.35314985808742555,0.131020970548777,0.13751930148821898,0.12665656804307324,-0.075417618576073,-0.016066341600356655,-0.5064987152169462,0.7484752639975892,0.7793587654486954,-0.5085550067251895,0.14473404395327483,-0.06281934038372905,-0.005854560228333996,0.022823214641024644
2023-09-18,Home & Furniture,326851.77,326851.77,75610.0,370,883.3831621621622,0.2338678064157016,519.185054054054,638,0,286156.16,337742.73,271620.58,243917.84,294990.61,,299959.76749999996,294007.0875,295687.63,28520.223952362085,0.1422146914467961,0.20333948922427014,,1199839.0699999998,3,False,False,True,391725.0158490566,0.3289212101125379,0.6744942314183643,0.014580801944106925,0.449629421488919,0.4443295188898588,-0.024128686327077747,0.10995972588023933,0.09158053456848798,0.14519159020683392,0.11740188625425407,0.10090990217898803,0.1875805466594782,-0.33600074024158066,0.7759172836437412,0.8194446823458219,-0.37063051309047856,-0.07905320301279599,-0.09906322238315947,0.0013016497094110176,0.013250378580614166
2023-09-25,Home & Furniture,348915.18,348915.18,81741.56,397,878.8795465994962,0.23436298294148658,531.3910579345088,663,0,326851.77,286156.16,304319.6,305123.52,329906.12,,313767.56499999994,304373.82875,298342.7266666667,23077.107603095148,0.06750280104036133,0.14654192500253038,,1255070.2599999998,3,False,False,True,391725.0158490566,0.4333258847268742,0.8857964367935516,0.14580801944106925,0.44171056799630376,0.4814317239579956,0.04289544235924933,0.30180754162282697,0.24916079071275077,0.21190900192370996,0.16579876901537188,0.19650710258223575,0.3284998330734551,-0.22894387223379295,0.7610053361518361,0.8878973991719789,-0.31410408127297407,0.09748806587763247,0.045745526992405326,0.06353129489866628,0.06331103275316569
2023-10-02,Home & Furniture,582866.65,582639.1394,138497.3,657,887.1638508371385,0.23843653659101463,539.0745814307459,1088,0,348915.18,326851.77,337742.73,323371.52,269282.95,,324916.46,309847.78625,299926.815,27365.17278487018,0.6705110107275929,0.7257711217055658,,1299665.84,3,False,False,True,391725.0158490566,1.540390799030497,2.841679283850538,1.4094775212636694,0.4562771291588436,0.5047870880227016,1.1823056300268096,0.40581917866016726,0.4102306144121461,0.265778956049502,0.1913538082488285,1.210181124967009,1.6328951877135804,0.801974115989348,0.7884355437438803,0.9309875098475329,0.6468452596246022,0.19320115132959545,0.1937610227325507,0.1137776705499798,0.08974459434734038
2023-10-09,Home & Furniture,539469.31,539469.31,125293.3,644,837.6852639751554,0.23631109436921438,511.0954192546584,1085,0,582866.65,348915.18,286156.16,279804.75,302015.18,,386197.44,342284.6775,326058.79,133664.89357658455,-0.07445500613219158,0.8852269683797829,,1544789.76,3,False,False,True,391725.0158490566,1.335033369611032,2.3866508213101776,1.3462940461725394,0.36927732312972156,0.41973971110402597,1.1742627345844503,1.5087164815699277,0.1616291298965871,0.5618803707084039,0.34278465668071956,1.0221474434577644,1.3294327315343781,0.7504282165781909,0.6246067091124475,0.7740770513362353,0.6400620878065015,1.2081039718692301,-0.034691899901676274,0.38996173555019803,0.24638128047075622
2023-10-16,Home & Furniture,600994.67,600975.3594,139935.77,690,871.0067681159421,0.23445453209436054,520.347188405797,1167,0,539469.31,582866.65,326851.77,271620.58,243917.84,,449525.72750000004,374742.74750000006,345846.6341666667,130436.48743487758,0.11404793351451259,0.8387376944600913,,1798102.9100000001,3,False,False,True,391725.0158490566,1.6261730978456932,2.891250988827093,1.5698663426488457,0.42786760593091555,0.4478620220299028,1.3941018766756033,1.3041321323480235,0.35774585289767513,0.8678740985612495,0.4943143775987721,1.2887269146184765,1.6659549907535758,0.9328213991099773,0.734937733860165,0.8259620695654998,0.8254687841679162,1.0198423517566595,0.14553002690762082,0.6753727043573634,0.40312023808470054
2023-10-23,Home & Furniture,557184.58,557184.58,130171.02,668,834.1086526946107,0.23502742597538395,515.2193862275449,1114,0,600994.67,539469.31,348915.18,304319.6,305123.52,,518061.4525,415914.50875000004,375603.0366666667,115681.15670713324,-0.07289597094097366,0.596905528730507,,2072245.81,3,False,False,True,391725.0158490566,1.4188625238557795,2.554743931905631,1.462940461725395,0.3629884513695613,0.43227520345851117,1.2520107238605898,1.594175847844028,0.46407190790531416,1.1990294607498677,0.6865237570201972,1.098904853866565,1.4415354952237465,0.8455898770295578,0.6127641708512852,0.79720474703093,0.7056327487148067,1.2867449764707355,0.24323860683020965,0.9842528026886415,0.6019373255287528
2023-10-30,Home & Furniture,790711.32,790711.32,180155.09,905,873.7141657458563,0.2318577936867224,512.1396243093923,1554,0,557184.58,600994.67,582866.65,337742.73,323371.52,,570128.8025,447522.63125,396608.125,27218.326619809857,0.4191191723216747,0.3565904311046102,,2280515.21,3,False,False,True,391725.0158490566,2.5239176038931244,4.277265480194768,2.614823815309842,0.43262811110264315,0.42291374827895745,2.4316353887399464,1.3876457067800119,1.5915103622665416,1.4506118602568627,0.8340855184301824,2.110738589599036,2.5903001613880297,1.7853112739868053,0.7439022137841774,0.7799330770773542,1.7004979487028857,1.0966928092024755,1.2793008431074746,1.2189124373222442,0.7545719144856391
2023-11-06,Home & Furniture,898371.09,898371.09,205154.81,1053,853.1539316239316,0.23110940343536784,510.0854320987654,1794,0,790711.32,557184.58,539469.31,286156.16,279804.75,,622089.97,504143.705,435553.10833333334,115350.27014532776,0.13615559468656646,0.6652867426323101,,2488359.88,3,False,False,True,391725.0158490566,3.033366653514389,5.13879109027804,3.3341433778857836,0.3964763837804717,0.416669684997109,3.0750670241286864,2.488540741563545,1.3823736984405413,1.7016812002719566,1.0984196425299197,2.577211025548763,3.1648591158709394,2.372141513436901,0.6758251038751952,0.768412923628468,2.243151694150929,2.109753112253471,1.0871142108589797,1.45309352356315,1.0279932263060048
2023-11-13,Home & Furniture,926817.98,926751.3494000001,218834.18,1119,828.2555674709562,0.23665601718589419,498.8998033958892,1866,0,898371.09,790711.32,600994.67,326851.77,271620.58,,711815.415,580670.57125,487100.3033333333,160436.40106038592,0.03166496597747814,0.5421400991792489,,2847261.66,3,False,False,True,391725.0158490566,3.167978134434147,5.610201473466523,3.654921020656136,0.3526967815498414,0.3826690821778112,3.2680965147453085,2.9960719400846965,1.6788713301178206,2.1352224262020822,1.4556834812484762,2.700466816207557,3.479246818020598,2.6338360796781597,0.5933839865734972,0.7056825917672275,2.4059478177853415,2.576791016446372,1.3595814112974458,1.8574724700821765,1.3975389585533846
2023-11-20,Home & Furniture,929505.5,929505.5,217075.4,1036,897.206081081081,0.23428413369988385,527.0080694980695,1777,0,926817.98,898371.09,557184.58,348915.18,304319.6,,793271.2424999999,655666.3474999999,541700.0866666667,167952.54732117266,0.0028997279487392724,0.6682182769666742,,3173084.9699999997,3,False,False,True,391725.0158490566,3.1806955544122704,5.549591434133991,3.2515188335358443,0.4739347087045131,0.4681088922292231,3.0294906166219837,3.1301766681172696,1.467745577605873,2.5288059778189376,1.8057994630426855,2.71211140732143,3.438825453382696,2.3047353372838493,0.8216864302850585,0.863317080401777,2.204713720515026,2.7001962205110472,1.1655669012928354,2.2245815071260773,1.7596911073063315
2023-11-27,Home & Furniture,853818.29,853796.0594,200716.79,973,877.511089414183,0.23613955067255155,515.18147995889,1650,0,929505.5,926817.98,790711.32,582866.65,337742.73,,886351.4724999999,728240.1375,593798.9116666667,65297.57089353338,-0.08142739338282556,0.07981037883712117,,3545405.8899999997,3,False,False,True,391725.0158490566,2.8225415549843964,4.98585066182277,2.945321992709599,0.43930436528858485,0.43215998096908914,2.689008042895442,3.142846212615178,2.593137210313358,2.9785570715477903,2.14460846014773,2.3841709220413807,3.062861808254124,2.0549359785990116,0.7564742296645339,0.7969921641823925,1.917559446882103,2.7118549274567942,2.1997482059665754,2.64407995986876,2.1101475637343716
2023-12-04,Home & Furniture,673567.38,673567.38,155755.87,770,874.7628311688312,0.23121543346082624,515.2401948051948,1310,0,853818.29,929505.5,898371.09,539469.31,286156.16,,902128.2150000001,762109.0925,636805.2083333334,35152.35919772608,-0.21111155864323317,-0.25023479996445563,,3608512.8600000003,3,False,False,True,391725.0158490566,1.9695891959660925,3.436433947039359,1.9586877278250303,0.4344720135698407,0.4323384546357766,1.7774798927613942,2.7860405051162482,3.111961754077435,3.0547881594474826,2.302724863832117,1.6031727732448984,2.029542267563679,1.250026933947867,0.747374455920831,0.797321444001321,1.148799974164042,2.3835169054397682,2.6765232485140573,2.7151833409849195,2.273699638832293
2023-12-11,Home & Furniture,673706.92,673706.92,156204.89,781,862.6208962868118,0.2341669865603232,519.5243790012804,1325,0,673567.38,853818.29,926817.98,600994.67,326851.77,,845927.2875000001,778871.3512500001,669089.4766666667,120137.18182656635,0.00020716561422551294,-0.27309683828101816,,3383709.1500000004,3,False,False,True,391725.0158490566,1.970249503157759,3.4519078095242035,2.012150668286756,0.4131224551739932,0.4453609542310262,1.8176943699731904,1.9362991357372485,3.2490505173708817,2.7832328720174773,2.380979066572566,1.6037773775805053,2.0398619216134817,1.2936426949880766,0.7071712252295279,0.8213476568780299,1.1827158332545447,1.6015720133481055,2.802501292031089,2.4618943006704117,2.35464403767456
2023-12-18,Home & Furniture,688261.62,688261.62,161199.61,822,837.3012408759124,0.2342802101292844,500.1903406326034,1394,0,673706.92,673567.38,929505.5,557184.58,348915.18,,782649.5225,787960.3825000001,697994.0725,129613.62588711228,0.021603904558379794,-0.2595400242386947,,3130598.09,3,False,False,True,391725.0158490566,2.0391227515635713,3.6240329051330775,2.2114216281895502,0.36860208284369567,0.386591887518002,2.002680965147453,1.9369569571634104,3.2620019786071155,2.477483262057689,2.4234109908591286,1.6668405474490409,2.1546536513262486,1.4562105315924951,0.6233351680113238,0.7129200775884361,1.338728785070857,1.602177350598511,2.8144030679901797,2.1767110290936746,2.398534672079057
2023-12-25,Home & Furniture,639117.21,639117.21,149144.86,764,836.5408507853402,0.2379233275744496,522.6481282722513,1259,0,688261.62,673706.92,853818.29,790711.32,582866.65,55404.81,722338.5525,804345.0125000001,726272.9425,87923.8717078933,-0.07140367641014189,-0.2514599212907469,10.535410192725145,2889354.21,3,False,False,True,391725.0158490566,1.806570025798898,3.2086092184617345,1.9295261239368164,0.3672650642548104,0.4548561163797609,1.6407506702412868,2.0055709281491905,2.8972567985177853,2.186068804644466,2.4999022428419346,1.4539057376680786,1.8776039661076602,1.226236518835025,0.6208174359921937,0.8388660131210655,1.0334860532563328,1.6653169670416486,2.479219621396803,1.9048986517670357,2.4776555140481005
2024-01-01,Home & Furniture,288717.83,288717.83,64237.21,320,902.2432187500001,0.2254792874418145,530.7886875,545,0,639117.21,688261.62,673567.38,898371.09,539469.31,279429.02999999997,668663.2825,785395.74875,730960.4891666666,20869.06549944176,-0.5482552722997398,-0.5713601362346259,0.03324207223565878,2674653.13,3,False,False,True,391725.0158490566,0.1484703370397613,0.28257184816371494,-0.2284325637910085,0.4827916714419565,0.4796007175445113,-0.2734584450402145,1.773893660884781,2.0286073843140415,1.926717152970512,2.41143805973924,-0.06431831523370699,-0.07379591403502908,-0.5342541995152617,0.8383649259033553,0.8845192343621261,-0.5809088394515952,1.4521240329568306,1.6809721861248124,1.6629923660225148,2.3861501396457805
2024-01-08,Home & Furniture,305645.19,305645.19,71199.86,347,880.8218731988472,0.23410559201524914,536.9967435158501,580,0,288717.83,639117.21,673706.92,926817.98,600994.67,276089.82,572450.895,709189.09125,710064.5324999999,190275.02582122147,0.058629423752595944,-0.5463232142546495,0.10704983617288022,2289803.58,3,False,False,True,391725.0158490566,0.22857107907735805,0.5225145870842424,-0.09720534629404617,0.4451258239303528,0.49847114963927536,-0.17962466487935658,0.1220359865420975,2.029279843272823,1.4618318974399958,2.0556691078862004,0.009025208102799933,0.0862239943651622,-0.4271973315074739,0.767436584969288,0.9193347484858255,-0.501771834907089,-0.06794044484849888,1.681590143876692,1.2293777553696468,2.018150684971093
2024-01-15,Home & Furniture,298049.27,298049.27,67444.41,335,889.6993134328359,0.23246541996925557,516.3269253731343,583,0,305645.19,288717.83,688261.62,929505.5,557184.58,285308.65,480435.4625,631542.4924999999,685452.0758333333,212664.75864052444,-0.02485208420914453,-0.5669535227026026,0.04465556862716924,1921741.85,3,False,False,True,391725.0158490566,0.19262697270411255,0.3930964835059936,-0.15552855407047386,0.4607353153765517,0.43564175527211874,-0.17158176943699732,0.20183518459536276,2.0994205800319947,1.0172257613484923,1.6931778248609466,-0.023886689309569088,-8.606933206482599e-05,-0.47477816173315734,0.7968307285834022,0.8034159578620452,-0.4949886630889884,0.005491987135321414,1.7460461399443579,0.8146781831597507,1.6431978011322452
2024-01-22,Home & Furniture,307419.02,307419.02,70815.01,354,868.4153107344633,0.23265558054694266,513.0323728813559,616,0,298049.27,305645.19,639117.21,853818.29,790711.32,291393.74,382882.375,552610.46375,663857.4666666667,170963.43727358693,0.03143691645344404,-0.5189943015303875,0.054995278896520006,1531529.5,3,False,False,True,391725.0158490566,0.236964892362392,0.5092521133029139,-0.06318347509113001,0.4233109622630136,0.4256274079595281,-0.08310991957104558,0.1660263919379869,1.8625881393087351,0.5458624245824409,1.3246855427263906,0.01671092767159255,0.07737913475742456,-0.39944184720915854,0.7263571443621473,0.7849397169073999,-0.4203737730898825,-0.027459806809779275,1.5284084079603408,0.37502124133094844,1.262037617898034
2024-01-29,Home & Furniture,252713.0,252707.4494,58923.57,287,880.5331010452961,0.23648359804435118,528.4533797909407,479,0,307419.02,298049.27,288717.83,673567.38,898371.09,220293.26,299957.8275,484310.555,623583.1083333333,8524.388956767832,-0.17795261984765942,-0.12470594559400783,0.14716628189169279,1199831.31,3,False,False,True,391725.0158490566,-0.021905527828565984,0.09945631955927979,-0.3888213851761847,0.4446180664752816,0.4725021563473072,-0.450402144772118,0.21019739887347966,0.17397410582421677,0.14518221638898013,1.0058290576791917,-0.22032144208467297,-0.19591725951004105,-0.665101482635891,0.7664804298243916,0.8714225518708028,-0.7301386194498071,0.013187023504008633,-0.023347455052475607,0.0012929064242010718,0.9322195941337592
2024-02-05,Home & Furniture,210001.46,210001.46,49021.25,238,882.359075630252,0.23551929553406417,525.8446638655462,408,0,252713.0,307419.02,305645.19,673706.92,926817.98,192828.04,290956.62,431703.7575,569778.2675,25817.59643557931,-0.1690120413275139,-0.31292404765146153,0.08906080256792515,1163826.48,3,False,False,True,391725.0158490566,-0.22401773242328712,-0.24179159358693836,-0.6269744835965978,0.4478287368840465,0.46457252481708217,-0.6407506702412868,-0.04769848829887888,0.25554895805667355,0.10168959805310619,0.7602354859243865,-0.40538366269841025,-0.42349847346584546,-0.8593898727240984,0.7725264248152024,0.8567925636887683,-0.8906736858115198,-0.22413268215331286,0.05161594849386803,-0.03927416801325828,0.678183090929538
2024-02-12,Home & Furniture,208423.15,208423.15,48523.73,236,883.148940677966,0.23484802689137646,509.28097457627115,420,0,210001.46,252713.0,298049.27,688261.62,929505.5,205997.27,267045.6875,373740.57499999995,510043.55749999994,44909.90212649383,-0.007515709652685221,-0.3007090740400069,0.011776272569049118,1068182.75,3,False,False,True,391725.0158490566,-0.23148633958739065,-0.25893683447478133,-0.6366950182260024,0.4492175822472333,0.4142244008352728,-0.6085790884718498,-0.24904982953696705,0.2189433650067495,-0.013844796779736145,0.4896357593310574,-0.412222225611779,-0.434932784371501,-0.8673200110950455,0.7751417515351033,0.7639014304710597,-0.8635409985391177,-0.40941923929950835,0.01797715211535763,-0.14703710744072554,0.3982807798852643
2024-02-19,Home & Furniture,212425.71,212425.71,49717.42,247,860.0231174089068,0.2324563649139501,538.1957894736842,407,0,208423.15,210001.46,307419.02,639117.21,853818.29,213675.14,244639.1575,313760.76625,449953.36166666663,46611.398304044116,0.01920400876774009,-0.30900270907115646,-0.005847334416161032,978556.63,3,False,False,True,391725.0158490566,-0.21254611346530172,-0.21780059352887096,-0.583232077764277,0.4085546962136432,0.5021158518243137,-0.6434316353887399,-0.25649032068735605,0.2640972443893031,-0.12211012201763422,0.20962146148138106,-0.3948797780732515,-0.40749866597430695,-0.8237042500548357,0.6985697045881952,0.9260591403684624,-0.8929347430842199,-0.416266092070666,0.059471416452995265,-0.2480199333999276,0.10864024668785871
2024-02-26,Home & Furniture,231533.64,231533.64,54457.16,263,880.3560456273765,0.23498579533590208,504.70235741444867,460,0,212425.71,208423.15,252713.0,288717.83,673567.38,222173.56,220890.83,260424.32875000002,396503.98,21278.550888175596,0.08995111749891294,-0.0838079560608278,0.04212958553664081,883563.32,3,False,False,True,391725.0158490566,-0.12212685306069879,-0.05446246833642535,-0.5054678007290401,0.44430674418432003,0.40030692263928036,-0.5013404825737265,-0.23762139616752087,0.0004627793737406623,-0.23685883146276562,-0.03937841710468805,-0.3120881962868806,-0.29856704358330305,-0.7602631430872578,0.7658941806078595,0.7382240026164375,-0.7730987076311104,-0.39890262163220663,-0.18279609919471063,-0.35505003680079483,-0.1489196641938194
2024-03-04,Home & Furniture,229866.9,229866.9,54731.97,283,812.2505300353357,0.241654748605995,514.311519434629,459,0,231533.64,212425.71,210001.46,305645.19,673706.92,221746.98,215595.99,253276.30500000002,359667.83499999996,10751.864371460255,-0.007198694755544022,0.09459667566120733,0.036617950783365716,862383.96,3,False,False,True,391725.0158490566,-0.13001391346372357,-0.04499212815233603,-0.4082624544349939,0.324554604485005,0.42951558939847834,-0.5040214477211796,-0.14754252442036528,-0.20536893709714854,-0.2624427828681208,-0.07274879445470019,-0.31930991214132515,-0.29225119099449615,-0.6809617593777855,0.5403896147127107,0.7921133224254654,-0.7753597649038106,-0.3160106780523098,-0.37194564224842963,-0.3789130761112914,-0.1834372369137844
2024-03-11,Home & Furniture,250106.22,250106.22,56814.46,291,859.4715463917526,0.22980427025165948,530.8771134020618,485,0,229866.9,231533.64,208423.15,298049.27,688261.62,236554.26,220562.35,243804.01875,322681.1666666667,11839.326305377836,0.08804799647100126,0.19999251522683537,0.0572890126772605,882249.4,3,False,False,True,391725.0158490566,-0.034240883863338484,0.026773414331432134,-0.36938031591737547,0.4075848509826635,0.4798695029704183,-0.4343163538873995,-0.15539989351769062,-0.2129749905530335,-0.23844600243632302,-0.11696993551202148,-0.2316161997883633,-0.2443901238656998,-0.6492412058939966,0.6967433946087102,0.8850151373040893,-0.716572275813606,-0.32324114823104494,-0.37893524307521126,-0.35653044624710695,-0.22917859716859623
2024-03-18,Home & Furniture,264264.68,264264.68,61540.340000000004,316,836.2806329113923,0.23547575732208856,507.16186708860755,542,0,250106.22,229866.9,212425.71,307419.02,639117.21,264055.72,230983.1175,237811.13749999998,286168.2166666667,15401.509004816386,0.056609787633430386,0.2440334081971527,0.0007913481290995339,923932.47,3,False,False,True,391725.0158490566,0.03275734575484371,0.1896339043761339,-0.24787363304981774,0.3668075147168269,0.4077830166329773,-0.28150134048257375,-0.05998740715576447,-0.19368620360979236,-0.18809426200101168,-0.1449475578200493,-0.17026987399278737,-0.13577704052669864,-0.550114476257156,0.6199558270873543,0.7520172244526179,-0.5876920112696958,-0.23544113161305044,-0.3612097666572433,-0.30956563059676717,-0.25811802456613253
2024-03-25,Home & Furniture,256596.04,256596.04,59389.83,300,855.3201333333334,0.23194239852342818,519.7158999999999,510,0,264264.68,250106.22,231533.64,252713.0,288717.83,272601.61,243942.86000000002,232416.84500000003,254930.50583333333,16361.385083293508,-0.029018785257265534,0.10824517767698905,-0.05871414332439184,975771.4400000001,3,False,False,True,391725.0158490566,-0.0035308736969311273,0.11552429675892154,-0.32563791008505466,0.400285286590562,0.4459431145710474,-0.3672922252010724,0.006758603661588868,-0.10160293922490711,-0.12547453744919965,-0.17013068291267913,-0.20349685544761967,-0.18520138516756032,-0.613555583224734,0.6829976268621156,0.822421729344335,-0.6600458439961016,-0.17402044043937417,-0.2765896328900588,-0.25115804042758094,-0.284166886482898
2024-04-01,Home & Furniture,304685.98,304685.98,69877.73,344,885.7150581395348,0.2335440868249136,508.43523255813955,606,0,256596.04,264264.68,229866.9,210001.46,305645.19,318093.77,250208.46000000002,232902.225,252253.68999999997,14744.128946753292,0.18741497335656465,0.32548870672550057,-0.04215043255955642,1000833.8400000001,3,False,False,True,391725.0158490566,0.22403207046822557,0.47695212259026404,-0.1117861482381531,0.45372966991107805,0.41165362549399137,-0.10991957104557641,-0.029393006640265132,-0.1096351467995039,-0.09520000489951101,-0.16786469803005363,0.004869105732459113,0.05583798882228045,-0.4390925390638947,0.7836384378780028,0.7591584089676954,-0.4429843458168843,-0.20728770037880967,-0.2839708490529356,-0.22291993330747012,-0.281823002350334
2024-04-08,Home & Furniture,258088.37,258088.37,62350.38,324,796.5690432098766,0.23862054368079696,510.01682098765434,531,0,304685.98,256596.04,250106.22,208423.15,298049.27,285765.22,268913.23,244737.78999999998,252173.75583333333,24540.547768273103,-0.15293650859813102,0.03191503993783118,-0.09685170924579267,1075652.92,3,False,False,True,391725.0158490566,0.0035308736969309894,0.21754902523316139,-0.20899149453219928,0.29698133696488044,0.41646112996637763,-0.3109919571045576,0.19731326335279012,-0.012099586718935561,-0.0048210837747284414,-0.11261064683854831,-0.19703083002010063,-0.11716020259854054,-0.5183939227733672,0.48846655314530185,0.7680281443832694,-0.6125636412693978,0.0013308466454162032,-0.1943403152506424,-0.1386203771728567,-0.22466944636650393
2024-04-15,Home & Furniture,318647.59,318647.59,75756.28,374,851.9989037433156,0.2379813665686995,500.3074064171123,648,0,258088.37,304685.98,264264.68,212425.71,307419.02,325253.54,270908.7675,250945.9425,248843.68083333332,22761.522675519453,0.23464528835607745,0.20578955159652823,-0.020310155578936784,1083635.07,3,False,False,True,391725.0158490566,0.29009880036819435,0.6795352465274527,0.03402187120291616,0.3944454607500278,0.38694772869139915,0.002680965147453083,-0.022357843612431587,0.0561316249017277,0.0048210837747281595,-0.08362803586563118,0.06536251219691738,0.19094244366719507,-0.32014046349968617,0.6720006843909451,0.7135765963865213,-0.3480199403634768,-0.20081383669171296,-0.1316390818288469,-0.12962679288927664,-0.1946904811489662
2024-04-22,Home & Furniture,263920.3,263920.3,61002.96,313,843.1958466453674,0.2324603828264933,518.9595527156549,532,0,318647.59,258088.37,256596.04,231533.64,252713.0,279278.17,284504.495,264223.6775,249779.395,31883.834950678898,-0.17174863930400364,0.02854393232257202,-0.05499130132512686,1138017.98,3,False,False,True,391725.0158490566,0.03112772994098331,0.1711150316708975,-0.2624544349939247,0.37896675958741977,0.443644069582914,-0.30831099195710454,0.263131281137752,0.01917558599052674,0.070513801907939,-0.02164124863601918,-0.1717620170420654,-0.14812743848955695,-0.562009683813577,0.6428528312080376,0.8181800441061051,-0.6103025839966976,0.061897584560225684,-0.16559992126108156,-0.06835291496524132,-0.13057273344017825
2024-04-29,Home & Furniture,313086.84,313086.84,73787.07,382,819.5990575916231,0.2345924379918636,499.4610471204188,629,0,263920.3,318647.59,304685.98,229866.9,210001.46,307555.72000000003,286335.56,268272.01,250713.33666666667,29895.110083203148,0.18629313470771303,0.02757219088321694,0.017984123332188462,1145342.24,3,False,False,True,391725.0158490566,0.26378517548601743,0.611673492610526,0.07290400972053462,0.3374757591206457,0.3843750770279396,-0.04825737265415549,0.005135122632911987,0.2509264171518959,0.07936126056203369,-0.0027417055051896623,0.041268678463040324,0.14568484723182357,-0.28841991001589723,0.5647213667322608,0.7088301131118013,-0.3909800285447802,-0.1755143922975841,0.04736805358788801,-0.06010058324698836,-0.11102346830751156
2024-05-06,Home & Furniture,312037.29,312037.29,75740.94,357,874.0540336134453,0.24101651348014796,521.0145658263306,605,0,313086.84,263920.3,258088.37,250106.22,208423.15,331548.99,288435.775,278674.5025,259303.785,31845.472079703926,-0.003352264822117923,0.20903274331966215,-0.05885012649261878,1153743.1,3,False,False,True,391725.0158490566,0.25881867546442144,0.6790066084923597,-0.04860267314702309,0.43322571181097075,0.4498906281287529,-0.1126005361930295,0.23691671545387133,0.026367292153334245,0.08950921564675741,0.045822081108651845,0.03672114742938627,0.1905898903441272,-0.3875466396527377,0.745027552242834,0.8297048012597854,-0.4452454030895845,0.0377745437461809,-0.15899108586003177,-0.05063523337702152,-0.06079017251891816
2024-05-13,Home & Furniture,252520.94,252520.94,59203.58,331,762.9031419939577,0.23647043912027363,485.49540785498493,524,0,312037.29,313086.84,318647.59,264264.68,212425.71,335153.68,301923.005,286415.88625,267938.2966666667,25500.635964012195,-0.19073473558240417,-0.207522831100025,-0.24655179080832412,1207692.02,3,False,False,True,391725.0158490566,-0.022814361132503555,0.10910585907729912,-0.17496962332928312,0.23778548960265578,0.34192416377176216,-0.3297587131367292,0.23196891211555937,0.31820898647618484,0.15467768852088537,0.08196254538015788,-0.22115360711761428,-0.1894818973201941,-0.4906384384750518,0.3769951932536813,0.6305091524357357,-0.628391042178299,0.03322150009444655,0.10919752992599809,0.010149662801089365,-0.023407283780785493
2024-05-20,Home & Furniture,328207.57,328207.57,77456.47,377,870.5771087533157,0.2366964645012258,511.9659151193634,655,0,252520.94,312037.29,263920.3,256596.04,231533.64,353618.29,285391.34249999997,284947.91875,271279.56583333336,31720.215039695515,0.29972417336954305,0.24358592347765606,-0.07185917900343897,1141565.3699999999,3,False,False,True,391725.0158490566,0.3353368937191117,0.7381261918263391,0.04860267314702309,0.42711212192100706,0.42238572993210177,0.021447721179624665,-0.048603900246052566,0.05447201893766633,0.07479892919109771,0.07510937433234861,0.10678436511589226,0.23001725685799476,-0.30824525594326535,0.7335150862638639,0.7789588953458385,-0.3321925394545755,-0.2249658559551823,-0.13316418065780133,-0.06435602804232864,-0.030496050788840583
2024-05-27,Home & Furniture,369392.34,369392.34,84746.58,418,883.7137320574163,0.2344322143567777,514.2344497607655,731,0,328207.57,252520.94,313086.84,304685.98,229866.9,374156.53,301463.16000000003,293899.36,279335.7266666666,33454.08060199987,0.1254839125130478,0.17983988084583813,-0.01273314673941417,1205852.6400000001,3,False,False,True,391725.0158490566,0.5302243798745285,0.9893536641869957,0.24787363304981774,0.4502106732705513,0.42928132314129697,0.225201072386059,0.30819907300873806,0.29141110662063535,0.1524557796182566,0.11689896300557648,0.28523133733150496,0.3975630525575227,-0.14567741933884695,0.7770118355325166,0.7916811065575592,-0.16035218672936188,0.10336964996892979,0.08457155480227349,0.008077211261149604,0.012730166009245567
2024-06-03,Home & Furniture,290165.92,290165.92,67031.52,349,831.4209742120344,0.23397826791771847,533.3355014326647,560,0,369392.34,328207.57,312037.29,258088.37,250106.22,323227.08,315539.535,301987.655,290962.8466666667,48456.89752396049,-0.21447770140550293,-0.07009216750985114,-0.10228462293443985,1262158.14,3,False,False,True,391725.0158490566,0.15532273951346193,0.378867711777859,-0.08748481166464156,0.3582626190149505,0.4873421875395702,-0.23324396782841822,0.502352893687697,0.2863532070922636,0.22047092152312145,0.15465897412308544,-0.058043974597697584,-0.009575361480794816,-0.41926719313652666,0.6038649831098751,0.8988020688302331,-0.5469929803610926,0.2820329395660251,0.07992358605864965,0.07151729443161182,0.05178827781854544
2024-06-10,Home & Furniture,365558.27,365558.27,86203.37,405,902.6130123456791,0.23631928371466812,524.3722962962963,704,0,290165.92,369392.34,252520.94,318647.59,264264.68,305717.97000000003,310071.6925,305997.34875,294301.15499999997,50186.91119090646,0.2598249649717652,0.4476354713395254,0.19573694016089394,1240286.77,3,False,False,True,391725.0158490566,0.5120814531556492,1.0395567022015495,0.18469015795868773,0.48344189152978206,0.4600970155492654,0.15281501340482573,0.12886259274111203,-0.0004627793737406623,0.19405104541503607,0.1733781331767308,0.2686189298138057,0.4310438971150279,-0.197223318750004,0.8395893516130718,0.8485353518060762,-0.22140073309226674,-0.06165849831747172,-0.1836466435965022,0.04687455914195184,0.07115095769218373
2024-06-17,Home & Furniture,310516.22,310471.3094,72294.42,361,860.155734072022,0.2358142521537419,514.4056509695291,615,0,365558.27,290165.92,328207.57,263920.3,256596.04,324714.36,338331.025,311861.18375,302742.28750000003,37096.67478636887,-0.15056983938566082,-0.05390293100186583,-0.043725014194013534,1353324.1,3,False,False,True,391725.0158490566,0.25162092958490284,0.560234668420063,-0.02916160388821385,0.4087878803989441,0.42980171805659195,-0.08579088471849866,0.4842782670902781,0.36427960563033773,0.3305963214626171,0.20075330616327958,0.030130596212807833,0.11137984607945388,-0.3716863629108432,0.69900881238712,0.7926412232328091,-0.4226348303625827,0.26540039411911504,0.15153423444666603,0.17423507661479232,0.09946722497240602
2024-06-24,Home & Furniture,316435.48,316435.48,72537.55,359,881.4358774373259,0.231814109779833,519.0061002785516,619,0,310516.22,365558.27,369392.34,313086.84,304685.98,294990.61,333908.1875,317685.67374999996,307235.6358333333,39671.24445767666,0.019062643490894038,-0.1433620957056122,0.07269678855201533,1335632.75,3,False,False,True,391725.0158490566,0.2796310338370405,0.5686132711235953,-0.038882138517618466,0.4462054475218209,0.44378555874193176,-0.07506702412868632,0.22479826257641794,0.5627536457037883,0.3092257683063776,0.22794479796146647,0.05577779600916432,0.11696760940654044,-0.3796165012817905,0.7694696179483687,0.8184410883572064,-0.413590601271782,0.026622959665364272,0.3339224233593701,0.1543020200679582,0.12759349653546662
2024-07-01,Home & Furniture,292513.64,292513.64,68845.34,363,805.822699724518,0.23558071668213348,490.01264462809917,622,0,316435.48,310516.22,290165.92,312037.29,258088.37,329906.12,320668.9725,318104.25375000003,308214.7608333333,31971.26878899557,-0.07559784383217705,0.00809095706346219,-0.11334278976091738,1282675.89,3,False,False,True,391725.0158490566,0.16643221636611402,0.44137450713721627,-0.019441069258809233,0.3132523417144623,0.3556550659358837,-0.06702412868632708,0.25270292113326154,0.18095261444985572,0.24525567039878274,0.22989892864705222,-0.04787168213108812,0.03211096631888399,-0.363756224539896,0.5191063886584316,0.6558423517936217,-0.4068074294536814,0.05230124956671624,-0.016934538032844525,0.09463488980809827,0.12961480565452566
2024-07-08,Home & Furniture,289843.65,289843.65,66416.02,354,818.767372881356,0.23280268634106419,492.61124293785315,589,0,292513.64,316435.48,365558.27,252520.94,318647.59,269282.95,321255.90249999997,315663.7975,311083.5333333333,31237.769195867175,-0.00912774529078364,-0.2071205228102212,0.07635351588357153,1285023.6099999999,3,False,False,True,391725.0158490566,0.15379774883940212,0.3576567136944303,-0.06318347509113001,0.3360133808867551,0.36355394326891416,-0.1554959785522788,0.13993024731061454,0.5442768310263136,0.2480916368488256,0.21850571720610013,-0.059440318579609304,-0.02372116137312284,-0.39944184720915854,0.5619675706862274,0.670415599187665,-0.48142231945278735,-0.051473874772095654,0.31694311077696324,0.09728009413202676,0.11782992230417727
2024-07-15,Home & Furniture,294407.99,294407.99,70251.83,333,884.108078078078,0.2412440247282463,510.88567567567566,578,0,289843.65,292513.64,310516.22,328207.57,263920.3,302015.18,302327.2475,320329.13625,308683.205,13143.42159390495,0.015747593573293583,-0.05187564759096963,-0.025188104783342324,1209308.99,3,False,False,True,391725.0158490566,0.17539633366963447,0.48984413621010287,-0.1652490886998785,0.45090406468453054,0.419102160161444,-0.18498659517426275,0.12734334298470448,0.27902299963609656,0.15663093365690064,0.24028573920912355,-0.03966376882195366,0.06443578531248353,-0.48270830010410454,0.7783175569183509,0.7729007844794632,-0.5062939494524893,-0.06305653497855902,0.07318747456623514,0.011971522322524056,0.14035869042227364
2024-07-22,Home & Furniture,291788.33,291788.33,67966.52,337,865.8407418397627,0.23676788776013058,530.6316913946588,571,0,294407.99,289843.65,316435.48,369392.34,313086.84,243917.84,298300.19,316104.18875,311223.8458333333,12234.312320923515,-0.00889806013756611,-0.07788996986052243,0.19625661657220328,1193200.76,3,False,False,True,391725.0158490566,0.16300002911380243,0.41108913047486273,-0.14580801944106925,0.41878401416984434,0.47912350143411847,-0.2037533512064343,0.14886061866398573,0.3075485795153863,0.13717273598018692,0.2205616731889189,-0.05101433349026059,0.011913384090816397,-0.4668480233622101,0.717832474430209,0.8836387815909335,-0.5221213503613906,-0.04325601164822115,0.09940112371623439,-0.00617781390446865,0.11995655723556103
2024-07-29,Home & Furniture,287224.73,287224.73,68852.2,354,811.3692937853107,0.23694678307043038,503.8000847457627,575,0,291788.33,294407.99,292513.64,290165.92,312037.29,305123.52,292138.4025,306403.6875,309448.97000000003,1886.8201108896944,-0.015640104592257065,-0.018080900432540625,-0.05866080071441249,1168553.61,3,False,False,True,391725.0158490566,0.14140494598431388,0.4416109124123622,-0.06318347509113001,0.3230050981696394,0.3975643128622537,-0.19302949061662197,0.1365109807303555,0.19226654125729561,0.10739981140265026,0.17527511588043712,-0.07078767694715439,0.03226862706179444,-0.39944184720915854,0.5374717482772912,0.7331639505228575,-0.5130771212705899,-0.054620335723016805,-0.0065375782131310975,-0.03394805386175273,0.07311315421567241
2024-08-05,Home & Furniture,254191.68,254191.68,60222.92,305,833.4153442622951,0.23499672547472247,512.0699016393443,515,0,287224.73,291788.33,289843.65,365558.27,252520.94,323371.52,290816.175,306036.03875,307381.25666666665,3038.119067306684,-0.11500768057123767,-0.12300414378579638,-0.21393300189206532,1163264.7,3,False,False,True,391725.0158490566,-0.014908372617348576,0.14423375312500358,-0.30133657351154314,0.3617693846387741,0.42270181447757943,-0.353887399463807,0.11499719356945834,0.17939955906325375,0.10101098679098586,0.17355875651330993,-0.21391455990769878,-0.16605479795017689,-0.5937302372973658,0.6104685532981153,0.7795420640778579,-0.6487405576326006,-0.07441764886584387,-0.01836172195643788,-0.039907132287148116,0.07133779043578443
2024-08-12,Home & Furniture,310624.4,310624.4,70713.97,350,887.4982857142858,0.22986951215377044,529.353257142857,594,0,254191.68,287224.73,294407.99,310516.22,328207.57,279804.75,281903.1825,292115.21499999997,307520.48500000004,18711.249649257916,0.222008525220023,0.05508141949544254,0.1101469864253557,1127612.73,3,False,False,True,391725.0158490566,0.2521328403774677,0.5057701323990155,-0.08262454434993925,0.45686517686364864,0.47523748515548764,-0.14209115281501342,-0.04072767429259545,0.20139562702888392,0.05794461141490372,0.10856972488613989,0.030599322721521955,0.07505697127875562,-0.41530212395105304,0.789542892996517,0.8764691707439654,-0.4701170330892865,-0.21771803341152238,0.0018516167651770642,-0.08007663512418592,0.004114588202797646
2024-08-19,Home & Furniture,281206.03,281206.03,66517.68,336,836.9227083333334,0.23838274155884462,500.01053571428577,573,0,310624.4,254191.68,291788.33,316435.48,369392.34,271620.58,285957.28500000003,292128.7375,306055.2208333333,23474.296056600535,-0.09470720909239583,-0.036267043304987534,0.03528985174834687,1143829.1400000001,3,False,False,True,391725.0158490566,0.11292428886461651,0.3611600606727587,-0.15066828675577157,0.3679364967817504,0.38604534017810127,-0.19839142091152814,0.22530824625050572,0.18877119076715876,0.07753348687711406,0.10863285435289861,-0.09686573424052033,-0.021384748672791547,-0.4708130925476837,0.6220818067240709,0.7119117102900071,-0.5175992358159902,0.027092254374758616,-0.009749638819522075,-0.0618054111917756,0.004179887912679898
2024-08-26,Home & Furniture,271879.78,271879.78,61038.78,325,836.5531692307693,0.2281293283761338,505.3912,538,0,281206.03,310624.4,287224.73,292513.64,290165.92,304319.6,283311.70999999996,287725.05625,298706.36166666663,23192.705721262817,-0.03316518497131804,-0.053424891373385464,-0.10659786619067568,1133246.8399999999,3,False,False,True,391725.0158490566,0.06879221242575438,0.17234943939039127,-0.20413122721749696,0.3672867241774331,0.402400775723312,-0.29222520107238603,0.0866237535691757,0.1667786889447811,0.06475042596512724,0.08807437410978637,-0.13727487273093456,-0.1473042011993162,-0.5144288535878935,0.6208582236679764,0.7420871135009137,-0.5967362403604966,-0.10052731855922879,-0.029959700425354095,-0.07372861571237843,-0.017085344702477582
2024-09-02,Home & Furniture,323347.19,323347.19,75530.32,388,833.3690463917526,0.23319837985926026,507.50536082474224,658,0,271879.78,281206.03,254191.68,289843.65,365558.27,337742.73,279475.47250000003,285145.82375,297182.51666666666,23595.304768803486,0.1893020878566254,0.27206047813996115,-0.042622797535863954,1117901.8900000001,3,False,False,True,391725.0158490566,0.3123374393101137,0.6717483462399931,0.10206561360874848,0.3616879775895389,0.4088271237103228,0.029490616621983913,0.04265781494411748,0.0075887046508712214,0.046214244743522946,0.07603328907584021,0.08572512173982581,0.18574929184969657,-0.26462949490305554,0.6103152561516537,0.7539435780472482,-0.325409367636475,-0.14098544190445833,-0.17624771329425673,-0.09101795519513893,-0.029540374021658097
2024-09-09,Home & Furniture,298419.12,298360.9694,70540.63,358,833.5729608938548,0.23751448374816622,520.7799162011173,571,0,323347.19,271879.78,310624.4,294407.99,310516.22,286156.16,296764.35000000003,289333.76625,293664.9266666667,24221.55729768358,-0.07709381980403174,-0.039292727808890815,0.042854083588485414,1187057.4000000001,3,False,False,True,391725.0158490566,0.19437711327196266,0.49979659152528444,-0.04374240583232078,0.36204652708043084,0.4491773710628786,-0.2037533512064343,0.2852862014071339,0.27954433122675876,0.12975176463329072,0.09558459814153177,-0.02228418885432944,0.07107316469331923,-0.3835815704672641,0.6109904386368981,0.8283888583430535,-0.5221213503613906,0.08228487811049935,0.07366655346546382,-0.013099611408195358,-0.00931693676869957
2024-09-16,Home & Furniture,335485.93,335281.6194,75669.89,392,855.8314540816326,0.228032765898061,521.2049489795918,657,0,298419.12,323347.19,281206.03,291788.33,316435.48,326851.77,293713.03,289835.15750000003,292656.835,22608.601435115364,0.12421057337076791,0.19302537715851953,0.026416133527439545,1174852.12,3,False,False,True,391725.0158490566,0.3697782972703306,0.6765581252854911,0.12150668286755771,0.4011843584667412,0.4504693297958175,0.02680965147453083,0.1677699439980836,0.137773896518113,0.1150081987083169,0.09792533116057017,0.13832032621741652,0.18895697550684054,-0.24876921816116104,0.6846906639440032,0.8307724925538649,-0.32767042490917514,-0.02585536376791012,-0.056613723080060754,-0.02685144698942249,-0.0068957348339647164
2024-09-23,Home & Furniture,350707.89,350707.89,80573.65,394,890.1215482233503,0.2336923397571596,511.34571065989843,690,0,335485.93,298419.12,271879.78,287224.73,292513.64,348915.18,307283.005,295297.3575,294244.3725,28198.225806855404,0.04537287152400116,0.2899373759975823,0.005137953585166555,1229132.02,3,False,False,True,391725.0158490566,0.4418090387011633,0.8455486110070085,0.13122721749696234,0.46147774452021273,0.4205005139953701,0.11528150134048257,0.3425108198578015,0.09282964852947503,0.18057648424137995,0.12342548078741422,0.20427462614885164,0.3016582065060321,-0.24083907979021382,0.798228792636116,0.7754807152097453,-0.25305553491006927,0.1349438396626421,-0.097915346152063,0.034306368330295496,0.019481050177555616
2024-09-30,Home & Furniture,547266.34,547266.34,126355.48,633,864.5597788309636,0.23116897176131557,515.5186097946288,1071,0,350707.89,335485.93,323347.19,254191.68,289843.65,582866.65,326990.0325,303232.7525,299093.89333333337,22092.867486158077,0.5604620129875035,0.6925037758948824,-0.06107796697580836,1307960.13,3,False,False,True,391725.0158490566,1.3719291341419095,2.423255042178181,1.2928311057108142,0.4165316553139444,0.4331847438990925,1.1367292225201073,0.41427039729922677,0.3408568875990801,0.2757981781743405,0.16047168192397318,1.0559307180948276,1.35384440615604,0.7068124555379811,0.7135910704159248,0.7988828282691399,0.6084072859886991,0.20097809086072824,0.1300098722703681,0.1231229467208676,0.05780081289157115
2024-10-07,Home & Furniture,579294.67,579294.67,134388.47,676,856.9447781065089,0.2339390256530536,501.2100887573965,1164,0,547266.34,350707.89,298419.12,310624.4,294407.99,539469.31,382969.82,339867.08499999996,320545.7841666667,111710.51769560018,0.058524209619762235,0.941211642203087,0.07382321711683648,1531879.28,3,False,False,True,391725.0158490566,1.523488089538677,2.7000832070753407,1.5018226002430133,0.40314195225336213,0.3896915837342636,1.386058981233244,1.3408890005895713,0.22072571376628272,0.5462849470062803,0.33149818410799475,1.1947043111881601,1.5384635273210638,0.8773104305133467,0.6883769975507297,0.7186389459669921,0.8186856123498157,1.0536665792292719,0.019615045726742598,0.3754153426583741,0.2347068054207827
2024-10-14,Home & Furniture,576760.38,576760.38,134494.82,662,871.239244712991,0.23411624605233872,519.2272356495469,1123,0,579294.67,547266.34,335485.93,281206.03,291788.33,600994.67,453188.7075,373450.86875,344286.3408333333,127944.74914527102,-0.004374785633708744,0.7191790427693943,-0.04032363548249107,1812754.83,3,False,False,True,391725.0158490566,1.5114957582159863,2.7037481780683104,1.433778857837181,0.4282763770808673,0.4444577369554439,1.2761394101876675,1.4918774033284121,0.3993548413135526,0.885573122954581,0.48828327265484084,1.1837236409739933,1.5409077284884873,0.821799461916716,0.7357074884628951,0.8196812417341217,0.7259822641691084,1.1926083967531125,0.18376670530068961,0.6918811986147088,0.3968817978866663
2024-10-21,Home & Furniture,571225.91,571070.1594,133971.91,664,860.2799849397591,0.23732875843773993,514.175813253012,1123,0,576760.38,579294.67,350707.89,271879.78,287224.73,557184.58,513507.32,410395.16250000003,368034.01166666666,109502.28438876088,-0.009595787422152613,0.628779751718731,0.02520049998512186,2054029.28,3,False,False,True,391725.0158490566,1.4853064910305058,2.685727961971144,1.4434993924665858,0.40900635473456376,0.4291030875978336,1.2761394101876675,1.4799302178467768,0.47271117908201565,1.177024507895098,0.6607568214965324,1.159743674245561,1.5288898889731384,0.8297296002876633,0.6994202201526668,0.791352266070514,0.7259822641691084,1.1816144155267265,0.2511776855271575,0.9637280195275431,0.5752845831464907
2024-10-28,Home & Furniture,733585.37,733585.37,169878.58,849,864.0581507656066,0.2344511138416095,519.5510129564193,1441,0,571225.91,576760.38,547266.34,323347.19,254191.68,790711.32,568636.8250000001,447813.42874999996,391700.7766666667,14639.931650049642,0.2842298592513073,0.34045402828904114,-0.07224627819922946,2274547.3000000003,3,False,False,True,391725.0158490566,2.2535960071052816,3.9231224519017776,2.342648845686513,0.41564962639693914,0.4454419126245362,2.128686327077748,1.4538395417076828,1.4199484632061057,1.4434028265829688,0.8354430995808382,1.8632210530815205,2.3541190825066196,1.5632673996002828,0.7119301268324894,0.8214970232559976,1.4449984768877655,1.1576053797502384,1.1216436298796033,1.212188321440957,0.7559761660947686
2024-11-04,Home & Furniture,901626.64,901626.64,213697.57,1106,815.2139602169982,0.23617025245378243,510.25143761301985,1829,0,733585.37,571225.91,579294.67,298419.12,310624.4,898371.09,615216.5825,499093.20125,431650.2508333334,78984.41287072827,0.22906845865805647,0.5564214322910996,0.0036238365595668842,2460866.33,3,False,False,True,391725.0158490566,3.048772007375859,5.433186648340088,3.5917375455650062,0.32976530000677984,0.4171742867236554,3.168900804289544,2.2192367864263636,1.5742965887851903,1.668469920650632,1.074841486966971,2.5913167991246877,3.3611940849825306,2.5822901802670026,0.5502018454970626,0.7693439022329428,2.322288698695435,1.861935529482967,1.2634822052218582,1.422116210535981,1.0036045090101113
2024-11-11,Home & Furniture,978158.46,978158.46,227445.93,1116,876.4860752688172,0.23452818345267581,526.1914605734768,1920,0,901626.64,733585.37,576760.38,335485.93,281206.03,926817.98,695799.5750000001,574494.14125,480900.4375,156505.03181269334,0.08488194182017517,0.6959529362956587,0.05539435046350749,2783198.3000000003,3,False,False,True,391725.0158490566,3.410922725000331,5.906974524230075,3.640340218712029,0.43750204963085043,0.4656266718336335,3.4128686327077746,3.011419299579757,1.5620835601579148,2.057836051490865,1.426848966005583,2.9229168434408335,3.6771673577813715,2.6219408721217388,0.7530802994097265,0.858737440740809,2.5280449105111513,2.590913889354193,1.252259013656637,1.7852915128652214,1.3677131802500075
2024-11-18,Home & Furniture,913508.39,913508.39,211614.77,1091,837.3129147571036,0.23540530611024416,515.554390467461,1818,0,978158.46,901626.64,571225.91,350707.89,271879.78,929505.5,796149.095,654828.2075,538979.8066666666,181436.47215425945,-0.06609365725876348,0.5992068532045403,-0.017210344640241515,3184596.38,3,False,False,True,391725.0158490566,3.104996781451983,5.3614104228191035,3.5188335358444713,0.36862260940808755,0.43329350528192484,3.1394101876675604,3.3722066793930803,1.5354123265789656,2.542711372224015,1.8018866265650317,2.642798507341654,3.3133258932429017,2.5228141424848984,0.6233738214667371,0.7990834905243069,2.297417068695733,2.9229159066060255,1.2277494204285653,2.2375515510437993,1.755643756680292
2024-11-25,Home & Furniture,931077.04,930973.2894,215397.66,1099,847.2038580527753,0.23439615903412225,510.46039126478615,1822,0,913508.39,978158.46,733585.37,547266.34,323347.19,853818.29,881719.7150000001,725178.2699999999,592448.8575,104324.8471952956,0.019232062006568018,0.2692142974443452,0.09048617358618549,3526878.8600000003,3,False,False,True,391725.0158490566,3.1881321257465935,5.491774147497937,3.55771567436209,0.3860141761997749,0.4178094365493886,3.1501340482573728,3.06743241216609,2.317840830376456,2.9561770451822373,2.1303142051977884,2.7189206369156644,3.4002665999117707,2.5545346959686874,0.6561237809200159,0.7705157390842365,2.3064612977865337,2.642458004840823,1.9467639459982018,2.623205332628053,2.0953619057977777
2024-12-02,Home & Furniture,680022.94,680022.94,160548.24,797,853.2282810539523,0.23545791449301678,513.033626097867,1329,0,931077.04,913508.39,901626.64,579294.67,298419.12,673567.38,931092.6325000001,773154.6074999999,643093.0116666666,33628.57247289728,-0.26963837492974807,-0.2457821122055578,0.009584133958506103,3724370.5300000003,3,False,False,True,391725.0158490566,2.0001370868521033,3.601585776259637,2.0899149453219925,0.39660711479767347,0.4256312173222357,1.8284182305630028,3.1502547885365635,3.1276506157892072,3.1947403109392023,2.3542905855569805,1.6311436745260324,2.139683465012901,1.3570838019556546,0.6760712827022053,0.7849467450941677,1.1917600623453453,2.7186724113503167,2.690940565119559,2.8457215694126217,2.327038069226003
2024-12-09,Home & Furniture,698862.46,698862.46,158662.52,817,855.4008078335373,0.23135309764520948,505.9414932680539,1390,0,680022.94,931077.04,978158.46,576760.38,335485.93,673706.92,875691.7075,785745.64125,674893.33,133270.82510725633,0.027704241859840772,-0.2855324688394557,0.037338996013281056,3502766.83,3,False,False,True,391725.0158490566,2.089286223612481,3.5366012054945952,2.187120291616039,0.4004271391840651,0.40407348481622346,1.9919571045576407,1.9667320272799778,3.4964660664903784,2.9270505274874403,2.4130715244793284,1.7127722790319089,2.0963446871526883,1.4363851856651269,0.6832647486655283,0.7451732233873566,1.3296845559800563,1.629576821576764,3.029864396526001,2.5960380188024286,2.3878397590756153
2024-12-16,Home & Furniture,690079.82,690079.82,160306.67,807,855.1174969021065,0.23286480859969422,512.3458488228005,1347,0,698862.46,680022.94,913508.39,571225.91,350707.89,688261.62,805867.7075,801008.40125,705174.7075,134846.73024564673,-0.0125670507470097,-0.2445829424730298,0.0026417280103456786,3223470.83,3,False,False,True,391725.0158490566,2.0477265249324104,3.5932609333562846,2.138517618469016,0.39992898437319374,0.4235406024288893,1.876675603217158,2.055545556838542,3.184910105781326,2.589670394579266,2.4843253532879794,1.6747185150783956,2.134131554566127,1.3967344938103907,0.6823266762047256,0.7810896085971866,1.2324590932539485,1.7113043780892874,2.7435593089807853,2.2813518608040537,2.461543127535656
2024-12-23,Home & Furniture,653007.79,653007.79,150661.73,775,842.5906967741936,0.23366089639642332,500.25846451612904,1344,0,690079.82,698862.46,931077.04,733585.37,547266.34,639117.21,750010.5650000001,815865.1399999999,733455.7016666667,120956.13373369737,-0.05372136516033743,-0.29865332088953667,0.021734010260809677,3000042.2600000002,3,False,False,True,391725.0158490566,1.8723006397477127,3.260882698011387,1.982989064398542,0.37790270491751726,0.3867989615384071,1.8686327077747988,2.0141423121039503,3.26957540667135,2.3197762298147033,2.5536836816340545,1.5140913825877604,1.9124656062094896,1.269852279875235,0.6408491159756622,0.7133021244035731,1.2256759214358481,1.673204484518265,2.82136268763608,2.0296122072452096,2.533285832669315
2024-12-30,Home & Furniture,187663.65,187663.65,45041.23,201,933.65,0.23311040036548908,529.7457711442786,363,0,653007.79,690079.82,680022.94,901626.64,579294.67,288717.83,680493.2525,805792.9424999999,742267.4891666666,19874.622875219287,-0.7126165217722747,-0.7240333539336188,-0.3500101812208828,2721973.01,3,False,False,True,391725.0158490566,-0.32972087552976387,-0.3789486960922311,-0.8068043742405833,0.5380152348062628,0.4764305975873276,-0.7613941018766756,1.8393768280469809,2.059717454229123,1.9838779694648363,2.506661869301821,-0.5021697940869705,-0.5149697431449086,-1.0060974325866223,0.9423561006324225,0.8786704357978488,-0.9924212630830279,1.512382636251486,1.7095608585106794,1.7163082432070935,2.4846475206245215
